﻿"©Blast Motion. All rights reserved."
"NOTE: Access to and use of this data is subject to the Blast Motion terms of use and end user license agreement, which can be found at https://blastmotion.com/terms-of-service/"
Email:,astolte1@live.maryville.edu
Academy:,"Maryville University Baseball"
Sport:,Baseball
"Report Date:","Sep 11, 2023 07:51:47 pm"
"Date Range:","Aug 28, 2023 - Sep 11, 2023"

Date,Equipment,Handedness,"Swing Details","Plane Score","Connection Score","Rotation Score","Bat Speed (mph)","Rotational Acceleration (g)","On Plane Efficiency (%)","Attack Angle (deg)","Early Connection (deg)","Connection at Impact (deg)","Vertical Bat Angle (deg)","Power (kW)","Time to Contact (sec)","Peak Hand Speed (mph)","Exit Velocity (mph)","Launch Angle (deg)","Estimated Distance (feet)"
"Sep 11, 2023 11:41:26 am","5150 BBCOR -3",Right,"General Practice",55,69,38,62,7.9,71,0,94,84,-40,2.95,0.17,18.4,,,
"Sep 11, 2023 11:41:19 am","5150 BBCOR -3",Right,"General Practice",59,69,37,62.1,7.7,75,1,94,84,-37,2.93,0.17,18,,,
"Sep 11, 2023 11:41:13 am","5150 BBCOR -3",Right,"General Practice",53,69,34,64.3,6.2,70,8,94,84,-33,2.99,0.18,18.5,,,
"Sep 11, 2023 11:41:07 am","5150 BBCOR -3",Right,"General Practice",61,66,38,64.3,7.7,78,0,92,81,-32,3.37,0.16,18.6,,,
"Sep 11, 2023 11:40:54 am","5150 BBCOR -3",Right,"General Practice",54,63,35,64.6,6.7,71,8,94,81,-34,2.95,0.18,18,,,
"Sep 11, 2023 11:40:48 am","5150 BBCOR -3",Right,"General Practice",61,71,35,63.4,6.6,78,-5,92,83,-37,3.13,0.16,17.7,,,
"Sep 11, 2023 11:40:42 am","5150 BBCOR -3",Right,"General Practice",61,54,36,60.8,7.1,78,-10,85,74,-32,2.95,0.16,18,,,
"Sep 08, 2023 01:58:58 pm","5150 BBCOR -3",Right,"General Practice",53,66,47,63.9,11.7,69,11,89,81,-32,3.13,0.17,19.8,,,
"Sep 08, 2023 01:58:42 pm","5150 BBCOR -3",Right,"General Practice",53,63,44,61.1,10.6,70,8,96,82,-19,2.98,0.16,17.5,,,
"Sep 08, 2023 01:58:35 pm","5150 BBCOR -3",Right,"General Practice",58,68,47,64,11.8,75,7,97,87,-27,3.39,0.15,18.8,,,
"Sep 08, 2023 01:58:28 pm","5150 BBCOR -3",Right,"General Practice",52,69,37,63.6,7.4,69,14,93,83,-30,3,0.17,18.8,,,
"Sep 08, 2023 01:58:21 pm","5150 BBCOR -3",Right,"General Practice",57,70,46,66.9,11.1,74,5,90,83,-36,3.56,0.16,19.5,,,
"Sep 08, 2023 01:57:02 pm","5150 BBCOR -3",Right,"General Practice",47,68,38,64,7.9,64,8,93,82,-29,3.07,0.17,19,,,
"Sep 08, 2023 01:56:57 pm","5150 BBCOR -3",Right,"General Practice",47,67,40,65,9,64,10,94,83,-29,3.21,0.17,19,,,
"Sep 08, 2023 01:56:52 pm","5150 BBCOR -3",Right,"General Practice",52,64,44,63.2,10.3,68,5,85,82,-32,3.22,0.16,18.8,,,
"Sep 08, 2023 01:56:15 pm","5150 BBCOR -3",Right,"General Practice",40,56,34,66,6.2,56,12,104,86,-28,3.23,0.17,18.3,,,
"Sep 08, 2023 01:56:08 pm","5150 BBCOR -3",Right,"General Practice",53,74,46,64.4,11.2,70,11,92,84,-25,3.27,0.16,19.1,,,
"Sep 08, 2023 01:55:46 pm","5150 BBCOR -3",Right,"General Practice",45,61,38,64.3,8.1,61,17,88,78,-34,2.89,0.18,20.1,,,
"Sep 08, 2023 01:55:39 pm","5150 BBCOR -3",Right,"General Practice",53,71,46,63.7,11.2,70,5,97,88,-29,3.36,0.15,18.3,,,
"Sep 08, 2023 01:52:23 pm","5150 BBCOR -3",Right,"General Practice",47,58,41,61.4,9.2,64,15,102,85,-27,3.04,0.16,16.5,,,
"Sep 08, 2023 01:52:17 pm","5150 BBCOR -3",Right,"General Practice",47,52,36,64.3,7.2,64,23,99,76,-23,2.92,0.18,17.1,,,
"Sep 08, 2023 01:52:12 pm","5150 BBCOR -3",Right,"General Practice",50,65,47,64.1,11.7,67,15,97,84,-27,3.36,0.16,18,,,
"Sep 08, 2023 01:52:06 pm","5150 BBCOR -3",Right,"General Practice",48,64,44,65.3,10.6,65,19,99,86,-20,3.4,0.16,17.8,,,
"Sep 08, 2023 01:51:51 pm","5150 BBCOR -3",Right,"General Practice",52,69,48,66.5,12.2,69,15,93,83,-31,3.48,0.16,18.3,,,
"Sep 08, 2023 01:50:12 pm","5150 BBCOR -3",Right,"General Practice",49,69,50,63.5,13,66,5,91,82,-33,3.52,0.15,19.3,,,
"Sep 08, 2023 01:50:05 pm","5150 BBCOR -3",Right,"General Practice",49,68,37,61.7,7.5,65,5,98,90,-26,2.82,0.17,18.5,,,
"Sep 08, 2023 01:49:57 pm","5150 BBCOR -3",Right,"General Practice",48,61,42,67,9.5,64,11,98,84,-27,3.54,0.16,19,,,
"Sep 08, 2023 01:49:51 pm","5150 BBCOR -3",Right,"General Practice",53,67,44,66.1,10.4,70,5,94,83,-29,3.52,0.16,18.8,,,
"Sep 08, 2023 01:49:42 pm","5150 BBCOR -3",Right,"General Practice",60,76,40,62.1,8.7,77,7,87,86,-30,2.92,0.17,18.9,,,
"Sep 08, 2023 01:49:36 pm","5150 BBCOR -3",Right,"General Practice",59,72,49,64.7,12.7,75,6,91,84,-31,3.37,0.16,18.5,,,
"Sep 08, 2023 01:47:02 pm","5150 BBCOR -3",Right,"General Practice",55,68,40,63.3,8.8,71,6,93,83,-24,3.2,0.16,18.3,,,
"Sep 08, 2023 01:46:56 pm","5150 BBCOR -3",Right,"General Practice",46,66,39,64.4,8.6,63,9,94,83,-34,3.35,0.16,19.1,,,
"Sep 08, 2023 01:46:50 pm","5150 BBCOR -3",Right,"General Practice",36,56,35,65.1,6.6,53,18,96,77,-26,2.97,0.18,18.5,,,
"Sep 08, 2023 01:46:41 pm","5150 BBCOR -3",Right,"General Practice",54,75,40,62,8.9,71,8,93,85,-21,3.03,0.16,17.7,,,
"Sep 08, 2023 01:44:05 pm","5150 BBCOR -3",Right,"General Practice",48,71,43,62.4,10.1,64,9,90,83,-34,2.95,0.17,18.9,,,
"Sep 08, 2023 01:43:59 pm","5150 BBCOR -3",Right,"General Practice",44,65,40,66.5,8.7,61,11,96,84,-32,3.44,0.16,19,,,
"Sep 08, 2023 01:43:51 pm","5150 BBCOR -3",Right,"General Practice",43,65,44,63.6,10.4,60,17,88,80,-28,2.9,0.18,18.4,,,
"Sep 08, 2023 01:43:38 pm","5150 BBCOR -3",Right,"General Practice",48,68,35,68.8,6.5,65,13,94,83,-33,3.51,0.17,19.8,,,
"Sep 08, 2023 01:43:31 pm","5150 BBCOR -3",Right,"General Practice",65,59,49,60.3,12.4,81,-1,85,79,-26,3.22,0.14,18,,,
"Sep 08, 2023 01:41:20 pm","5150 BBCOR -3",Right,"General Practice",47,70,47,63.6,11.6,63,14,90,83,-34,3.03,0.17,19.6,,,
"Sep 08, 2023 01:41:12 pm","5150 BBCOR -3",Right,"General Practice",48,66,47,64.3,11.8,64,13,96,85,-28,3.18,0.17,18,,,
"Sep 08, 2023 01:41:01 pm","5150 BBCOR -3",Right,"General Practice",49,63,48,61.7,12.1,65,6,91,79,-25,3.11,0.16,16.5,,,
"Sep 08, 2023 01:40:54 pm","5150 BBCOR -3",Right,"General Practice",49,66,46,63.8,11.4,66,8,90,81,-28,3.28,0.16,18,,,
"Sep 08, 2023 01:40:47 pm","5150 BBCOR -3",Right,"General Practice",56,72,47,63.7,11.7,73,10,90,84,-28,3.16,0.16,18.3,,,
"Sep 08, 2023 01:40:41 pm","5150 BBCOR -3",Right,"General Practice",58,72,42,65.3,9.7,75,4,87,84,-33,3.49,0.16,19,,,
"Sep 08, 2023 01:39:15 pm","5150 BBCOR -3",Right,"General Practice",49,63,43,64.8,10,66,9,97,83,-25,3.3,0.16,19.4,,,
"Sep 08, 2023 01:39:10 pm","5150 BBCOR -3",Right,"General Practice",51,59,40,64.6,8.9,67,15,101,85,-24,3.17,0.17,18.6,,,
"Sep 08, 2023 01:39:06 pm","5150 BBCOR -3",Right,"General Practice",56,71,47,64.9,11.7,72,6,97,88,-27,3.44,0.16,18.6,,,
"Sep 08, 2023 01:38:51 pm","5150 BBCOR -3",Right,"General Practice",46,71,42,59.7,9.4,63,9,91,83,-25,2.59,0.18,18.3,,,
"Sep 08, 2023 01:38:46 pm","5150 BBCOR -3",Right,"General Practice",48,69,49,65.5,12.3,64,9,96,86,-30,3.42,0.16,19.1,,,
"Sep 08, 2023 01:38:41 pm","5150 BBCOR -3",Right,"General Practice",34,58,31,55.6,4.9,51,6,86,77,-37,2.05,0.19,19,,,
"Sep 08, 2023 01:35:35 pm","5150 BBCOR -3",Right,"General Practice",40,62,35,65.1,6.8,56,19,95,81,-34,2.97,0.18,19.9,,,
"Sep 08, 2023 01:35:29 pm","5150 BBCOR -3",Right,"General Practice",62,71,44,63,10.6,79,-5,94,85,-32,3.51,0.14,18.2,,,
"Sep 08, 2023 01:35:22 pm","5150 BBCOR -3",Right,"General Practice",59,66,38,66.5,8.1,76,2,89,81,-39,3.53,0.16,20.2,,,
"Sep 08, 2023 01:35:15 pm","5150 BBCOR -3",Right,"General Practice",40,65,36,66.4,7.2,56,14,91,81,-35,3.47,0.16,19.8,,,
"Sep 08, 2023 01:35:08 pm","5150 BBCOR -3",Right,"General Practice",58,67,40,60.6,8.9,74,11,86,82,-33,2.66,0.18,18.1,,,
"Sep 08, 2023 01:35:01 pm","5150 BBCOR -3",Right,"General Practice",57,62,44,63,10.4,74,4,86,80,-33,3.08,0.16,17.6,,,
"Sep 08, 2023 01:33:10 pm","5150 BBCOR -3",Right,"General Practice",47,66,43,62.9,10.1,63,9,97,85,-27,3.12,0.16,18.7,,,
"Sep 08, 2023 01:33:05 pm","5150 BBCOR -3",Right,"General Practice",39,59,38,64.8,8,56,14,103,87,-25,3.04,0.18,18.7,,,
"Sep 08, 2023 01:33:00 pm","5150 BBCOR -3",Right,"General Practice",47,63,49,63.5,12.6,63,15,101,90,-19,3.13,0.16,17.8,,,
"Sep 08, 2023 01:32:53 pm","5150 BBCOR -3",Right,"General Practice",48,57,41,57.8,9.3,65,9,84,78,-25,2.57,0.17,17.3,,,
"Sep 08, 2023 01:32:48 pm","5150 BBCOR -3",Right,"General Practice",50,72,43,63.6,10.1,67,9,97,92,-28,3.18,0.16,18.3,,,
"Sep 08, 2023 01:32:43 pm","5150 BBCOR -3",Right,"General Practice",48,70,53,59.1,14.1,65,16,95,85,-19,2.85,0.16,16.7,,,
"Sep 07, 2023 03:34:39 pm","5150 BBCOR -3",Right,"General Practice",48,58,36,65.8,7.3,65,10,104,87,-27,3.24,0.17,19.1,,,
"Sep 07, 2023 03:34:32 pm","5150 BBCOR -3",Right,"General Practice",58,69,35,65,6.8,75,2,95,85,-34,3.28,0.16,19.8,,,
"Sep 07, 2023 03:34:27 pm","5150 BBCOR -3",Right,"General Practice",44,67,34,64.2,6.2,61,9,94,83,-35,3.16,0.17,19.7,,,
"Sep 07, 2023 03:34:19 pm","5150 BBCOR -3",Right,"General Practice",41,57,38,65.6,7.8,58,12,98,81,-26,3.12,0.18,18.9,,,
"Sep 07, 2023 03:34:14 pm","5150 BBCOR -3",Right,"General Practice",42,62,33,64.6,5.9,59,9,91,78,-33,3.02,0.18,20,,,
"Sep 07, 2023 03:33:31 pm","5150 BBCOR -3",Right,"General Practice",45,56,35,66,6.8,62,3,106,90,-27,3.47,0.16,19.5,,,
"Sep 07, 2023 03:33:24 pm","5150 BBCOR -3",Right,"General Practice",48,58,40,64.4,8.7,65,9,98,81,-21,3.22,0.16,18.3,,,
"Sep 07, 2023 03:33:18 pm","5150 BBCOR -3",Right,"General Practice",51,60,41,65.7,9.1,68,4,102,86,-25,3.48,0.16,18.7,,,
"Sep 07, 2023 03:33:04 pm","5150 BBCOR -3",Right,"General Practice",50,60,38,66.1,8,67,9,100,85,-24,3.44,0.16,18,,,
"Sep 07, 2023 03:32:58 pm","5150 BBCOR -3",Right,"General Practice",52,60,42,65.5,9.6,68,4,99,84,-26,3.75,0.15,18,,,
"Sep 07, 2023 03:30:30 pm","5150 BBCOR -3",Right,"General Practice",36,62,30,66.7,4.6,53,8,101,88,-33,3.3,0.17,19.1,,,
"Sep 07, 2023 03:30:25 pm","5150 BBCOR -3",Right,"General Practice",48,63,37,62.9,7.7,65,4,96,83,-30,2.9,0.17,18.9,,,
"Sep 07, 2023 03:30:19 pm","5150 BBCOR -3",Right,"General Practice",55,65,39,67,8.5,72,2,100,88,-33,3.67,0.16,19.6,,,
"Sep 07, 2023 03:30:12 pm","5150 BBCOR -3",Right,"General Practice",44,60,42,64.7,9.6,61,13,97,82,-21,3,0.18,18.7,,,
"Sep 07, 2023 03:30:07 pm","5150 BBCOR -3",Right,"General Practice",46,60,32,65.7,5.5,62,7,97,82,-33,3.2,0.17,19.2,,,
"Sep 07, 2023 03:30:01 pm","5150 BBCOR -3",Right,"General Practice",44,54,44,65.7,10.3,61,12,101,82,-21,3.36,0.16,17.7,,,
"Sep 07, 2023 03:29:23 pm","5150 BBCOR -3",Right,"General Practice",52,67,43,61.5,9.8,69,8,93,82,-23,2.94,0.16,16.9,,,
"Sep 07, 2023 03:29:17 pm","5150 BBCOR -3",Right,"General Practice",59,63,37,59,7.4,75,-2,91,79,-30,2.88,0.15,17.8,,,
"Sep 07, 2023 03:29:10 pm","5150 BBCOR -3",Right,"General Practice",46,56,43,65.5,9.8,63,10,99,81,-18,3.21,0.17,17.9,,,
"Sep 07, 2023 03:29:04 pm","5150 BBCOR -3",Right,"General Practice",48,58,38,66,7.9,65,9,100,83,-24,3.47,0.16,17.5,,,
"Sep 07, 2023 03:28:58 pm","5150 BBCOR -3",Right,"General Practice",47,55,41,66.1,9.2,64,7,102,83,-21,3.48,0.16,17.6,,,
"Sep 07, 2023 03:27:38 pm","5150 BBCOR -3",Right,"General Practice",53,80,40,65.3,8.8,70,4,94,89,-33,3.36,0.16,19.1,,,
"Sep 07, 2023 03:27:32 pm","5150 BBCOR -3",Right,"General Practice",47,64,33,64.4,5.8,63,8,85,82,-38,3,0.18,19.5,,,
"Sep 07, 2023 03:27:27 pm","5150 BBCOR -3",Right,"General Practice",45,72,34,63.3,6.3,62,7,90,84,-38,2.97,0.17,18.6,,,
"Sep 07, 2023 03:27:22 pm","5150 BBCOR -3",Right,"General Practice",42,77,42,64.1,9.7,59,10,91,85,-35,3.08,0.17,19.5,,,
"Sep 07, 2023 03:27:16 pm","5150 BBCOR -3",Right,"General Practice",50,63,36,62.6,7.1,67,3,87,80,-35,3.13,0.16,17.5,,,
"Sep 07, 2023 03:26:34 pm","5150 BBCOR -3",Right,"General Practice",60,73,39,62.4,8.4,76,2,90,84,-29,3.14,0.16,18,,,
"Sep 07, 2023 03:26:16 pm","5150 BBCOR -3",Right,"General Practice",49,68,41,62.9,9.2,66,13,89,82,-22,3.01,0.17,18.5,,,
"Sep 07, 2023 03:26:10 pm","5150 BBCOR -3",Right,"General Practice",44,68,42,65.1,9.4,60,10,97,86,-29,3.3,0.16,18.9,,,
"Sep 07, 2023 03:26:05 pm","5150 BBCOR -3",Right,"General Practice",55,77,44,65.4,10.6,71,2,90,85,-32,3.59,0.15,19.4,,,
"Sep 07, 2023 03:24:06 pm","5150 BBCOR -3",Right,"General Practice",50,55,37,66.1,7.7,67,14,96,77,-26,3.2,0.17,19.3,,,
"Sep 07, 2023 03:24:00 pm","5150 BBCOR -3",Right,"General Practice",51,57,38,66.8,7.8,67,11,102,84,-27,3.56,0.16,19.1,,,
"Sep 07, 2023 03:23:49 pm","5150 BBCOR -3",Right,"General Practice",49,57,39,67.7,8.3,65,13,96,78,-29,3.35,0.17,19.8,,,
"Sep 07, 2023 03:23:44 pm","5150 BBCOR -3",Right,"General Practice",50,59,38,67,7.9,66,10,98,82,-29,3.41,0.17,19.6,,,
"Sep 07, 2023 03:23:39 pm","5150 BBCOR -3",Right,"General Practice",61,64,38,65.3,8.1,77,5,92,80,-29,3.53,0.15,19.1,,,
"Sep 07, 2023 03:22:04 pm","5150 BBCOR -3",Right,"General Practice",49,60,45,64,11,66,13,93,77,-30,3.53,0.15,18.5,,,
"Sep 07, 2023 03:21:58 pm","5150 BBCOR -3",Right,"General Practice",48,55,41,61.8,9,65,16,96,77,-20,2.67,0.18,17.6,,,
"Sep 07, 2023 03:20:46 pm","5150 BBCOR -3",Right,"General Practice",47,56,42,65.6,9.4,64,12,98,79,-23,3.3,0.17,18.5,,,
"Sep 07, 2023 03:20:40 pm","5150 BBCOR -3",Right,"General Practice",50,55,43,65.8,10.1,66,11,99,80,-24,3.41,0.16,18.2,,,
"Sep 07, 2023 03:20:33 pm","5150 BBCOR -3",Right,"General Practice",52,57,38,68,7.9,69,8,100,82,-29,3.42,0.17,18.9,,,
"Sep 07, 2023 03:20:28 pm","5150 BBCOR -3",Right,"General Practice",51,60,31,67.3,5.2,68,7,99,84,-29,3.35,0.17,19.7,,,
"Sep 07, 2023 03:20:23 pm","5150 BBCOR -3",Right,"General Practice",50,61,28,66.1,4,67,6,90,78,-34,3.16,0.18,18.7,,,
"Sep 07, 2023 03:20:17 pm","5150 BBCOR -3",Right,"General Practice",59,58,29,62.9,4.3,76,-2,88,76,-27,3.12,0.16,18.5,,,
"Sep 07, 2023 03:19:44 pm","5150 BBCOR -3",Right,"General Practice",47,57,40,59,8.6,64,10,100,82,-24,2.78,0.16,17.6,,,
"Sep 07, 2023 03:19:13 pm","5150 BBCOR -3",Right,"General Practice",53,57,43,63.7,9.9,70,10,97,80,-14,3.2,0.16,19.3,,,
"Sep 05, 2023 03:00:14 pm",demo,Right,"Pitching Machine",53,50,36,63.8,7,70,4,101,76,-25,3.12,0.17,18.3,,,
"Sep 05, 2023 03:00:09 pm",demo,Right,"Pitching Machine",45,52,34,66.4,6.2,62,6,97,75,-30,3.19,0.18,19.4,,,
"Sep 05, 2023 03:00:04 pm",demo,Right,"Pitching Machine",54,49,43,67.9,10.1,71,5,99,74,-24,3.68,0.16,18.8,,,
"Sep 05, 2023 02:59:53 pm",demo,Right,"Pitching Machine",55,52,39,66.9,8.3,72,8,106,84,-28,3.43,0.17,20,,,
"Sep 05, 2023 02:59:46 pm",demo,Right,"Pitching Machine",59,53,34,64.3,6.5,75,9,100,79,-31,3.1,0.17,20.7,,,
"Sep 05, 2023 02:59:41 pm",demo,Right,"Pitching Machine",56,57,37,65.8,7.5,73,6,98,81,-34,3.37,0.16,20.6,,,
"Sep 05, 2023 02:59:36 pm",demo,Right,"Pitching Machine",58,54,36,64.5,7,75,6,97,77,-30,3.27,0.16,20,,,
"Sep 05, 2023 02:50:02 pm",demo,Right,"Pitching Machine",53,58,46,64.1,11.3,70,4,92,75,-24,3.08,0.17,19,,,
"Sep 05, 2023 02:49:56 pm",demo,Right,"Pitching Machine",47,60,36,63.8,7.3,64,5,95,79,-24,3.02,0.17,19.5,,,
"Sep 05, 2023 02:49:50 pm",demo,Right,"Pitching Machine",52,66,40,64.4,8.7,68,3,89,81,-29,3.19,0.17,19.7,,,
"Sep 05, 2023 02:49:44 pm",demo,Right,"Pitching Machine",52,55,39,63.6,8.4,68,1,85,76,-29,3.22,0.16,19.6,,,
"Sep 05, 2023 02:49:39 pm",demo,Right,"Pitching Machine",55,61,38,67.1,8,72,2,89,78,-30,3.23,0.18,20.7,,,
"Sep 05, 2023 02:49:34 pm",demo,Right,"Pitching Machine",55,58,33,62.5,5.7,72,-5,87,76,-31,3.15,0.16,18.6,,,
