﻿"©Blast Motion. All rights reserved."
"NOTE: Access to and use of this data is subject to the Blast Motion terms of use and end user license agreement, which can be found at https://blastmotion.com/terms-of-service/"
Email:,abunton2@live.maryville.edu
Academy:,"Maryville University Baseball"
Sport:,Baseball
"Report Date:","Sep 11, 2023 07:51:48 pm"
"Date Range:","Aug 28, 2023 - Sep 11, 2023"

Date,Equipment,Handedness,"Swing Details","Plane Score","Connection Score","Rotation Score","Bat Speed (mph)","Rotational Acceleration (g)","On Plane Efficiency (%)","Attack Angle (deg)","Early Connection (deg)","Connection at Impact (deg)","Vertical Bat Angle (deg)","Power (kW)","Time to Contact (sec)","Peak Hand Speed (mph)","Exit Velocity (mph)","Launch Angle (deg)","Estimated Distance (feet)"
"Sep 11, 2023 02:57:35 pm",goooooooods,Right,"General Practice",50,48,42,62.9,9.7,67,23,111,96,-28,2.9,0.17,19.1,,,
"Sep 11, 2023 02:57:27 pm",goooooooods,Right,"General Practice",56,42,32,63.2,5.5,73,19,122,91,-25,2.86,0.18,18.6,,,
"Sep 11, 2023 02:57:20 pm",goooooooods,Right,"General Practice",56,44,48,66.2,12,73,24,119,90,-21,3.45,0.16,19.9,,,
"Sep 11, 2023 02:57:13 pm",goooooooods,Right,"General Practice",61,45,38,65,7.9,78,20,116,86,-27,3.03,0.18,18.9,,,
"Sep 11, 2023 02:57:06 pm",goooooooods,Right,"General Practice",56,43,40,65,8.8,73,22,121,89,-23,3.13,0.17,19,,,
"Sep 11, 2023 02:57:00 pm",goooooooods,Right,"General Practice",47,42,38,67.3,7.8,64,23,122,88,-23,3.36,0.17,18.7,,,
"Sep 11, 2023 02:51:45 pm",goooooooods,Right,"General Practice",58,57,44,62.9,10.4,75,25,104,86,-27,2.89,0.17,19.9,,,
"Sep 11, 2023 02:51:31 pm",goooooooods,Right,"General Practice",59,52,40,60.9,8.8,76,26,106,84,-18,2.54,0.19,19.3,,,
"Sep 11, 2023 02:51:06 pm",goooooooods,Right,"General Practice",57,58,44,63.2,10.5,74,26,104,89,-26,2.83,0.18,20,,,
"Sep 11, 2023 02:51:01 pm",goooooooods,Right,"General Practice",61,56,41,63.8,9,78,25,105,86,-28,2.92,0.18,20.4,,,
"Sep 11, 2023 02:50:55 pm",goooooooods,Right,"General Practice",58,61,34,63.5,6.4,75,21,102,89,-36,2.96,0.17,20.4,,,
"Sep 11, 2023 02:49:28 pm",goooooooods,Right,"General Practice",60,41,30,63.8,4.8,76,15,122,95,-32,3.09,0.17,18.6,,,
"Sep 11, 2023 02:49:22 pm",goooooooods,Right,"General Practice",56,43,36,63.6,7.1,73,16,121,91,-27,3.07,0.17,17.9,,,
"Sep 11, 2023 02:49:16 pm",goooooooods,Right,"General Practice",59,39,34,64.9,6.4,76,14,124,96,-31,3.4,0.16,19,,,
"Sep 11, 2023 02:49:09 pm",goooooooods,Right,"General Practice",64,37,30,61.8,4.7,81,0,123,100,-35,3.48,0.14,18.5,,,
"Sep 11, 2023 02:49:03 pm",goooooooods,Right,"General Practice",66,45,39,61.1,8.3,83,7,116,95,-35,3.13,0.15,18.2,,,
"Sep 11, 2023 02:48:49 pm",goooooooods,Right,"General Practice",64,55,40,60.1,8.7,81,14,107,89,-31,2.65,0.17,16.7,,,
"Sep 11, 2023 02:46:11 pm",goooooooods,Right,"General Practice",59,47,34,65.4,6.2,76,19,116,88,-28,3.13,0.17,18.9,,,
"Sep 11, 2023 02:46:06 pm",goooooooods,Right,"General Practice",58,46,34,67.1,6.4,75,17,117,90,-29,3.45,0.17,19.1,,,
"Sep 11, 2023 02:46:00 pm",goooooooods,Right,"General Practice",54,43,37,65,7.5,71,26,120,86,-18,3.13,0.17,18.6,,,
"Sep 11, 2023 02:45:31 pm",goooooooods,Right,"General Practice",61,49,34,65.8,6.3,78,15,113,88,-31,3.21,0.17,18.5,,,
"Sep 11, 2023 02:45:25 pm",goooooooods,Right,"General Practice",55,46,40,64.4,8.7,71,13,116,93,-28,3.19,0.17,18.2,,,
"Sep 11, 2023 02:45:20 pm",goooooooods,Right,"General Practice",62,51,39,62.3,8.5,79,14,111,91,-29,3.01,0.16,17.1,,,
"Sep 11, 2023 02:43:27 pm",goooooooods,Right,"General Practice",56,43,38,65.5,7.9,72,22,121,87,-27,3.25,0.17,18.5,,,
"Sep 11, 2023 02:43:21 pm",goooooooods,Right,"General Practice",56,45,33,64.8,5.9,73,18,118,87,-26,3.22,0.17,18.6,,,
"Sep 11, 2023 02:43:14 pm",goooooooods,Right,"General Practice",57,40,30,64.6,4.8,74,23,121,84,-18,2.77,0.19,19,,,
"Sep 11, 2023 02:43:06 pm",goooooooods,Right,"General Practice",59,43,33,62.7,5.9,76,23,119,86,-21,2.73,0.18,17.9,,,
"Sep 11, 2023 02:42:57 pm",goooooooods,Right,"General Practice",62,55,38,61.1,7.9,79,8,107,90,-36,2.94,0.16,17.4,,,
"Sep 08, 2023 10:31:07 am",goooooooods,Right,"General Practice",58,51,33,59.4,5.9,75,21,111,90,-29,2.47,0.18,18.7,,,
"Sep 08, 2023 10:30:52 am",goooooooods,Right,"General Practice",65,63,42,58.3,9.8,82,18,101,90,-35,2.46,0.18,18.6,,,
"Sep 08, 2023 10:30:37 am",goooooooods,Right,"General Practice",55,47,28,57.9,3.8,71,24,113,84,-23,2.22,0.19,19.1,,,
"Sep 08, 2023 10:30:25 am",goooooooods,Right,"General Practice",65,53,39,60.4,8.4,81,4,104,97,-44,2.77,0.17,20.1,,,
"Sep 08, 2023 10:29:47 am",goooooooods,Right,"General Practice",61,60,42,57,9.5,78,8,103,92,-33,2.44,0.17,18.5,,,
"Sep 08, 2023 10:29:41 am",goooooooods,Right,"General Practice",61,52,42,61.4,9.6,77,10,108,94,-38,2.83,0.17,19.2,,,
"Sep 08, 2023 10:29:32 am",goooooooods,Right,"General Practice",55,52,33,55.2,6,72,8,108,95,-42,2.23,0.17,18.7,,,
"Sep 08, 2023 10:29:17 am",goooooooods,Right,"General Practice",60,54,34,56.2,6.2,77,14,106,94,-35,2.37,0.17,18.1,,,
"Sep 08, 2023 10:29:08 am",goooooooods,Right,"General Practice",58,54,41,58.7,9.3,75,15,108,93,-31,2.56,0.17,18.6,,,
"Sep 08, 2023 10:29:03 am",goooooooods,Right,"General Practice",63,57,35,59.6,6.9,79,18,105,92,-28,2.54,0.18,17.6,,,
"Sep 08, 2023 10:26:31 am",goooooooods,Right,"General Practice",60,52,44,60.1,10.3,77,19,110,91,-35,2.61,0.18,20.1,,,
"Sep 08, 2023 10:26:25 am",goooooooods,Right,"General Practice",62,51,39,60.8,8.2,79,13,109,95,-40,2.77,0.17,20,,,
"Sep 08, 2023 10:26:18 am",goooooooods,Right,"General Practice",51,47,36,58.3,7.1,67,22,115,90,-24,2.3,0.19,18.7,,,
"Sep 08, 2023 10:26:11 am",goooooooods,Right,"General Practice",52,51,35,57.7,6.6,69,23,111,88,-25,2.16,0.2,18.9,,,
"Sep 08, 2023 10:26:05 am",goooooooods,Right,"General Practice",64,48,28,57.2,3.8,81,15,111,96,-35,2.24,0.19,17.8,,,
"Sep 08, 2023 10:25:59 am",goooooooods,Right,"General Practice",69,64,37,55.2,7.6,86,4,99,93,-38,2.31,0.17,16.7,,,
"Sep 08, 2023 10:24:40 am",goooooooods,Right,"General Practice",59,52,33,56.7,5.9,76,13,109,93,-35,2.27,0.18,18.5,,,
"Sep 08, 2023 10:24:35 am",goooooooods,Right,"General Practice",63,55,36,55.5,7.3,79,9,104,95,-35,2.11,0.19,18.5,,,
"Sep 08, 2023 10:24:29 am",goooooooods,Right,"General Practice",62,49,39,59.7,8.5,79,11,108,98,-32,2.77,0.16,17.4,,,
"Sep 08, 2023 10:24:19 am",goooooooods,Right,"General Practice",62,55,44,59.2,10.6,79,14,106,94,-35,2.63,0.17,17.8,,,
"Sep 08, 2023 10:24:10 am",goooooooods,Right,"General Practice",47,41,30,54.5,4.6,64,13,119,97,-32,2.04,0.19,16.9,,,
"Sep 08, 2023 10:24:01 am",goooooooods,Right,"General Practice",67,64,35,55.1,6.7,84,6,100,88,-31,2.08,0.19,18.4,,,
"Sep 08, 2023 10:16:21 am",goooooooods,Right,"General Practice",65,59,36,59.1,7,82,10,103,91,-42,2.5,0.18,19.2,,,
"Sep 08, 2023 10:16:16 am",goooooooods,Right,"General Practice",58,51,46,58.9,11.1,75,16,107,96,-31,2.45,0.18,18.4,,,
"Sep 08, 2023 10:16:09 am",goooooooods,Right,"General Practice",64,53,39,60.4,8.4,81,17,109,91,-32,2.65,0.18,19.4,,,
"Sep 08, 2023 10:16:05 am",goooooooods,Right,"General Practice",64,60,40,61,8.7,81,12,102,87,-43,2.63,0.18,19.5,,,
"Sep 08, 2023 10:16:00 am",goooooooods,Right,"General Practice",63,64,45,58.6,10.9,79,15,100,89,-34,2.58,0.17,18.4,,,
"Sep 08, 2023 10:15:55 am",goooooooods,Right,"General Practice",55,56,37,58.6,7.6,72,20,106,87,-23,2.43,0.18,18.1,,,
"Sep 07, 2023 10:50:10 am","Lil Red Guy",Right,"General Practice",53,47,31,59.7,5.2,69,25,114,87,-20,2.47,0.18,17.4,,,
"Sep 07, 2023 10:50:06 am","Lil Red Guy",Right,"General Practice",63,54,42,61.2,9.6,80,16,108,91,-28,2.75,0.17,18.3,,,
"Sep 07, 2023 10:50:00 am","Lil Red Guy",Right,"General Practice",68,61,40,58.3,8.7,85,9,100,94,-33,2.56,0.16,18,,,
"Sep 07, 2023 10:49:55 am","Lil Red Guy",Right,"General Practice",63,57,45,62.2,10.8,80,17,105,92,-29,2.91,0.16,19,,,
"Sep 07, 2023 10:49:45 am","Lil Red Guy",Right,"General Practice",59,52,37,60.8,7.6,75,21,110,90,-26,2.65,0.17,18.1,,,
"Sep 07, 2023 10:47:57 am","Lil Red Guy",Right,"General Practice",41,50,41,60,9.3,58,18,112,92,-34,2.58,0.17,20.2,,,
"Sep 07, 2023 10:47:45 am","Lil Red Guy",Right,"General Practice",60,49,39,62.5,8.5,76,11,110,96,-33,2.9,0.17,20.1,,,
"Sep 07, 2023 10:47:39 am","Lil Red Guy",Right,"General Practice",64,46,43,67.7,10.2,81,18,113,96,-35,3.58,0.16,19.1,,,
"Sep 07, 2023 10:47:33 am","Lil Red Guy",Right,"General Practice",65,57,39,61,8.2,82,12,105,92,-37,2.83,0.16,19.1,,,
"Sep 07, 2023 10:45:07 am","Lil Red Guy",Right,"General Practice",66,54,43,61.9,9.8,82,11,106,95,-38,2.92,0.16,19,,,
"Sep 07, 2023 10:45:02 am","Lil Red Guy",Right,"General Practice",66,64,46,64.4,11.3,83,13,100,93,-36,3.28,0.16,18.6,,,
"Sep 07, 2023 10:44:57 am","Lil Red Guy",Right,"General Practice",69,54,40,61.6,8.8,86,8,104,96,-41,2.85,0.16,19.6,,,
"Sep 07, 2023 10:44:50 am","Lil Red Guy",Right,"General Practice",64,54,34,57.1,6.3,81,12,106,95,-37,2.48,0.16,17.7,,,
"Sep 07, 2023 10:44:45 am","Lil Red Guy",Right,"General Practice",71,68,37,62.2,7.5,88,7,97,93,-45,2.9,0.16,20.2,,,
"Sep 07, 2023 10:43:23 am","Lil Red Guy",Right,"General Practice",57,53,42,64.6,9.6,74,19,109,91,-30,3.06,0.17,18.9,,,
"Sep 07, 2023 10:43:18 am","Lil Red Guy",Right,"General Practice",60,56,35,60.7,6.7,76,20,104,86,-35,2.55,0.18,19.1,,,
"Sep 07, 2023 10:43:04 am","Lil Red Guy",Right,"General Practice",60,59,40,60.7,8.6,77,15,103,90,-36,2.71,0.17,18.8,,,
"Sep 07, 2023 10:42:58 am","Lil Red Guy",Right,"General Practice",58,56,40,59.6,8.6,75,20,106,89,-26,2.46,0.18,18.1,,,
"Sep 07, 2023 10:41:17 am","Lil Red Guy",Right,"General Practice",58,48,34,52.4,6.2,74,2,109,98,-34,2.2,0.15,16.8,,,
"Sep 07, 2023 10:41:08 am","Lil Red Guy",Right,"General Practice",67,68,44,59.2,10.3,84,10,98,93,-33,2.7,0.16,17.9,,,
"Sep 07, 2023 10:41:03 am","Lil Red Guy",Right,"General Practice",65,58,47,58.3,11.6,82,10,102,95,-33,2.72,0.15,18.5,,,
"Sep 07, 2023 10:40:58 am","Lil Red Guy",Right,"General Practice",62,53,44,59.7,10.6,79,13,106,96,-32,2.75,0.16,18.9,,,
"Sep 07, 2023 10:40:44 am","Lil Red Guy",Right,"General Practice",57,58,33,58.8,6,74,18,105,89,-35,2.39,0.18,18.8,,,
"Sep 07, 2023 10:39:50 am","Lil Red Guy",Right,"General Practice",62,67,29,32,4.3,79,4,88,81,-39,0.66,0.19,16.3,,,
"Sep 07, 2023 10:39:38 am","Lil Red Guy",Right,"General Practice",58,55,40,60,8.9,75,20,107,89,-31,2.43,0.18,19,,,
"Sep 07, 2023 10:39:26 am","Lil Red Guy",Right,"General Practice",64,76,43,55.8,10.1,80,15,95,89,-37,2.28,0.17,17.3,,,
"Sep 07, 2023 10:37:49 am","Lil Red Guy",Right,"General Practice",69,75,47,57.2,11.6,85,13,95,93,-36,2.48,0.16,18.4,,,
"Sep 07, 2023 10:37:44 am","Lil Red Guy",Right,"General Practice",61,57,44,59.4,10.4,77,15,102,96,-28,2.53,0.17,18.8,,,
"Sep 07, 2023 10:37:39 am","Lil Red Guy",Right,"General Practice",58,57,36,58.6,7.2,75,19,105,93,-30,2.46,0.17,18.5,,,
"Sep 07, 2023 10:37:34 am","Lil Red Guy",Right,"General Practice",56,50,36,51,7.1,72,7,105,98,-37,1.93,0.17,17.8,,,
"Sep 07, 2023 10:37:29 am","Lil Red Guy",Right,"General Practice",67,61,41,56.1,9.2,84,6,102,91,-31,2.25,0.17,17.4,,,
"Sep 07, 2023 10:37:24 am","Lil Red Guy",Right,"General Practice",65,57,43,61,10.2,81,14,105,90,-28,2.7,0.17,19,,,
"Sep 05, 2023 03:16:52 pm",demo,Right,"General Practice",59,47,46,64.1,11.4,76,20,113,85,-26,3.15,0.17,19.7,,,
"Sep 05, 2023 03:16:47 pm",demo,Right,"General Practice",65,48,33,64.4,5.7,81,15,113,87,-32,3.04,0.17,19.5,,,
"Sep 05, 2023 03:16:43 pm",demo,Right,"General Practice",60,51,48,66.4,12,77,16,111,89,-27,3.39,0.17,20.5,,,
"Sep 05, 2023 03:16:38 pm",demo,Right,"General Practice",65,48,42,64.6,9.7,82,20,114,87,-25,3.1,0.17,20.2,,,
"Sep 05, 2023 03:16:31 pm",demo,Right,"General Practice",63,54,43,63.6,9.9,80,12,108,92,-30,3.31,0.16,19.8,,,
"Sep 05, 2023 03:16:25 pm",demo,Right,"General Practice",60,51,46,64.1,11.4,77,18,111,91,-31,3.4,0.15,19.7,,,
"Sep 05, 2023 03:11:34 pm",demo,Right,"General Practice",54,52,48,63.5,12.1,70,23,109,87,-26,2.95,0.17,19.9,,,
"Sep 05, 2023 03:11:29 pm",demo,Right,"General Practice",62,59,40,63.6,8.9,78,9,103,93,-42,3.15,0.16,20.2,,,
"Sep 05, 2023 03:11:25 pm",demo,Right,"General Practice",50,48,45,64.5,10.7,66,16,112,96,-35,3.19,0.17,20.7,,,
"Sep 05, 2023 03:11:19 pm",demo,Right,"General Practice",61,75,52,57.5,13.6,78,14,95,87,-34,2.81,0.15,19.3,,,
"Sep 05, 2023 03:11:13 pm",demo,Right,"General Practice",58,53,44,62.9,10.3,75,14,104,97,-38,3.04,0.17,20.4,,,
"Sep 05, 2023 02:59:25 pm",demo,Right,"Pitching Machine",55,55,49,64.6,12.4,71,22,107,88,-32,3.24,0.16,20.3,,,
"Sep 05, 2023 02:59:20 pm",demo,Right,"Pitching Machine",63,65,39,61.2,8.5,80,14,100,88,-30,2.59,0.18,20.2,,,
"Sep 05, 2023 02:59:16 pm",demo,Right,"Pitching Machine",64,69,43,62.6,10,81,13,97,90,-39,3.08,0.16,20.1,,,
"Sep 05, 2023 02:59:05 pm",demo,Right,"Pitching Machine",63,57,44,63.3,10.4,80,5,102,96,-39,3.19,0.16,20.1,,,
"Sep 05, 2023 02:59:01 pm",demo,Right,"Pitching Machine",63,58,42,64,9.7,80,6,102,95,-42,3.44,0.15,20.7,,,
