﻿"©Blast Motion. All rights reserved."
"NOTE: Access to and use of this data is subject to the Blast Motion terms of use and end user license agreement, which can be found at https://blastmotion.com/terms-of-service/"
Email:,bkindhart1@live.maryville.edu
Academy:,"Maryville University Baseball"
Sport:,Baseball
"Report Date:","Sep 11, 2023 07:51:45 pm"
"Date Range:","Aug 28, 2023 - Sep 11, 2023"

Date,Equipment,Handedness,"Swing Details","Plane Score","Connection Score","Rotation Score","Bat Speed (mph)","Rotational Acceleration (g)","On Plane Efficiency (%)","Attack Angle (deg)","Early Connection (deg)","Connection at Impact (deg)","Vertical Bat Angle (deg)","Power (kW)","Time to Contact (sec)","Peak Hand Speed (mph)","Exit Velocity (mph)","Launch Angle (deg)","Estimated Distance (feet)"
"Sep 11, 2023 02:59:57 pm","The Goods",Right,"General Practice",60,58,57,66.6,15.9,77,-1,99,82,-29,4.43,0.13,20.6,,,
"Sep 11, 2023 02:59:50 pm","The Goods",Right,"General Practice",60,56,55,67.4,14.7,77,-1,100,81,-29,4.28,0.14,20.5,,,
"Sep 11, 2023 02:59:43 pm","The Goods",Right,"General Practice",64,61,51,68.5,13.1,81,5,90,78,-25,4.01,0.15,20.3,,,
"Sep 11, 2023 02:59:33 pm","The Goods",Right,"General Practice",70,54,45,62.6,11,87,0,90,72,-18,3.53,0.15,18.7,,,
"Sep 11, 2023 02:59:26 pm","The Goods",Right,"General Practice",65,53,46,59.9,11.3,82,-9,94,73,-23,3.53,0.13,18.7,,,
"Sep 11, 2023 02:59:20 pm","The Goods",Right,"General Practice",72,50,53,61.6,14.1,89,-7,86,69,-25,3.84,0.13,19.3,,,
"Sep 11, 2023 02:56:49 pm","The Goods",Right,"General Practice",57,51,50,69.5,13,73,7,104,80,-25,4.13,0.15,19.9,,,
"Sep 11, 2023 02:56:42 pm","The Goods",Right,"General Practice",55,55,49,70.9,12.6,72,13,95,76,-28,4.25,0.16,20.9,,,
"Sep 11, 2023 02:56:35 pm","The Goods",Right,"General Practice",61,55,48,66.9,12.1,78,8,96,77,-26,3.69,0.16,19.1,,,
"Sep 11, 2023 02:56:29 pm","The Goods",Right,"General Practice",58,56,45,69.5,11,74,8,97,79,-33,4.08,0.16,19.8,,,
"Sep 11, 2023 02:56:20 pm","The Goods",Right,"General Practice",57,51,46,68.9,11.1,74,13,99,76,-29,3.86,0.16,19.8,,,
"Sep 11, 2023 02:56:14 pm","The Goods",Right,"General Practice",59,54,50,67.6,12.9,76,10,93,73,-28,4.13,0.15,19.9,,,
"Sep 11, 2023 02:53:18 pm","The Goods",Right,"General Practice",62,55,53,65,14.1,79,-1,98,79,-23,4.09,0.14,19.9,,,
"Sep 11, 2023 02:53:11 pm","The Goods",Right,"General Practice",57,65,58,69.8,16.2,74,4,95,83,-30,4.58,0.14,21.2,,,
"Sep 11, 2023 02:52:56 pm","The Goods",Right,"General Practice",64,60,48,68.2,12,81,5,94,79,-28,4.03,0.15,20,,,
"Sep 11, 2023 02:52:50 pm","The Goods",Right,"General Practice",74,43,49,64.1,12.3,90,5,77,70,-26,3.71,0.15,19,,,
"Sep 11, 2023 02:50:28 pm","The Goods",Right,"General Practice",60,51,47,69.3,11.5,77,12,99,76,-28,4.01,0.16,19.4,,,
"Sep 11, 2023 02:50:21 pm","The Goods",Right,"General Practice",54,51,49,70.5,12.6,70,12,101,77,-32,4.3,0.15,20.2,,,
"Sep 11, 2023 02:50:14 pm","The Goods",Right,"General Practice",58,52,51,66.6,13.4,75,-2,104,82,-33,4.17,0.14,19.9,,,
"Sep 11, 2023 02:50:07 pm","The Goods",Right,"General Practice",57,52,44,67.7,10.4,74,13,102,79,-24,3.63,0.17,19.3,,,
"Sep 11, 2023 02:48:22 pm","The Goods",Right,"General Practice",64,61,53,70.2,14,81,7,94,79,-26,4.27,0.15,19.9,,,
"Sep 11, 2023 02:48:16 pm","The Goods",Right,"General Practice",69,60,48,65.8,12.1,86,5,88,77,-33,3.7,0.15,19.3,,,
"Sep 11, 2023 02:48:09 pm","The Goods",Right,"General Practice",62,56,53,68.5,14.2,79,7,91,74,-24,4.18,0.15,19.9,,,
"Sep 11, 2023 02:48:04 pm","The Goods",Right,"General Practice",65,57,51,68.8,13.4,82,7,95,78,-22,4.1,0.15,18.8,,,
"Sep 11, 2023 02:45:04 pm","The Goods",Right,"General Practice",62,51,48,65.6,12.1,79,10,98,75,-30,3.68,0.15,19.3,,,
"Sep 11, 2023 02:44:57 pm","The Goods",Right,"General Practice",56,44,42,68,9.7,73,18,107,75,-21,3.67,0.17,19.4,,,
"Sep 11, 2023 02:44:51 pm","The Goods",Right,"General Practice",56,49,44,68.5,10.6,73,11,106,80,-30,3.86,0.16,19.3,,,
"Sep 11, 2023 02:44:44 pm","The Goods",Right,"General Practice",59,49,45,69.6,10.8,75,14,101,76,-25,3.94,0.16,19.4,,,
"Sep 11, 2023 02:44:39 pm","The Goods",Right,"General Practice",57,46,43,65.5,9.9,74,16,106,77,-24,3.45,0.16,18.9,,,
"Sep 11, 2023 02:44:32 pm","The Goods",Right,"General Practice",69,43,50,60.2,12.8,86,-22,92,59,-22,3.73,0.13,19.2,,,
"Sep 08, 2023 02:52:25 pm","bat 2",Right,"General Practice",67,64,54,66.9,14.7,84,8,91,80,-27,4.1,0.14,19.9,,,
"Sep 08, 2023 02:52:18 pm","bat 2",Right,"General Practice",68,62,57,71.3,15.8,84,14,89,79,-25,4.52,0.15,20.8,,,
"Sep 08, 2023 02:52:10 pm","bat 2",Right,"General Practice",68,65,56,67,15.4,85,10,90,80,-28,4.1,0.14,20.1,,,
"Sep 08, 2023 02:52:03 pm","bat 2",Right,"General Practice",64,69,57,71.3,15.7,81,9,93,83,-35,4.71,0.14,21.4,,,
"Sep 08, 2023 02:51:54 pm","bat 2",Right,"General Practice",70,57,49,66.7,12.7,87,5,85,78,-23,3.91,0.15,18.8,,,
"Sep 08, 2023 02:51:37 pm","bat 2",Right,"General Practice",63,63,56,69.6,15.4,80,16,90,79,-32,4.15,0.15,21.6,,,
"Sep 08, 2023 02:50:17 pm","bat 2",Right,"General Practice",65,61,53,70.9,14.3,82,16,97,83,-32,4.42,0.15,21.1,,,
"Sep 08, 2023 02:50:08 pm","bat 2",Right,"General Practice",68,56,59,70.1,16.5,85,15,89,74,-29,4.37,0.15,20.4,,,
"Sep 08, 2023 02:50:01 pm","bat 2",Right,"General Practice",67,60,55,69.6,14.9,84,7,87,78,-29,4.31,0.15,19.5,,,
"Sep 08, 2023 02:49:52 pm","bat 2",Right,"General Practice",67,53,58,69.1,16.2,83,18,89,71,-24,4.24,0.15,21.1,,,
"Sep 08, 2023 02:49:40 pm","bat 2",Right,"General Practice",52,60,52,63.9,13.6,68,11,100,85,-32,3.74,0.14,19.2,,,
"Sep 08, 2023 02:49:28 pm","bat 2",Right,"General Practice",64,53,56,69.5,15.3,81,13,88,71,-23,4.35,0.15,20.2,,,
"Sep 08, 2023 02:49:23 pm","bat 2",Right,"General Practice",63,59,49,66.4,12.6,80,9,90,76,-21,3.77,0.15,18.3,,,
"Sep 08, 2023 02:46:13 pm","bat 2",Right,"General Practice",61,58,55,69.9,15.1,78,16,87,76,-31,4.12,0.16,21.9,,,
"Sep 08, 2023 02:46:04 pm","bat 2",Right,"General Practice",56,52,53,67,14,72,24,96,74,-27,3.65,0.16,20.9,,,
"Sep 08, 2023 02:45:57 pm","bat 2",Right,"General Practice",61,67,61,71,17.5,77,15,91,81,-30,4.55,0.15,21.3,,,
"Sep 08, 2023 02:45:39 pm","bat 2",Right,"General Practice",61,73,59,66.4,16.8,78,7,95,86,-33,4.21,0.14,20.6,,,
"Sep 08, 2023 02:45:32 pm","bat 2",Right,"General Practice",65,51,52,69.1,13.9,82,12,81,76,-22,4.08,0.15,19.4,,,
"Sep 08, 2023 02:45:23 pm","bat 2",Right,"General Practice",65,56,55,67.5,14.8,82,21,89,74,-21,3.8,0.16,19.7,,,
"Sep 08, 2023 02:45:15 pm","bat 2",Right,"General Practice",66,67,56,67.5,15.4,83,9,89,81,-26,4.01,0.15,19.6,,,
"Sep 08, 2023 02:44:04 pm","bat 2",Right,"General Practice",62,65,55,68.6,14.9,79,14,93,81,-30,3.98,0.16,20.1,,,
"Sep 08, 2023 02:43:58 pm","bat 2",Right,"General Practice",63,56,51,68.2,13.4,80,15,97,78,-19,3.93,0.16,19.7,,,
"Sep 08, 2023 02:43:51 pm","bat 2",Right,"General Practice",50,60,49,64.5,12.5,66,18,100,85,-24,3.56,0.15,20.1,,,
"Sep 08, 2023 02:43:35 pm","bat 2",Right,"General Practice",64,60,55,69.9,14.8,81,16,100,84,-32,4.23,0.15,21.3,,,
"Sep 08, 2023 02:43:27 pm","bat 2",Right,"General Practice",51,57,54,65.8,14.4,68,12,105,89,-29,4.02,0.14,20.3,,,
"Sep 08, 2023 02:43:22 pm","bat 2",Right,"General Practice",67,66,47,68,11.5,84,11,94,83,-32,3.67,0.17,19.2,,,
"Sep 08, 2023 02:39:25 pm","bat 2",Right,"General Practice",65,61,62,69.8,17.9,82,13,90,78,-25,4.46,0.14,20.7,,,
"Sep 08, 2023 02:39:17 pm","bat 2",Right,"General Practice",63,59,56,67.8,15.4,80,11,92,77,-21,4.2,0.14,19.1,,,
"Sep 08, 2023 02:39:08 pm","bat 2",Right,"General Practice",65,48,57,72.3,15.7,82,19,84,69,-22,4.53,0.15,20.8,,,
"Sep 08, 2023 02:39:00 pm","bat 2",Right,"General Practice",69,48,54,65.9,14.4,86,15,84,69,-17,3.72,0.15,18.6,,,
"Sep 08, 2023 02:38:52 pm","bat 2",Right,"General Practice",65,51,59,71.3,16.5,82,21,86,70,-20,4.41,0.15,20.4,,,
"Sep 08, 2023 02:38:46 pm","bat 2",Right,"General Practice",71,46,57,68.9,15.7,88,18,83,68,-19,4.06,0.15,19.1,,,
"Sep 08, 2023 02:37:41 pm","bat 2",Right,"General Practice",63,63,56,70.4,15.5,79,18,93,79,-31,4.29,0.15,21.1,,,
"Sep 08, 2023 02:37:36 pm","bat 2",Right,"General Practice",58,56,50,66.8,13,75,15,99,80,-23,3.81,0.15,19.6,,,
"Sep 08, 2023 02:37:30 pm","bat 2",Right,"General Practice",62,64,56,68.9,15.5,79,15,97,84,-32,4.11,0.15,20.5,,,
"Sep 08, 2023 02:37:23 pm","bat 2",Right,"General Practice",65,61,49,69.5,12.5,82,17,95,80,-31,3.98,0.16,20.1,,,
"Sep 08, 2023 02:37:17 pm","bat 2",Right,"General Practice",65,72,55,71,14.8,82,8,93,84,-38,4.48,0.15,21,,,
"Sep 08, 2023 02:37:12 pm","bat 2",Right,"General Practice",70,72,49,64.3,12.3,87,1,93,84,-31,3.54,0.15,18.4,,,
"Sep 08, 2023 02:33:53 pm","bat 2",Right,"General Practice",63,53,63,71.3,18.3,80,21,89,71,-21,4.4,0.15,21.9,,,
"Sep 08, 2023 02:33:45 pm","bat 2",Right,"General Practice",63,58,61,72.8,17.4,80,11,86,78,-31,4.98,0.14,22.2,,,
"Sep 08, 2023 02:33:23 pm","bat 2",Right,"General Practice",59,47,50,69.1,12.8,75,22,87,65,-13,3.84,0.16,20.4,,,
"Sep 08, 2023 02:33:17 pm","bat 2",Right,"General Practice",59,52,49,68.6,12.3,76,17,87,71,-18,3.6,0.17,19.5,,,
"Sep 08, 2023 02:33:11 pm","bat 2",Right,"General Practice",72,63,37,62.8,7.7,89,12,89,79,-18,3.06,0.17,16.5,,,
"Sep 08, 2023 02:31:23 pm","bat 2",Right,"General Practice",63,56,48,69.4,12.1,80,10,91,74,-24,4.12,0.15,19.4,,,
"Sep 08, 2023 02:31:18 pm","bat 2",Right,"General Practice",66,53,48,69.5,12,83,14,87,71,-23,4.03,0.16,19.4,,,
"Sep 08, 2023 02:31:06 pm","bat 2",Right,"General Practice",65,56,41,63.8,9.2,81,10,89,74,-25,3.12,0.17,17.9,,,
"Sep 08, 2023 02:30:57 pm","bat 2",Right,"General Practice",64,52,48,70.6,12.3,81,21,91,70,-21,4.21,0.16,19.7,,,
"Sep 08, 2023 02:30:46 pm","bat 2",Right,"General Practice",70,57,53,70.2,14,87,12,88,75,-29,4.33,0.15,19.8,,,
"Sep 08, 2023 02:30:40 pm","bat 2",Right,"General Practice",63,62,45,66.2,10.9,80,4,93,79,-24,3.61,0.16,18.4,,,
"Sep 08, 2023 02:30:35 pm","bat 2",Right,"General Practice",58,55,44,64.5,10.5,75,10,94,75,-19,3.66,0.15,17.9,,,
"Sep 08, 2023 02:30:29 pm","bat 2",Right,"General Practice",68,53,56,69.2,15.3,85,2,84,74,-30,4.5,0.14,20.4,,,
"Sep 08, 2023 02:28:28 pm","bat 2",Right,"General Practice",72,54,49,65.1,12.5,89,8,83,77,-26,3.68,0.15,18.7,,,
"Sep 08, 2023 02:28:21 pm","bat 2",Right,"General Practice",68,60,50,65.7,13.1,85,18,87,77,-26,3.43,0.17,19.8,,,
"Sep 08, 2023 02:28:13 pm","bat 2",Right,"General Practice",60,50,42,59.8,9.5,77,10,76,80,-33,2.68,0.18,19.1,,,
"Sep 08, 2023 02:28:06 pm","bat 2",Right,"General Practice",67,70,43,65.5,10.1,84,13,89,83,-34,3.48,0.16,19.6,,,
"Sep 08, 2023 02:21:33 pm","bat 2",Right,"General Practice",64,57,54,68.5,14.6,81,8,98,81,-31,4.29,0.14,20.4,,,
"Sep 08, 2023 02:21:27 pm","bat 2",Right,"General Practice",61,57,52,68.7,13.9,78,11,101,84,-34,4.26,0.15,20.9,,,
"Sep 08, 2023 02:21:21 pm","bat 2",Right,"General Practice",64,62,56,66.9,15.2,80,13,93,79,-32,4.16,0.14,20.3,,,
"Sep 08, 2023 02:21:13 pm","bat 2",Right,"General Practice",64,55,49,70.3,12.5,81,15,93,74,-27,4.23,0.15,19.6,,,
"Sep 08, 2023 02:21:07 pm","bat 2",Right,"General Practice",61,56,51,66.9,13.3,78,2,87,74,-30,4.15,0.14,19.9,,,
"Sep 08, 2023 02:21:00 pm","bat 2",Right,"General Practice",63,59,44,64.8,10.2,80,4,91,77,-32,3.68,0.15,18.6,,,
"Sep 08, 2023 02:20:55 pm","bat 2",Right,"General Practice",67,62,46,66.1,11.4,84,4,89,79,-34,3.79,0.15,18.4,,,
"Sep 08, 2023 02:20:50 pm","bat 2",Right,"General Practice",66,65,42,64.9,9.6,83,6,94,82,-35,3.42,0.16,17.4,,,
"Sep 08, 2023 02:16:10 pm","bat 2",Right,"General Practice",62,51,56,70.7,15.4,79,15,87,70,-27,4.63,0.14,20.3,,,
"Sep 08, 2023 02:16:02 pm","bat 2",Right,"General Practice",62,60,51,68.2,13.2,79,7,87,77,-33,4.31,0.14,19.5,,,
"Sep 08, 2023 02:15:56 pm","bat 2",Right,"General Practice",60,63,53,69.2,14,77,6,89,79,-31,4.32,0.15,19.8,,,
"Sep 08, 2023 02:15:50 pm","bat 2",Right,"General Practice",65,53,53,69.9,14.2,82,8,83,76,-36,4.29,0.15,19.7,,,
"Sep 08, 2023 02:15:44 pm","bat 2",Right,"General Practice",63,59,56,69.3,15.4,79,8,87,77,-34,4.4,0.14,20.2,,,
"Sep 08, 2023 02:15:38 pm","bat 2",Right,"General Practice",59,65,51,70.1,13.2,75,13,91,80,-29,4.15,0.16,19.4,,,
"Sep 08, 2023 02:15:32 pm","bat 2",Right,"General Practice",58,69,53,65.4,14.1,75,-2,93,83,-38,4.08,0.14,19.4,,,
"Sep 08, 2023 02:15:27 pm","bat 2",Right,"General Practice",65,64,47,63.2,11.6,82,-7,91,80,-33,3.6,0.15,18.3,,,
"Sep 08, 2023 02:05:51 pm","bat 2",Right,"General Practice",68,56,48,68.4,12.3,85,7,90,74,-33,4.16,0.15,18.5,,,
"Sep 08, 2023 02:05:46 pm","bat 2",Right,"General Practice",69,54,52,68.2,13.6,86,11,87,72,-30,4.08,0.15,18.2,,,
"Sep 08, 2023 02:05:41 pm","bat 2",Right,"General Practice",68,61,53,65.7,13.9,85,7,90,78,-34,4,0.14,18.5,,,
"Sep 08, 2023 02:05:32 pm","bat 2",Right,"General Practice",71,53,55,68,14.8,88,5,85,74,-32,4.17,0.15,18.8,,,
"Sep 08, 2023 02:05:27 pm","bat 2",Right,"General Practice",68,56,55,67.3,14.8,85,5,86,75,-34,4.08,0.15,19.1,,,
"Sep 08, 2023 02:05:21 pm","bat 2",Right,"General Practice",72,54,50,65.2,12.8,88,4,83,77,-38,3.79,0.15,18.1,,,
"Sep 08, 2023 02:05:16 pm","bat 2",Right,"General Practice",76,44,54,65.8,14.5,93,5,74,74,-34,3.96,0.14,18.5,,,
"Sep 08, 2023 02:05:11 pm","bat 2",Right,"General Practice",70,64,45,62.8,10.7,86,5,85,82,-31,3.33,0.16,16.5,,,
"Sep 07, 2023 03:36:38 pm","bat 2",Right,"General Practice",63,55,47,70.6,11.8,80,15,89,73,-24,4.05,0.16,18.8,,,
"Sep 07, 2023 03:36:31 pm","bat 2",Right,"General Practice",62,50,48,68.3,12.1,79,17,93,69,-22,4.04,0.15,18.7,,,
"Sep 07, 2023 03:36:21 pm","bat 2",Right,"General Practice",60,54,49,67.9,12.4,77,15,98,77,-28,4.11,0.15,19.1,,,
"Sep 07, 2023 03:36:15 pm","bat 2",Right,"General Practice",58,56,50,67.2,12.7,75,13,94,75,-27,4.02,0.15,18.8,,,
"Sep 07, 2023 03:35:59 pm","bat 2",Right,"General Practice",61,52,49,69.6,12.5,78,12,92,70,-20,4.09,0.16,18.9,,,
"Sep 07, 2023 03:35:53 pm","bat 2",Right,"General Practice",56,52,43,70.3,9.9,73,18,96,73,-20,3.87,0.17,19.4,,,
"Sep 07, 2023 03:35:48 pm","bat 2",Right,"General Practice",67,52,51,69.5,13.2,83,13,86,72,-26,4.3,0.15,18.8,,,
"Sep 07, 2023 03:35:05 pm","bat 2",Right,"General Practice",65,58,41,66.9,9.1,82,10,89,76,-26,3.59,0.16,18.1,,,
"Sep 07, 2023 03:34:56 pm","bat 2",Right,"General Practice",58,51,43,67.3,10.1,75,19,95,72,-18,3.39,0.18,18.8,,,
"Sep 07, 2023 03:34:48 pm","bat 2",Right,"General Practice",65,56,43,65.4,10.2,82,9,93,75,-20,3.52,0.16,17.6,,,
"Sep 07, 2023 03:34:39 pm","bat 2",Right,"General Practice",68,51,43,67.1,9.9,85,12,102,79,-26,3.62,0.16,18.3,,,
"Sep 07, 2023 03:34:33 pm","bat 2",Right,"General Practice",73,58,45,66,10.7,90,8,94,77,-29,3.58,0.16,18.4,,,
"Sep 07, 2023 03:34:03 pm","bat 2",Right,"General Practice",65,64,47,67,11.8,82,7,95,82,-29,3.79,0.16,18.5,,,
"Sep 07, 2023 03:33:54 pm","bat 2",Right,"General Practice",67,63,48,65.5,11.9,84,3,92,79,-28,3.72,0.15,18.5,,,
"Sep 07, 2023 03:33:45 pm","bat 2",Right,"General Practice",65,64,47,65.8,11.7,82,1,91,80,-29,3.8,0.15,18.8,,,
"Sep 07, 2023 03:32:29 pm","bat 2",Right,"General Practice",52,53,55,70.4,15.1,69,18,103,82,-30,4.23,0.15,20.8,,,
"Sep 07, 2023 03:32:23 pm","bat 2",Right,"General Practice",53,54,56,69.8,15.4,70,16,102,82,-24,4.33,0.15,20.5,,,
"Sep 07, 2023 03:32:09 pm","bat 2",Right,"General Practice",61,53,47,68.7,11.8,78,20,96,75,-23,3.8,0.16,20.4,,,
"Sep 07, 2023 03:32:01 pm","bat 2",Right,"General Practice",65,60,45,69.1,11,82,16,93,77,-28,3.88,0.16,19.8,,,
"Sep 07, 2023 03:31:56 pm","bat 2",Right,"General Practice",63,62,49,68.4,12.6,80,9,99,85,-35,4.05,0.15,20.2,,,
"Sep 07, 2023 03:31:49 pm","bat 2",Right,"General Practice",65,56,51,69.7,13.3,82,16,96,78,-30,4.27,0.15,19.9,,,
"Sep 07, 2023 03:31:43 pm","bat 2",Right,"General Practice",57,55,54,69.3,14.4,74,14,102,82,-29,4.27,0.15,20.1,,,
"Sep 07, 2023 03:31:36 pm","bat 2",Right,"General Practice",67,57,52,70.4,13.6,84,17,95,77,-25,4.24,0.15,20,,,
"Sep 07, 2023 03:31:31 pm","bat 2",Right,"General Practice",66,68,50,69.1,12.7,83,11,91,82,-34,4.25,0.15,20.4,,,
"Sep 07, 2023 03:30:57 pm","bat 2",Right,"General Practice",67,63,44,65.5,10.5,84,11,97,84,-29,3.36,0.17,19.2,,,
"Sep 07, 2023 03:30:48 pm","bat 2",Right,"General Practice",61,56,43,66.7,9.8,78,15,100,81,-26,3.57,0.16,19.6,,,
"Sep 07, 2023 03:30:40 pm","bat 2",Right,"General Practice",61,60,50,67.3,12.8,78,15,98,83,-31,3.77,0.16,19.7,,,
"Sep 07, 2023 03:30:24 pm","bat 2",Right,"General Practice",64,57,49,67.2,12.5,81,16,95,77,-26,3.77,0.16,19.6,,,
"Sep 07, 2023 03:30:15 pm","bat 2",Right,"General Practice",63,62,51,68.2,13.1,80,10,98,84,-32,4.09,0.15,20.1,,,
"Sep 07, 2023 03:30:07 pm","bat 2",Right,"General Practice",54,52,43,61,9.8,71,19,86,71,-21,2.72,0.18,18.4,,,
"Sep 07, 2023 03:28:48 pm","bat 2",Right,"General Practice",61,52,48,71.2,12,78,17,96,73,-22,4.08,0.16,19.5,,,
"Sep 07, 2023 03:28:42 pm","bat 2",Right,"General Practice",66,53,48,70.7,11.9,83,14,95,74,-21,4.22,0.16,19.8,,,
"Sep 07, 2023 03:28:35 pm","bat 2",Right,"General Practice",66,59,49,68.9,12.5,83,9,96,79,-28,4.12,0.15,19.8,,,
"Sep 07, 2023 03:28:29 pm","bat 2",Right,"General Practice",61,54,49,66.6,12.4,78,13,94,73,-20,3.89,0.15,18.9,,,
"Sep 07, 2023 03:28:24 pm","bat 2",Right,"General Practice",64,60,52,67.5,13.6,81,7,93,78,-23,4.11,0.15,18.6,,,
"Sep 07, 2023 03:27:56 pm","bat 2",Right,"General Practice",64,52,41,69,9,81,11,101,78,-20,3.96,0.16,19,,,
"Sep 07, 2023 03:27:49 pm","bat 2",Right,"General Practice",63,56,48,67.9,12,80,14,95,76,-27,3.89,0.16,19.2,,,
"Sep 07, 2023 03:27:40 pm","bat 2",Right,"General Practice",43,60,50,63.7,13.1,60,11,97,82,-29,3.51,0.15,19.5,,,
"Sep 07, 2023 03:27:32 pm","bat 2",Right,"General Practice",61,49,39,65.4,8.4,78,11,109,83,-19,3.24,0.17,18.8,,,
"Sep 07, 2023 03:27:26 pm","bat 2",Right,"General Practice",67,56,44,66.8,10.2,84,11,99,81,-27,3.67,0.16,18.7,,,
"Sep 07, 2023 03:27:19 pm","bat 2",Right,"General Practice",64,51,47,65,11.7,81,15,98,75,-23,3.39,0.16,18.5,,,
"Sep 07, 2023 03:26:06 pm","bat 2",Right,"General Practice",63,56,47,68.6,11.5,80,16,95,76,-30,3.73,0.17,19.8,,,
"Sep 07, 2023 03:25:55 pm","bat 2",Right,"General Practice",62,58,51,70.2,13.2,78,14,96,80,-33,4.11,0.16,20.3,,,
"Sep 07, 2023 03:25:43 pm","bat 2",Right,"General Practice",48,56,54,67.4,14.4,65,15,100,82,-32,4.1,0.15,19.9,,,
"Sep 07, 2023 03:25:36 pm","bat 2",Right,"General Practice",62,56,47,70.4,11.7,79,13,98,80,-35,4.18,0.16,19.4,,,
"Sep 07, 2023 03:25:24 pm","bat 2",Right,"General Practice",68,59,47,69.2,11.6,85,9,96,80,-36,4.05,0.16,19.1,,,
"Sep 07, 2023 03:25:19 pm","bat 2",Right,"General Practice",59,59,50,71.2,12.8,76,14,90,76,-30,4.18,0.16,20.1,,,
"Sep 07, 2023 03:23:40 pm","bat 2",Right,"General Practice",64,51,43,66.3,9.8,81,6,104,81,-21,3.66,0.16,18.4,,,
"Sep 07, 2023 03:23:28 pm","bat 2",Right,"General Practice",65,55,45,65.9,10.8,81,6,98,79,-26,3.81,0.15,18.8,,,
"Sep 07, 2023 03:23:21 pm","bat 2",Right,"General Practice",64,56,48,68.9,11.9,81,11,99,80,-29,4,0.16,19.8,,,
"Sep 07, 2023 03:23:13 pm","bat 2",Right,"General Practice",62,51,47,66.9,11.5,79,15,100,77,-26,3.78,0.16,18.9,,,
"Sep 07, 2023 03:23:06 pm","bat 2",Right,"General Practice",61,52,46,66.9,11.4,77,13,101,79,-29,3.73,0.16,19.6,,,
"Sep 07, 2023 03:22:56 pm","bat 2",Right,"General Practice",56,46,49,67.7,12.5,73,20,103,74,-22,3.82,0.16,19,,,
"Sep 07, 2023 03:22:22 pm","bat 2",Right,"General Practice",64,55,50,70.6,12.8,81,16,97,78,-27,4.32,0.15,20,,,
"Sep 07, 2023 03:22:17 pm","bat 2",Right,"General Practice",60,57,56,70.4,15.5,76,14,89,75,-22,4.53,0.14,20.6,,,
"Sep 07, 2023 03:22:06 pm","bat 2",Right,"General Practice",50,53,51,66.8,13.3,66,14,101,79,-22,4.02,0.15,19.5,,,
"Sep 07, 2023 03:22:00 pm","bat 2",Right,"General Practice",66,59,55,69.5,15,83,10,93,76,-29,4.42,0.14,20.4,,,
"Sep 07, 2023 03:21:55 pm","bat 2",Right,"General Practice",63,59,49,70.2,12.3,79,10,95,79,-29,4.17,0.16,19.7,,,
"Sep 07, 2023 03:21:50 pm","bat 2",Right,"General Practice",66,58,52,65.7,13.9,82,6,87,76,-22,4.12,0.14,19.5,,,
"Sep 07, 2023 03:20:46 pm","The Goods",Right,"General Practice",58,55,47,62.5,11.7,74,11,99,79,-24,3.38,0.15,18.2,,,
"Sep 07, 2023 03:20:36 pm","The Goods",Right,"General Practice",62,52,46,66.3,11.4,79,20,95,73,-25,3.57,0.16,19,,,
"Sep 07, 2023 03:20:29 pm","The Goods",Right,"General Practice",59,56,50,65.2,12.7,75,13,91,74,-25,3.59,0.16,18.6,,,
"Sep 07, 2023 03:20:06 pm","The Goods",Right,"General Practice",67,52,40,64.8,8.9,83,16,97,76,-25,3.25,0.17,18.6,,,
"Sep 07, 2023 03:19:30 pm","The Goods",Right,"General Practice",43,53,52,64.5,13.8,60,19,99,78,-26,3.52,0.16,18.3,,,
"Sep 07, 2023 03:19:25 pm","The Goods",Right,"General Practice",64,60,47,66.9,11.5,81,16,92,77,-34,3.73,0.16,19.1,,,
"Sep 07, 2023 03:19:20 pm","The Goods",Right,"General Practice",61,57,53,66.7,14,78,14,89,75,-33,3.91,0.15,19.3,,,
"Sep 07, 2023 03:19:16 pm","The Goods",Right,"General Practice",56,60,61,67.8,17.5,73,12,88,77,-29,4.32,0.14,20.1,,,
"Sep 07, 2023 03:19:11 pm","The Goods",Right,"General Practice",54,61,52,70.6,13.7,71,15,87,78,-33,4.27,0.15,19.7,,,
"Sep 07, 2023 03:19:07 pm","The Goods",Right,"General Practice",67,51,57,67.8,15.6,84,7,81,76,-36,4.38,0.14,20.2,,,
"Sep 07, 2023 03:06:59 pm","The Goods",Right,"Pitching Machine",63,44,48,65.1,12.2,80,12,82,66,-22,3.48,0.16,18.3,,,
"Sep 07, 2023 03:06:53 pm","The Goods",Right,"Pitching Machine",63,57,54,65,14.5,80,13,88,75,-20,3.66,0.15,18.6,,,
"Sep 07, 2023 03:06:47 pm","The Goods",Right,"Pitching Machine",66,57,52,65.4,13.9,83,8,85,77,-32,3.71,0.15,19.1,,,
"Sep 07, 2023 03:06:42 pm","The Goods",Right,"Pitching Machine",60,57,52,62.4,13.8,77,9,87,75,-33,3.47,0.15,19.3,,,
"Sep 07, 2023 03:06:37 pm","The Goods",Right,"Pitching Machine",67,56,50,65.8,12.7,83,12,87,75,-27,3.61,0.16,18.6,,,
"Sep 07, 2023 03:06:32 pm","The Goods",Right,"Pitching Machine",67,57,48,64.9,12,84,6,87,76,-31,3.42,0.16,18.5,,,
"Sep 07, 2023 03:06:27 pm","The Goods",Right,"Pitching Machine",69,52,49,64.3,12.5,86,8,83,74,-33,3.45,0.16,18.4,,,
"Sep 07, 2023 03:06:17 pm","The Goods",Right,"Pitching Machine",62,50,51,62.8,13.4,79,11,83,72,-28,3.33,0.16,18,,,
"Sep 07, 2023 03:06:12 pm","The Goods",Right,"Pitching Machine",67,46,52,67.5,13.9,83,11,80,70,-22,3.66,0.16,16.9,,,
"Sep 07, 2023 03:06:09 pm","The Goods",Right,"Pitching Machine",69,44,49,63.2,12.7,86,12,77,70,-22,3.37,0.16,17.4,,,
"Sep 05, 2023 03:13:51 pm","The Goods",Right,"Pitching Machine",59,63,49,66.1,12.5,75,17,94,80,-34,3.69,0.16,19.4,,,
"Sep 05, 2023 03:13:46 pm","The Goods",Right,"Pitching Machine",54,59,53,68.5,14.1,71,16,90,76,-34,3.87,0.16,20.5,,,
"Sep 05, 2023 03:13:41 pm","The Goods",Right,"Pitching Machine",50,58,54,68.8,14.7,66,16,95,79,-30,3.94,0.16,19.6,,,
"Sep 05, 2023 03:13:35 pm","The Goods",Right,"Pitching Machine",59,50,54,70.4,14.4,76,19,85,70,-27,4.41,0.15,20.3,,,
"Sep 05, 2023 03:13:30 pm","The Goods",Right,"Pitching Machine",62,58,53,67.7,14,79,13,91,76,-33,4.14,0.15,19.8,,,
"Sep 05, 2023 03:09:36 pm","The Goods",Right,"Pitching Machine",63,58,47,71.9,11.8,80,10,97,81,-34,4.54,0.15,19.3,,,
"Sep 05, 2023 03:09:29 pm","The Goods",Right,"Pitching Machine",58,52,48,72.7,12.1,75,14,101,79,-26,4.51,0.15,20.3,,,
"Sep 05, 2023 03:09:24 pm","The Goods",Right,"Pitching Machine",62,50,48,71.5,12.1,79,17,103,79,-29,4.43,0.15,20.9,,,
"Sep 05, 2023 03:09:14 pm","The Goods",Right,"Pitching Machine",59,53,53,69.5,14.3,75,13,103,82,-31,4.48,0.14,20.2,,,
"Sep 05, 2023 03:09:09 pm","The Goods",Right,"Pitching Machine",58,56,53,69.8,14.1,74,16,97,78,-33,4.45,0.14,20.3,,,
"Sep 05, 2023 03:09:04 pm","The Goods",Right,"Pitching Machine",56,55,52,69.9,13.9,73,13,103,84,-33,4.46,0.14,20.5,,,
"Sep 05, 2023 03:08:58 pm","The Goods",Right,"Pitching Machine",58,53,57,69.4,15.9,75,19,97,75,-27,4.24,0.15,21.1,,,
"Sep 05, 2023 03:01:08 pm","The Goods",Right,"Pitching Machine",61,57,52,71.4,13.8,78,15,95,77,-30,4.48,0.15,20.5,,,
"Sep 05, 2023 03:01:02 pm","The Goods",Right,"Pitching Machine",52,52,53,68.7,14.1,69,15,99,76,-28,4.2,0.15,20.2,,,
"Sep 05, 2023 03:00:57 pm","The Goods",Right,"Pitching Machine",50,58,57,70,15.9,67,16,96,79,-29,4.48,0.14,20.9,,,
"Sep 05, 2023 03:00:50 pm","The Goods",Right,"Pitching Machine",52,54,52,70.2,13.8,69,20,95,75,-28,4.16,0.16,20.4,,,
"Sep 05, 2023 03:00:45 pm","The Goods",Right,"Pitching Machine",62,65,57,71.1,15.7,78,9,91,80,-33,4.69,0.14,20.9,,,
"Sep 05, 2023 03:00:38 pm","The Goods",Right,"Pitching Machine",59,62,48,70.7,11.9,75,11,94,81,-30,4.33,0.15,20.6,,,
"Sep 05, 2023 03:00:33 pm","The Goods",Right,"Pitching Machine",62,60,51,68.1,13.2,79,12,96,81,-26,3.96,0.15,19.7,,,
"Sep 05, 2023 03:00:29 pm","The Goods",Right,"Pitching Machine",63,61,50,68.7,12.8,80,11,94,79,-33,4.26,0.15,20,,,
"Sep 05, 2023 03:00:24 pm","The Goods",Right,"Pitching Machine",68,57,55,65.8,15.1,85,1,86,76,-33,4.02,0.14,20.1,,,
"Sep 05, 2023 02:53:11 pm",demo,Right,"Pitching Machine",52,55,53,69.4,14.2,69,11,101,81,-29,4.23,0.15,20.8,,,
"Sep 05, 2023 02:53:07 pm",demo,Right,"Pitching Machine",55,52,52,69.7,13.7,72,16,95,72,-22,4.1,0.16,20,,,
"Sep 05, 2023 02:53:07 pm","The Goods",Right,"Pitching Machine",55,52,52,69.7,13.7,72,16,95,72,-22,4.1,0.16,20,,,
"Sep 05, 2023 02:53:01 pm",demo,Right,"Pitching Machine",55,49,50,70.6,12.8,72,20,98,73,-16,4,0.16,20.5,,,
"Sep 05, 2023 02:53:01 pm","The Goods",Right,"Pitching Machine",55,49,50,70.6,12.8,72,20,98,73,-16,4,0.16,20.5,,,
"Sep 05, 2023 02:52:55 pm",demo,Right,"Pitching Machine",59,51,52,69.7,13.8,76,17,98,75,-28,4.15,0.15,20.8,,,
"Sep 05, 2023 02:52:55 pm","The Goods",Right,"Pitching Machine",59,51,52,69.7,13.8,76,17,98,75,-28,4.15,0.15,20.8,,,
"Sep 05, 2023 02:52:49 pm",demo,Right,"Pitching Machine",56,55,51,70.2,13.4,73,11,101,81,-29,4.39,0.15,20.8,,,
"Sep 05, 2023 02:52:49 pm","The Goods",Right,"Pitching Machine",56,55,51,70.2,13.4,73,11,101,81,-29,4.39,0.15,20.8,,,
"Sep 05, 2023 02:52:44 pm",demo,Right,"Pitching Machine",59,58,55,68.9,14.9,76,10,95,78,-31,4.23,0.15,20.7,,,
"Sep 05, 2023 02:52:38 pm",demo,Right,"Pitching Machine",59,53,55,69.1,15.1,76,15,98,76,-29,4.14,0.15,20.7,,,
"Sep 05, 2023 02:52:32 pm",demo,Right,"Pitching Machine",60,61,53,66.8,13.9,77,9,94,79,-35,4.03,0.15,20.3,,,
"Sep 05, 2023 02:44:15 pm",demo,Right,"Pitching Machine",57,60,46,67.4,11.1,74,10,99,84,-32,3.79,0.16,19.8,,,
"Sep 05, 2023 02:44:10 pm",demo,Right,"Pitching Machine",56,59,43,63.9,10.2,73,17,93,77,-28,3.2,0.17,19.8,,,
"Sep 05, 2023 02:44:04 pm",demo,Right,"Pitching Machine",54,58,48,66,12,71,15,100,83,-32,3.73,0.15,18.7,,,
"Sep 05, 2023 02:43:59 pm",demo,Right,"Pitching Machine",58,69,57,62.7,15.7,75,13,92,82,-38,3.45,0.15,20.2,,,
"Sep 05, 2023 02:43:53 pm",demo,Right,"Pitching Machine",59,61,49,67.5,12.3,76,14,95,81,-32,3.8,0.16,20.3,,,
"Sep 05, 2023 02:43:48 pm",demo,Right,"Pitching Machine",54,63,56,67.5,15.2,71,12,98,85,-37,3.9,0.15,20.1,,,
"Sep 05, 2023 02:43:44 pm",demo,Right,"Pitching Machine",60,61,54,66,14.6,77,11,99,84,-33,4.1,0.14,19.9,,,
