﻿"©Blast Motion. All rights reserved."
"NOTE: Access to and use of this data is subject to the Blast Motion terms of use and end user license agreement, which can be found at https://blastmotion.com/terms-of-service/"
Email:,cruby2@live.maryville.edu
Academy:,"Maryville University Baseball"
Sport:,Baseball
"Report Date:","Sep 11, 2023 07:51:47 pm"
"Date Range:","Aug 28, 2023 - Sep 11, 2023"

Date,Equipment,Handedness,"Swing Details","Plane Score","Connection Score","Rotation Score","Bat Speed (mph)","Rotational Acceleration (g)","On Plane Efficiency (%)","Attack Angle (deg)","Early Connection (deg)","Connection at Impact (deg)","Vertical Bat Angle (deg)","Power (kW)","Time to Contact (sec)","Peak Hand Speed (mph)","Exit Velocity (mph)","Launch Angle (deg)","Estimated Distance (feet)"
"Sep 11, 2023 01:55:41 pm","the red sabre",Left,"General Practice",48,52,62,73.2,17.9,65,13,79,79,-35,5.09,0.13,23.1,,,
"Sep 11, 2023 01:55:35 pm","the red sabre",Left,"General Practice",44,70,55,71.9,15,60,15,89,83,-32,4.77,0.14,21.6,,,
"Sep 11, 2023 01:55:29 pm","the red sabre",Left,"General Practice",54,52,55,74.9,15.1,71,11,82,75,-33,5.33,0.13,22.1,,,
"Sep 11, 2023 01:55:17 pm","the red sabre",Left,"General Practice",58,64,64,75.2,18.6,75,13,85,83,-33,5.23,0.14,24.3,,,
"Sep 11, 2023 01:55:11 pm","the red sabre",Left,"General Practice",55,66,50,71.7,12.9,71,13,87,81,-34,4.31,0.15,22.4,,,
"Sep 11, 2023 01:53:23 pm","the red sabre",Left,"General Practice",61,80,62,72.7,18,78,9,89,87,-38,5.52,0.12,23.5,,,
"Sep 11, 2023 01:53:16 pm","the red sabre",Left,"General Practice",56,68,56,71.3,15.3,73,15,89,82,-34,4.76,0.14,21.9,,,
"Sep 11, 2023 01:53:09 pm","the red sabre",Left,"General Practice",64,55,56,71.4,15.4,81,7,81,79,-39,4.77,0.14,22.3,,,
"Sep 11, 2023 01:53:03 pm","the red sabre",Left,"General Practice",56,80,51,66,13.3,72,9,88,92,-41,4.34,0.13,22.8,,,
"Sep 11, 2023 01:52:54 pm","the red sabre",Left,"General Practice",62,57,73,69,22.3,79,5,76,86,-39,5.14,0.12,22.9,,,
"Sep 11, 2023 01:51:25 pm","the red sabre",Left,"General Practice",57,60,66,76.2,19.3,73,18,87,77,-21,5.44,0.14,21.8,,,
"Sep 11, 2023 01:51:19 pm","the red sabre",Left,"General Practice",54,66,62,71.7,17.8,71,0,88,81,-33,5.2,0.13,21.5,,,
"Sep 11, 2023 01:51:06 pm","the red sabre",Left,"General Practice",55,64,45,69.3,10.8,71,6,83,85,-44,4.32,0.14,21.4,,,
"Sep 11, 2023 01:50:59 pm","the red sabre",Left,"General Practice",64,50,49,67.6,12.3,81,12,76,80,-39,3.84,0.15,21.3,,,
"Sep 11, 2023 01:49:18 pm","the red sabre",Left,"General Practice",64,57,62,72.5,17.9,80,12,82,81,-34,5,0.13,23,,,
"Sep 11, 2023 01:49:11 pm","the red sabre",Left,"General Practice",70,45,66,64.8,19.5,87,-11,75,75,-34,4.77,0.11,23.3,,,
"Sep 11, 2023 01:49:02 pm","the red sabre",Left,"General Practice",61,56,63,67.8,18.3,78,-2,79,83,-43,4.97,0.12,23.3,,,
"Sep 11, 2023 01:48:55 pm","the red sabre",Left,"General Practice",56,45,58,72,16.3,73,9,70,79,-45,5.16,0.13,23.1,,,
"Sep 11, 2023 01:48:49 pm","the red sabre",Left,"General Practice",58,47,53,64.7,14.2,75,-5,77,75,-40,4.68,0.11,20.3,,,
"Sep 11, 2023 01:47:38 pm","the red sabre",Left,"General Practice",58,59,55,74.8,14.8,75,12,86,78,-28,5.24,0.14,21.5,,,
"Sep 11, 2023 01:47:25 pm","the red sabre",Left,"General Practice",58,54,47,72.2,11.5,75,-3,84,76,-34,4.81,0.14,21.4,,,
"Sep 11, 2023 01:47:05 pm","the red sabre",Left,"General Practice",57,56,53,73,14.2,74,12,82,79,-36,4.59,0.15,22.9,,,
"Sep 11, 2023 01:47:01 pm","the red sabre",Left,"General Practice",52,65,50,66,12.7,69,0,84,84,-44,3.75,0.15,22.1,,,
"Sep 11, 2023 01:42:32 pm","the red sabre",Left,"General Practice",55,52,60,74,17.2,72,17,81,77,-28,4.92,0.14,21.2,,,
"Sep 11, 2023 01:42:26 pm","the red sabre",Left,"General Practice",63,45,59,70.2,16.6,79,2,77,73,-30,4.91,0.13,20.7,,,
"Sep 11, 2023 01:42:20 pm","the red sabre",Left,"General Practice",62,57,55,72.1,15,79,6,85,77,-24,5.1,0.13,20.2,,,
"Sep 11, 2023 01:42:14 pm","the red sabre",Left,"General Practice",62,63,51,70.9,13.5,79,8,89,79,-30,4.64,0.14,20.9,,,
"Sep 11, 2023 01:42:09 pm","the red sabre",Left,"General Practice",65,52,57,70.8,15.6,82,-1,81,77,-30,5.15,0.12,22.2,,,
"Sep 08, 2023 02:48:29 pm","the red sabre",Left,"General Practice",61,58,66,74.9,19.5,78,13,81,82,-31,5.58,0.13,23.9,,,
"Sep 08, 2023 02:48:18 pm","the red sabre",Left,"General Practice",65,49,59,71.2,16.5,81,21,78,77,-28,4.42,0.15,22.3,,,
"Sep 08, 2023 02:48:04 pm","the red sabre",Left,"General Practice",56,76,62,69.6,17.7,73,15,86,86,-30,4.6,0.13,21.3,,,
"Sep 08, 2023 02:47:58 pm","the red sabre",Left,"General Practice",61,58,58,70.7,16.1,78,15,79,83,-31,4.55,0.14,22.5,,,
"Sep 08, 2023 02:47:51 pm","the red sabre",Left,"General Practice",56,47,61,74.1,17.6,72,14,74,78,-31,5.38,0.13,22.5,,,
"Sep 08, 2023 02:46:52 pm","the red sabre",Left,"General Practice",53,56,58,71.1,16,70,15,81,80,-29,4.74,0.14,20.7,,,
"Sep 08, 2023 02:46:46 pm","the red sabre",Left,"General Practice",66,43,56,70.8,15.3,83,4,72,74,-35,4.83,0.13,22,,,
"Sep 08, 2023 02:46:37 pm","the red sabre",Left,"General Practice",67,48,60,73.5,17.2,84,11,77,76,-31,5,0.14,22.5,,,
"Sep 08, 2023 02:46:32 pm","the red sabre",Left,"General Practice",63,52,57,68.3,15.8,80,2,78,80,-30,4.95,0.12,21.6,,,
"Sep 08, 2023 02:46:21 pm","the red sabre",Left,"General Practice",62,59,62,69.8,17.8,79,8,81,83,-33,4.86,0.13,22.2,,,
"Sep 08, 2023 02:46:15 pm","the red sabre",Left,"General Practice",58,53,59,73.2,16.6,74,11,78,80,-32,5.1,0.13,23,,,
"Sep 08, 2023 02:42:44 pm","the red sabre",Left,"General Practice",61,59,64,71.9,18.7,78,14,79,84,-28,4.99,0.13,22.3,,,
"Sep 08, 2023 02:42:34 pm","the red sabre",Left,"General Practice",50,50,56,70.1,15.5,66,20,78,78,-27,4.41,0.14,21,,,
"Sep 08, 2023 02:42:21 pm","the red sabre",Left,"General Practice",60,53,52,70.9,13.7,77,11,77,82,-33,4.64,0.14,21.1,,,
"Sep 08, 2023 02:42:13 pm","the red sabre",Left,"General Practice",63,50,53,68.9,14.1,80,13,78,77,-28,3.98,0.15,22.1,,,
"Sep 08, 2023 02:42:06 pm","the red sabre",Left,"General Practice",67,47,46,57.4,11.3,84,-7,80,72,-28,3.44,0.12,18.9,,,
"Sep 08, 2023 02:40:41 pm","the red sabre",Left,"General Practice",58,59,60,72.8,16.9,75,10,82,82,-33,5.11,0.13,22.4,,,
"Sep 08, 2023 02:40:35 pm","the red sabre",Left,"General Practice",61,48,51,71.9,13.4,78,9,78,75,-25,4.84,0.14,22,,,
"Sep 08, 2023 02:40:30 pm","the red sabre",Left,"General Practice",49,46,64,69.8,18.6,65,12,74,77,-40,4.63,0.13,23,,,
"Sep 08, 2023 02:40:15 pm","the red sabre",Left,"General Practice",64,56,50,72.4,12.8,81,7,81,80,-23,5.14,0.13,21.9,,,
"Sep 08, 2023 02:40:03 pm","the red sabre",Left,"General Practice",57,56,57,70.8,15.7,74,16,81,81,-32,4.56,0.14,22.6,,,
"Sep 08, 2023 02:35:40 pm","the red sabre",Left,"General Practice",62,55,74,74.5,22.7,78,8,82,79,-27,5.79,0.12,22.2,,,
"Sep 08, 2023 02:35:32 pm","the red sabre",Left,"General Practice",56,69,50,69.9,13,73,14,89,82,-31,4.51,0.14,20.1,,,
"Sep 08, 2023 02:35:25 pm","the red sabre",Left,"General Practice",64,49,61,73.7,17.3,80,10,77,77,-28,5.33,0.13,21.8,,,
"Sep 08, 2023 02:35:17 pm","the red sabre",Left,"General Practice",67,54,50,71.2,12.9,84,11,79,80,-23,4.43,0.15,22.7,,,
"Sep 08, 2023 02:35:05 pm","the red sabre",Left,"General Practice",57,48,49,70.5,12.6,74,16,78,75,-29,4.17,0.15,21.4,,,
"Sep 08, 2023 02:34:03 pm","the red sabre",Left,"General Practice",62,51,59,72.6,16.4,79,9,79,78,-35,5.16,0.13,22.2,,,
"Sep 08, 2023 02:33:58 pm","the red sabre",Left,"General Practice",48,67,55,70.6,14.8,65,8,88,81,-40,4.54,0.14,21.3,,,
"Sep 08, 2023 02:33:53 pm","the red sabre",Left,"General Practice",61,60,60,71.7,17,78,8,81,83,-27,5.04,0.13,22.4,,,
"Sep 08, 2023 02:33:42 pm","the red sabre",Left,"General Practice",64,51,56,71.3,15.2,81,8,77,79,-41,4.63,0.14,23.1,,,
"Sep 08, 2023 02:33:27 pm","the red sabre",Left,"General Practice",63,52,60,72.8,17.1,80,6,78,79,-35,5.2,0.13,22.4,,,
"Sep 08, 2023 02:33:22 pm","the red sabre",Left,"General Practice",61,54,54,73,14.6,78,8,80,80,-37,4.93,0.14,23.5,,,
"Sep 08, 2023 02:30:32 pm","the red sabre",Left,"General Practice",53,51,54,71.7,14.7,69,18,78,79,-31,4.68,0.14,22.3,,,
"Sep 08, 2023 02:30:20 pm","the red sabre",Left,"General Practice",36,65,48,65.2,12.1,53,19,89,80,-32,3.71,0.15,18.6,,,
"Sep 08, 2023 02:30:13 pm","the red sabre",Left,"General Practice",53,56,59,73.2,16.8,69,20,82,79,-30,4.87,0.14,22.3,,,
"Sep 08, 2023 02:30:07 pm","the red sabre",Left,"General Practice",52,45,71,73.5,21.7,69,14,75,75,-31,5.22,0.13,22.2,,,
"Sep 08, 2023 02:27:39 pm","the red sabre",Left,"General Practice",51,59,57,66.8,15.9,68,11,82,82,-35,4.06,0.14,19.9,,,
"Sep 08, 2023 02:27:32 pm","the red sabre",Left,"General Practice",49,43,58,74.1,16,65,8,73,74,-36,5.08,0.14,21.6,,,
"Sep 08, 2023 02:27:23 pm","the red sabre",Left,"General Practice",62,54,52,72.1,13.7,79,9,80,80,-26,4.87,0.14,20.9,,,
"Sep 08, 2023 02:27:16 pm","the red sabre",Left,"General Practice",53,51,60,73.1,17.2,70,12,82,75,-22,5.16,0.13,21.3,,,
"Sep 08, 2023 02:27:11 pm","the red sabre",Left,"General Practice",60,57,59,72.7,16.5,77,8,85,78,-21,5.19,0.13,21.5,,,
"Sep 08, 2023 02:27:06 pm","the red sabre",Left,"General Practice",65,47,53,73.9,14.3,81,11,77,75,-23,4.91,0.14,23,,,
"Sep 08, 2023 02:22:18 pm","the red sabre",Left,"General Practice",55,57,51,68.8,13.3,72,5,81,82,-32,4.37,0.14,20.5,,,
"Sep 08, 2023 02:22:12 pm","the red sabre",Left,"General Practice",60,49,50,67.2,13,77,1,77,78,-30,4.06,0.14,20.5,,,
"Sep 08, 2023 02:22:06 pm","the red sabre",Left,"General Practice",59,55,53,69.6,14.2,76,3,79,81,-34,4.61,0.13,20.8,,,
"Sep 08, 2023 02:22:00 pm","the red sabre",Left,"General Practice",52,63,51,68.3,13.4,69,6,87,80,-22,4.5,0.13,19.9,,,
"Sep 08, 2023 02:21:53 pm","the red sabre",Left,"General Practice",61,56,54,73.1,14.4,77,4,83,79,-37,5,0.14,22.4,,,
"Sep 08, 2023 02:21:47 pm","the red sabre",Left,"General Practice",62,49,53,72.1,14.2,79,4,78,76,-32,4.94,0.13,21.6,,,
"Sep 08, 2023 02:17:00 pm","the red sabre",Left,"General Practice",66,56,54,69.1,14.7,82,5,81,81,-31,4.48,0.14,20.7,,,
"Sep 08, 2023 02:16:53 pm","the red sabre",Left,"General Practice",62,48,52,68.3,13.9,79,3,78,75,-28,4.51,0.13,20.9,,,
"Sep 08, 2023 02:16:47 pm","the red sabre",Left,"General Practice",59,48,48,67.9,12.1,76,6,81,73,-37,3.97,0.15,19.3,,,
"Sep 08, 2023 02:16:41 pm","the red sabre",Left,"General Practice",65,56,51,69,13.3,82,-2,85,77,-31,4.67,0.13,20.8,,,
"Sep 08, 2023 02:16:36 pm","the red sabre",Left,"General Practice",63,58,47,69.4,11.8,80,4,82,80,-38,4.33,0.14,21,,,
"Sep 08, 2023 02:16:30 pm","the red sabre",Left,"General Practice",62,57,55,68.4,14.9,79,3,80,82,-37,4.32,0.14,21.6,,,
"Sep 08, 2023 02:16:25 pm","the red sabre",Left,"General Practice",66,48,53,61.9,14.2,83,-3,74,79,-38,3.82,0.13,20.5,,,
"Sep 07, 2023 01:44:18 pm","the red sabre",Left,"General Practice",50,80,27,55.6,3.4,67,1,94,91,-16,2.5,0.16,17.9,,,
"Sep 07, 2023 01:44:02 pm","the red sabre",Left,"General Practice",63,53,60,70,16.8,80,4,78,81,-29,4.95,0.13,22.3,,,
"Sep 07, 2023 01:43:56 pm","the red sabre",Left,"General Practice",57,69,57,72.2,15.8,74,8,86,83,-35,4.74,0.14,22.3,,,
"Sep 07, 2023 01:43:52 pm","the red sabre",Left,"General Practice",67,44,50,69.9,12.9,84,4,72,75,-25,4.51,0.14,21.9,,,
"Sep 07, 2023 01:43:24 pm","the red sabre",Left,"General Practice",55,72,52,69.1,13.5,72,7,89,84,-29,4.83,0.13,21.5,,,
"Sep 07, 2023 01:43:19 pm","the red sabre",Left,"General Practice",62,57,49,70.7,12.5,79,10,82,80,-35,4.55,0.14,21.7,,,
"Sep 07, 2023 01:43:04 pm","the red sabre",Left,"General Practice",62,45,58,71.6,16.4,79,5,72,77,-33,5.11,0.13,22.5,,,
"Sep 07, 2023 01:39:21 pm","the red sabre",Left,"General Practice",64,54,54,69.4,14.7,80,9,77,82,-26,4.51,0.14,21.8,,,
"Sep 07, 2023 01:39:15 pm","the red sabre",Left,"General Practice",58,59,59,74.6,16.8,74,8,83,80,-32,5.63,0.13,22.8,,,
"Sep 07, 2023 01:39:10 pm","the red sabre",Left,"General Practice",58,59,62,72.5,17.8,74,5,82,82,-33,5.23,0.13,22.9,,,
"Sep 07, 2023 01:39:00 pm","the red sabre",Left,"General Practice",59,51,51,72.1,13.5,76,9,77,79,-29,4.81,0.14,22.8,,,
"Sep 07, 2023 01:38:03 pm","the red sabre",Left,"General Practice",62,61,45,70.6,10.7,79,5,86,79,-32,4.12,0.15,21.4,,,
"Sep 07, 2023 01:37:56 pm","the red sabre",Left,"General Practice",58,57,54,73.2,14.6,75,11,83,79,-30,5.1,0.13,22.3,,,
"Sep 07, 2023 01:37:48 pm","the red sabre",Left,"General Practice",57,58,51,59.4,13.2,74,-3,85,78,-22,3.62,0.12,20.7,,,
"Sep 07, 2023 01:34:38 pm","the red sabre",Left,"General Practice",64,58,59,69.8,16.6,81,11,79,85,-27,4.56,0.14,22.1,,,
"Sep 07, 2023 01:34:25 pm","the red sabre",Left,"General Practice",61,49,60,66.6,17,78,9,75,80,-29,4.56,0.12,21.8,,,
"Sep 07, 2023 01:34:15 pm","the red sabre",Left,"General Practice",63,50,57,66.5,15.6,79,0,75,80,-28,4.63,0.12,21.2,,,
"Sep 07, 2023 01:34:07 pm","the red sabre",Left,"General Practice",63,47,61,72.5,17.4,80,11,79,73,-39,4.99,0.13,21.2,,,
"Sep 07, 2023 01:34:01 pm","the red sabre",Left,"General Practice",63,51,56,74.6,15.3,80,5,82,75,-29,5.46,0.13,22,,,
"Sep 07, 2023 01:32:57 pm","the red sabre",Left,"General Practice",59,59,58,69.3,16.3,75,8,76,88,-41,4.64,0.13,23.5,,,
"Sep 07, 2023 01:32:46 pm","the red sabre",Left,"General Practice",57,55,57,65.3,16,74,8,73,87,-43,4.06,0.13,22.5,,,
"Sep 07, 2023 01:32:40 pm","the red sabre",Left,"General Practice",60,55,59,68.6,16.4,77,7,74,87,-36,4.28,0.14,23.2,,,
"Sep 07, 2023 01:30:22 pm","the red sabre",Left,"General Practice",58,55,60,64.3,17.1,75,4,74,87,-34,4.19,0.13,22,,,
"Sep 07, 2023 01:30:15 pm","the red sabre",Left,"General Practice",54,41,52,74.6,13.7,71,17,77,66,-24,5.14,0.14,20.4,,,
"Sep 07, 2023 01:30:10 pm","the red sabre",Left,"General Practice",68,54,47,68.6,11.7,85,0,85,74,-23,4.41,0.14,19.9,,,
"Sep 07, 2023 01:29:57 pm","the red sabre",Left,"General Practice",54,58,58,73.8,16,70,12,88,76,-30,5.26,0.13,21.3,,,
"Sep 07, 2023 01:29:52 pm","the red sabre",Left,"General Practice",57,57,50,72.1,12.9,74,8,86,76,-35,4.66,0.14,21.5,,,
"Sep 07, 2023 01:29:11 pm","the red sabre",Left,"General Practice",65,37,56,68.3,15.5,82,2,66,70,-37,4.65,0.13,21.5,,,
"Sep 07, 2023 01:28:58 pm","the red sabre",Left,"General Practice",62,46,55,68.8,14.8,78,-1,77,73,-30,4.86,0.12,21.1,,,
"Sep 07, 2023 01:28:52 pm","the red sabre",Left,"General Practice",56,48,56,74.8,15.5,73,10,82,72,-26,5.32,0.13,21.3,,,
"Sep 07, 2023 01:27:23 pm","the red sabre",Left,"General Practice",55,58,61,65.4,17.5,71,10,80,97,-35,4.01,0.14,22.9,,,
"Sep 07, 2023 01:27:18 pm","the red sabre",Left,"General Practice",54,55,62,67.7,17.9,70,5,74,87,-39,4.71,0.12,22.2,,,
"Sep 07, 2023 01:27:12 pm","the red sabre",Left,"General Practice",57,61,49,62,12.7,74,4,78,89,-37,3.71,0.13,20.7,,,
"Sep 07, 2023 01:27:07 pm","the red sabre",Left,"General Practice",62,65,52,67,13.6,78,1,84,84,-30,4.33,0.13,20.5,,,
"Sep 07, 2023 01:27:02 pm","the red sabre",Left,"General Practice",60,45,58,67.4,16.3,77,3,76,73,-25,4.83,0.12,20.2,,,
"Sep 07, 2023 01:26:57 pm","the red sabre",Left,"General Practice",55,56,43,64.8,10.1,72,4,84,77,-28,4.12,0.13,18.9,,,
"Sep 07, 2023 01:21:38 pm","the red sabre",Left,"General Practice",59,50,54,65.2,14.7,76,-1,77,78,-36,3.98,0.14,20.3,,,
"Sep 07, 2023 01:21:32 pm","the red sabre",Left,"General Practice",60,52,54,69.8,14.6,76,6,82,75,-28,4.5,0.14,20.8,,,
"Sep 07, 2023 01:21:26 pm","the red sabre",Left,"General Practice",59,62,54,70.7,14.4,76,1,94,81,-28,4.9,0.13,21.1,,,
"Sep 07, 2023 01:21:21 pm","the red sabre",Left,"General Practice",57,58,54,73.4,14.5,73,9,94,77,-26,4.84,0.14,21.3,,,
"Sep 07, 2023 01:21:16 pm","the red sabre",Left,"General Practice",57,59,52,74,13.6,73,12,95,79,-23,4.84,0.14,22.2,,,
"Sep 07, 2023 01:21:11 pm","the red sabre",Left,"General Practice",54,63,50,69.3,12.7,71,11,98,84,-27,4.14,0.15,21.3,,,
"Sep 07, 2023 01:21:06 pm","the red sabre",Left,"General Practice",63,53,58,67.4,16.2,79,6,73,85,-36,4.32,0.13,23,,,
"Sep 07, 2023 01:17:46 pm","the red sabre",Left,"General Practice",52,80,61,69.7,17.4,69,1,89,86,-40,4.55,0.14,21,,,
"Sep 05, 2023 02:21:50 pm",demo,Left,"Pitching Machine",57,64,63,74.9,18.3,74,10,84,84,-37,5.18,0.14,24.1,,,
"Sep 05, 2023 02:21:45 pm",demo,Left,"Pitching Machine",57,53,66,72.4,19.3,74,12,78,81,-40,4.77,0.14,25.5,,,
"Sep 05, 2023 02:21:41 pm",demo,Left,"Pitching Machine",57,55,50,68,13.1,73,-1,76,85,-46,4.21,0.14,22.4,,,
"Sep 05, 2023 02:20:37 pm",demo,Left,"Pitching Machine",56,53,56,76.2,15.4,72,16,90,72,-25,5.44,0.14,22.2,,,
"Sep 05, 2023 02:20:32 pm",demo,Left,"Pitching Machine",50,51,56,80.2,15.4,67,15,90,69,-25,6.03,0.14,23.1,,,
"Sep 05, 2023 02:20:27 pm",demo,Left,"Pitching Machine",52,51,62,76.5,17.9,69,16,83,74,-27,5.41,0.14,24.6,,,
"Sep 05, 2023 02:20:21 pm",demo,Left,"Pitching Machine",45,31,72,79.9,22.2,62,18,65,61,-27,6.36,0.13,23.7,,,
"Sep 05, 2023 02:20:15 pm",demo,Left,"Pitching Machine",62,55,62,77.8,17.8,79,10,85,76,-31,5.67,0.14,24.5,,,
"Sep 05, 2023 02:20:11 pm",demo,Left,"Pitching Machine",59,61,54,73.8,14.5,76,2,83,82,-36,5.03,0.14,23.6,,,
"Sep 05, 2023 02:20:06 pm",demo,Left,"Pitching Machine",63,43,62,69.8,17.7,79,-3,70,77,-29,5.27,0.12,24.6,,,
"Sep 05, 2023 02:15:36 pm",demo,Left,"Pitching Machine",52,56,60,80.1,17.1,69,13,86,75,-25,6.2,0.13,22.2,,,
"Sep 05, 2023 02:15:32 pm",demo,Left,"Pitching Machine",53,59,60,78.4,17,69,12,90,76,-29,5.68,0.14,22.3,,,
"Sep 05, 2023 02:15:25 pm",demo,Left,"Pitching Machine",60,48,56,78.5,15.5,77,5,82,71,-33,5.86,0.13,22.4,,,
"Sep 05, 2023 02:15:20 pm",demo,Left,"Pitching Machine",57,50,51,78,13.4,73,8,84,72,-33,5.7,0.14,23.2,,,
"Sep 05, 2023 02:15:16 pm",demo,Left,"Pitching Machine",54,60,64,79.1,18.8,71,9,86,78,-31,6.23,0.13,23.6,,,
