﻿"©Blast Motion. All rights reserved."
"NOTE: Access to and use of this data is subject to the Blast Motion terms of use and end user license agreement, which can be found at https://blastmotion.com/terms-of-service/"
Email:,cbergmann1@live.maryville.edu
Academy:,"Maryville University Baseball"
Sport:,Baseball
"Report Date:","Sep 11, 2023 07:51:45 pm"
"Date Range:","Aug 28, 2023 - Sep 11, 2023"

Date,Equipment,Handedness,"Swing Details","Plane Score","Connection Score","Rotation Score","Bat Speed (mph)","Rotational Acceleration (g)","On Plane Efficiency (%)","Attack Angle (deg)","Early Connection (deg)","Connection at Impact (deg)","Vertical Bat Angle (deg)","Power (kW)","Time to Contact (sec)","Peak Hand Speed (mph)","Exit Velocity (mph)","Launch Angle (deg)","Estimated Distance (feet)"
"Sep 11, 2023 11:43:57 am","CF Insane End Load BBCOR",Right,"General Practice",47,61,47,64.8,11.6,64,14,92,78,-22,3.22,0.17,16.8,,,
"Sep 11, 2023 11:43:50 am","CF Insane End Load BBCOR",Right,"General Practice",44,57,41,66,9.1,61,12,100,82,-24,3.39,0.16,16.1,,,
"Sep 11, 2023 11:43:44 am","CF Insane End Load BBCOR",Right,"General Practice",45,53,40,71.6,8.9,61,13,100,79,-22,4.24,0.15,18.7,,,
"Sep 11, 2023 11:43:36 am","CF Insane End Load BBCOR",Right,"General Practice",62,69,51,65.7,13.4,79,1,91,82,-26,4.04,0.14,18.5,,,
"Sep 11, 2023 11:43:30 am","CF Insane End Load BBCOR",Right,"General Practice",54,60,42,69.4,9.7,71,10,92,77,-25,4.27,0.14,18.6,,,
"Sep 11, 2023 11:43:24 am","CF Insane End Load BBCOR",Right,"General Practice",51,60,45,68.8,10.8,67,12,95,80,-26,4.19,0.14,17.6,,,
"Sep 11, 2023 11:40:20 am","CF Insane End Load BBCOR",Right,"General Practice",55,48,39,68.3,8.4,72,10,105,79,-21,3.96,0.15,19,,,
"Sep 11, 2023 11:40:13 am","CF Insane End Load BBCOR",Right,"General Practice",55,54,45,67.8,10.9,71,12,100,80,-24,3.75,0.16,19.1,,,
"Sep 11, 2023 11:40:07 am","CF Insane End Load BBCOR",Right,"General Practice",52,49,39,69.1,8.2,69,12,104,79,-23,4.01,0.15,19.3,,,
"Sep 11, 2023 11:40:00 am","CF Insane End Load BBCOR",Right,"General Practice",60,52,37,65.9,7.4,77,-2,110,89,-35,3.9,0.14,18.9,,,
"Sep 11, 2023 11:39:54 am","CF Insane End Load BBCOR",Right,"General Practice",54,57,47,71.4,11.8,71,10,100,82,-27,4.46,0.15,19.4,,,
"Sep 11, 2023 11:39:48 am","CF Insane End Load BBCOR",Right,"General Practice",54,51,41,66,9.2,71,7,103,80,-27,3.86,0.14,18.8,,,
"Sep 10, 2023 01:51:10 pm","CF Insane End Load BBCOR",Right,"General Practice",62,67,52,67.6,13.9,79,18,89,82,-23,4.1,0.14,18.4,,,
"Sep 10, 2023 01:50:59 pm","CF Insane End Load BBCOR",Right,"General Practice",70,58,42,65.2,9.6,87,14,81,82,-32,3.82,0.14,18.7,,,
"Sep 10, 2023 01:50:40 pm","CF Insane End Load BBCOR",Right,"General Practice",66,57,48,65.9,12.2,83,18,84,78,-25,3.5,0.16,18.4,,,
"Sep 10, 2023 01:50:32 pm","CF Insane End Load BBCOR",Right,"General Practice",62,78,50,69.2,12.9,79,15,90,86,-23,4.06,0.15,19,,,
"Sep 10, 2023 01:50:22 pm","CF Insane End Load BBCOR",Right,"General Practice",64,65,49,60,12.5,81,11,86,82,-20,3.37,0.14,18.3,,,
"Sep 10, 2023 01:48:57 pm","CF Insane End Load BBCOR",Right,"General Practice",61,59,51,65.2,13.3,78,20,90,76,-18,3.66,0.15,18.2,,,
"Sep 10, 2023 01:48:49 pm","CF Insane End Load BBCOR",Right,"General Practice",67,64,49,62.5,12.3,84,12,85,83,-23,3.51,0.14,18.5,,,
"Sep 10, 2023 01:48:34 pm","CF Insane End Load BBCOR",Right,"General Practice",61,57,47,68,11.7,77,21,86,77,-14,3.68,0.16,18.7,,,
"Sep 10, 2023 01:48:24 pm","CF Insane End Load BBCOR",Right,"General Practice",56,59,48,63.9,12.1,73,20,91,76,-18,3.25,0.16,17.3,,,
"Sep 10, 2023 01:48:16 pm","CF Insane End Load BBCOR",Right,"General Practice",56,67,42,67.2,9.6,73,17,99,87,-22,3.64,0.16,18.5,,,
"Sep 10, 2023 01:48:03 pm","CF Insane End Load BBCOR",Right,"General Practice",60,66,45,65.7,10.9,77,20,91,81,-18,3.67,0.15,18.2,,,
"Sep 10, 2023 01:47:53 pm","CF Insane End Load BBCOR",Right,"General Practice",59,69,55,67.9,14.8,76,14,87,83,-21,4.08,0.14,18.6,,,
"Sep 10, 2023 01:46:38 pm","CF Insane End Load BBCOR",Right,"General Practice",57,68,51,67.9,13.2,74,14,98,87,-15,3.87,0.15,18.5,,,
"Sep 10, 2023 01:46:29 pm","CF Insane End Load BBCOR",Right,"General Practice",62,70,47,63,11.7,79,7,95,85,-23,3.61,0.14,18.7,,,
"Sep 10, 2023 01:45:57 pm","CF Insane End Load BBCOR",Right,"General Practice",54,65,48,70.1,12,70,13,94,82,-18,3.96,0.16,19.1,,,
"Sep 10, 2023 01:45:47 pm","CF Insane End Load BBCOR",Right,"General Practice",60,72,46,68.9,11.2,77,16,87,84,-31,4.04,0.15,19,,,
"Sep 10, 2023 01:45:39 pm","CF Insane End Load BBCOR",Right,"General Practice",60,63,44,70.8,10.4,76,20,93,80,-28,4.15,0.15,19.1,,,
"Sep 10, 2023 01:45:25 pm","CF Insane End Load BBCOR",Right,"General Practice",68,70,42,64.5,9.7,84,10,87,83,-29,3.45,0.15,18.9,,,
"Sep 10, 2023 01:45:15 pm","CF Insane End Load BBCOR",Right,"General Practice",63,64,45,65.6,10.7,80,11,86,81,-28,3.98,0.14,18.9,,,
"Sep 10, 2023 01:45:01 pm","CF Insane End Load BBCOR",Right,"General Practice",69,49,54,66.3,14.3,86,15,73,81,-23,3.74,0.15,19.5,,,
"Sep 10, 2023 01:44:53 pm","CF Insane End Load BBCOR",Right,"General Practice",64,62,39,66,8.5,80,20,88,79,-21,3.56,0.16,18.3,,,
"Sep 10, 2023 01:44:41 pm","CF Insane End Load BBCOR",Right,"General Practice",66,50,53,66,14,83,17,76,79,-22,3.85,0.14,18.6,,,
"Sep 10, 2023 01:44:23 pm","CF Insane End Load BBCOR",Right,"General Practice",52,54,47,62.8,11.8,69,21,88,72,-18,3.11,0.16,17.3,,,
"Sep 10, 2023 01:44:11 pm","CF Insane End Load BBCOR",Right,"General Practice",54,57,44,70.1,10.5,71,14,95,77,-22,4.17,0.15,18.6,,,
"Sep 10, 2023 01:44:02 pm","CF Insane End Load BBCOR",Right,"General Practice",55,55,42,65.5,9.5,72,9,101,81,-20,3.8,0.14,18.2,,,
"Sep 10, 2023 01:43:39 pm","CF Insane End Load BBCOR",Right,"General Practice",65,63,54,69.2,14.6,82,6,88,79,-27,4.37,0.14,19.7,,,
"Sep 10, 2023 01:43:29 pm","CF Insane End Load BBCOR",Right,"General Practice",63,64,41,67.5,9.3,79,8,93,80,-27,3.77,0.15,19.4,,,
"Sep 10, 2023 01:43:17 pm","CF Insane End Load BBCOR",Right,"General Practice",63,67,44,66.8,10.3,79,9,95,84,-34,3.65,0.16,19.3,,,
"Sep 10, 2023 01:43:01 pm","CF Insane End Load BBCOR",Right,"General Practice",53,57,45,65.7,10.9,70,11,102,84,-30,3.62,0.15,17.9,,,
"Sep 10, 2023 01:42:51 pm","CF Insane End Load BBCOR",Right,"General Practice",63,62,38,68.3,7.9,80,9,97,83,-32,4.13,0.14,19.4,,,
"Sep 10, 2023 01:42:43 pm","CF Insane End Load BBCOR",Right,"General Practice",58,72,49,66.9,12.5,75,9,92,84,-29,4.02,0.14,18.9,,,
"Sep 10, 2023 01:42:30 pm","CF Insane End Load BBCOR",Right,"General Practice",62,64,45,68.6,10.9,79,15,94,82,-27,4.17,0.14,18.5,,,
"Sep 10, 2023 01:42:24 pm","CF Insane End Load BBCOR",Right,"General Practice",58,73,43,66.5,10,75,9,94,86,-29,3.86,0.15,18.7,,,
"Sep 10, 2023 01:42:17 pm","CF Insane End Load BBCOR",Right,"General Practice",60,66,43,67.2,9.9,76,8,99,90,-34,3.78,0.15,19.4,,,
"Sep 10, 2023 01:40:08 pm","CF Insane End Load BBCOR",Right,"General Practice",56,69,47,66.4,11.5,72,14,94,84,-26,3.74,0.15,18.1,,,
"Sep 10, 2023 01:39:51 pm","CF Insane End Load BBCOR",Right,"General Practice",65,46,47,65.5,11.5,82,17,74,77,-25,3.51,0.16,18.8,,,
"Sep 10, 2023 01:39:37 pm","CF Insane End Load BBCOR",Right,"General Practice",62,67,50,66.4,13,79,15,85,84,-27,3.96,0.14,18.2,,,
"Sep 10, 2023 01:39:20 pm","CF Insane End Load BBCOR",Right,"General Practice",63,76,42,67,9.7,80,15,91,85,-28,3.82,0.15,18.8,,,
"Sep 10, 2023 01:36:59 pm","CF Insane End Load BBCOR",Right,"General Practice",61,66,44,68.3,10.3,78,18,91,81,-25,3.91,0.15,18.6,,,
"Sep 10, 2023 01:36:52 pm","CF Insane End Load BBCOR",Right,"General Practice",66,80,48,67.6,12,82,10,86,88,-30,4.11,0.14,19.5,,,
"Sep 10, 2023 01:36:43 pm","CF Insane End Load BBCOR",Right,"General Practice",66,58,46,64.5,11,83,12,83,80,-32,3.4,0.16,18.8,,,
"Sep 10, 2023 01:36:14 pm","CF Insane End Load BBCOR",Right,"General Practice",60,62,49,69.4,12.5,77,14,90,79,-26,3.98,0.15,19.4,,,
"Sep 10, 2023 01:36:07 pm","CF Insane End Load BBCOR",Right,"General Practice",61,59,45,66,11,78,12,88,77,-26,3.91,0.14,18.6,,,
"Sep 10, 2023 01:35:45 pm","CF Insane End Load BBCOR",Right,"General Practice",59,57,46,70.4,11.1,75,16,90,75,-27,4.15,0.15,18.8,,,
"Sep 10, 2023 01:35:34 pm","CF Insane End Load BBCOR",Right,"General Practice",64,59,46,65.3,11.4,81,11,86,78,-27,3.77,0.14,18.5,,,
"Sep 10, 2023 01:35:01 pm","CF Insane End Load BBCOR",Right,"General Practice",53,56,45,65.8,10.7,70,17,100,81,-22,3.78,0.15,17.6,,,
"Sep 10, 2023 01:33:53 pm","CF Insane End Load BBCOR",Right,"General Practice",64,58,46,69,11.2,81,17,85,79,-27,4.21,0.14,19.4,,,
"Sep 10, 2023 01:33:27 pm","CF Insane End Load BBCOR",Right,"General Practice",64,52,47,65.5,11.8,81,19,81,77,-21,3.75,0.15,18.3,,,
"Sep 10, 2023 01:33:14 pm","CF Insane End Load BBCOR",Right,"General Practice",67,55,49,65.1,12.3,84,16,84,77,-24,3.86,0.14,18.2,,,
"Sep 10, 2023 01:32:43 pm","CF Insane End Load BBCOR",Right,"General Practice",58,53,48,69.5,11.9,75,22,86,73,-18,4.28,0.14,18.3,,,
"Sep 10, 2023 01:32:22 pm","CF Insane End Load BBCOR",Right,"General Practice",56,60,50,70.2,13,73,22,92,77,-18,4.49,0.14,18.2,,,
"Sep 10, 2023 01:32:03 pm","CF Insane End Load BBCOR",Right,"General Practice",52,59,45,68.6,11,69,22,89,76,-12,3.75,0.16,18.5,,,
"Sep 10, 2023 01:31:46 pm","CF Insane End Load BBCOR",Right,"General Practice",61,61,41,69.7,9.1,77,20,95,81,-20,4.31,0.14,18.9,,,
"Sep 10, 2023 01:31:27 pm","CF Insane End Load BBCOR",Right,"General Practice",67,53,59,66.8,16.6,84,14,79,80,-22,4.18,0.14,19,,,
"Sep 10, 2023 01:30:45 pm","CF Insane End Load BBCOR",Right,"General Practice",61,71,44,70.3,10.5,78,13,95,85,-22,4.31,0.15,19.7,,,
"Sep 10, 2023 01:30:34 pm","CF Insane End Load BBCOR",Right,"General Practice",66,68,48,65.3,12,83,8,88,82,-22,3.94,0.14,19.4,,,
"Sep 10, 2023 01:30:23 pm","CF Insane End Load BBCOR",Right,"General Practice",59,70,50,68.8,13,76,16,88,83,-17,4.13,0.15,19.6,,,
"Sep 10, 2023 01:28:39 pm","CF Insane End Load BBCOR",Right,"General Practice",63,74,54,69.3,14.3,80,6,90,84,-26,4.5,0.14,20,,,
"Sep 10, 2023 01:28:27 pm","CF Insane End Load BBCOR",Right,"General Practice",57,66,54,71.5,14.4,73,10,94,83,-26,4.66,0.14,19.2,,,
"Sep 10, 2023 01:28:13 pm","CF Insane End Load BBCOR",Right,"General Practice",60,60,51,68.8,13.5,77,7,98,82,-19,3.98,0.15,19.2,,,
"Sep 10, 2023 01:27:57 pm","CF Insane End Load BBCOR",Right,"General Practice",60,64,49,70.4,12.3,77,8,97,84,-22,4.16,0.15,19.5,,,
"Sep 10, 2023 01:27:37 pm","CF Insane End Load BBCOR",Right,"General Practice",57,57,53,69.6,14.2,74,7,94,77,-19,4.17,0.15,18.8,,,
"Sep 10, 2023 01:27:23 pm","CF Insane End Load BBCOR",Right,"General Practice",65,60,50,60.3,13.1,82,-3,95,80,-21,3.52,0.13,18.6,,,
"Sep 10, 2023 01:27:05 pm","CF Insane End Load BBCOR",Right,"General Practice",52,57,52,72.4,13.8,68,15,92,75,-18,4.4,0.15,18.6,,,
"Sep 10, 2023 01:26:55 pm","CF Insane End Load BBCOR",Right,"General Practice",52,54,47,71.9,11.5,69,14,100,80,-23,4.4,0.15,18.3,,,
"Sep 10, 2023 01:26:35 pm","CF Insane End Load BBCOR",Right,"General Practice",52,53,46,69.6,11.3,69,25,91,71,-12,3.67,0.17,18.5,,,
"Sep 10, 2023 01:26:19 pm","CF Insane End Load BBCOR",Right,"General Practice",61,72,48,64.3,11.9,78,14,86,85,-25,3.61,0.15,18.4,,,
"Sep 10, 2023 01:26:19 pm","CF Insane End Load BBCOR",Right,"General Practice",61,72,48,64.3,11.9,78,14,86,85,-25,3.61,0.15,18.4,,,
"Sep 10, 2023 01:26:03 pm","CF Insane End Load BBCOR",Right,"General Practice",62,54,58,68.2,16.2,79,18,84,75,-20,4.17,0.14,18.2,,,
"Sep 10, 2023 01:26:03 pm","CF Insane End Load BBCOR",Right,"General Practice",62,54,58,68.2,16.2,79,18,84,75,-20,4.17,0.14,18.2,,,
"Sep 10, 2023 01:25:50 pm","CF Insane End Load BBCOR",Right,"General Practice",57,59,46,70.5,11.1,74,22,90,76,-18,4.17,0.15,18.9,,,
"Sep 10, 2023 01:25:50 pm","CF Insane End Load BBCOR",Right,"General Practice",57,59,46,70.5,11.1,74,22,90,76,-18,4.17,0.15,18.9,,,
"Sep 10, 2023 01:25:27 pm","CF Insane End Load BBCOR",Right,"General Practice",49,53,46,68,11,66,21,98,77,-15,3.77,0.16,17.3,,,
"Sep 10, 2023 01:25:03 pm","CF Insane End Load BBCOR",Right,"General Practice",59,61,46,68.4,11.3,76,21,88,78,-17,3.93,0.15,18.8,,,
"Sep 10, 2023 01:25:03 pm","CF Insane End Load BBCOR",Right,"General Practice",59,61,46,68.4,11.3,76,21,88,78,-17,3.93,0.15,18.8,,,
"Sep 10, 2023 01:24:54 pm","CF Insane End Load BBCOR",Right,"General Practice",51,55,50,69.2,12.7,68,17,106,87,-20,4.07,0.15,18.3,,,
"Sep 10, 2023 01:24:47 pm","CF Insane End Load BBCOR",Right,"General Practice",55,65,48,67.1,11.9,72,17,92,80,-19,3.72,0.15,18,,,
"Sep 10, 2023 01:24:47 pm","CF Insane End Load BBCOR",Right,"General Practice",55,65,48,67.1,11.9,72,17,92,80,-19,3.72,0.15,18,,,
"Sep 10, 2023 01:23:05 pm","CF Insane End Load BBCOR",Right,"General Practice",59,67,48,67.5,12.2,75,14,91,82,-13,3.82,0.15,19.4,,,
"Sep 10, 2023 01:22:55 pm","CF Insane End Load BBCOR",Right,"General Practice",60,63,46,66.5,11.4,77,13,97,83,-19,3.86,0.15,18.7,,,
"Sep 10, 2023 01:22:30 pm","CF Insane End Load BBCOR",Right,"General Practice",58,57,48,67.1,12.2,75,12,104,86,-24,3.98,0.14,18.9,,,
"Sep 10, 2023 01:21:56 pm","CF Insane End Load BBCOR",Right,"General Practice",65,59,56,69,15.5,82,10,93,77,-22,4.21,0.14,19.4,,,
"Sep 10, 2023 01:21:27 pm","CF Insane End Load BBCOR",Right,"General Practice",49,53,45,68.5,11,65,13,104,82,-12,4.05,0.15,18.3,,,
"Sep 10, 2023 01:21:14 pm","CF Insane End Load BBCOR",Right,"General Practice",63,64,55,68.9,14.8,80,6,92,80,-19,4.27,0.14,19.5,,,
"Sep 10, 2023 01:20:59 pm","CF Insane End Load BBCOR",Right,"General Practice",59,66,52,66.1,13.8,76,9,93,81,-18,3.98,0.14,18.3,,,
"Sep 10, 2023 01:20:46 pm","CF Insane End Load BBCOR",Right,"General Practice",60,60,47,68.2,11.7,77,9,98,83,-18,4.11,0.14,18.4,,,
"Sep 10, 2023 01:20:34 pm","CF Insane End Load BBCOR",Right,"General Practice",57,55,52,68.2,13.6,73,9,99,79,-19,4.43,0.13,18.5,,,
"Sep 10, 2023 01:19:45 pm","CF Insane End Load BBCOR",Right,"General Practice",52,54,47,73.1,11.6,69,13,103,82,-18,4.66,0.15,18.8,,,
"Sep 10, 2023 01:19:32 pm","CF Insane End Load BBCOR",Right,"General Practice",54,44,42,73.6,9.4,71,14,104,73,-12,4.48,0.15,18.9,,,
"Sep 10, 2023 01:19:14 pm","CF Insane End Load BBCOR",Right,"General Practice",53,42,43,73.6,10.2,69,15,111,76,-11,4.8,0.14,17.6,,,
"Sep 10, 2023 01:19:02 pm","CF Insane End Load BBCOR",Right,"General Practice",50,45,49,73.8,12.5,66,10,110,79,-11,4.76,0.15,18.1,,,
"Sep 10, 2023 01:18:44 pm","CF Insane End Load BBCOR",Right,"General Practice",51,41,35,72.3,6.6,68,17,111,73,-12,4.32,0.15,18.1,,,
"Sep 10, 2023 01:18:34 pm","CF Insane End Load BBCOR",Right,"General Practice",62,53,53,70.6,14.3,79,3,100,79,-17,4.88,0.13,18.9,,,
"Sep 10, 2023 01:03:49 pm","CF Insane End Load BBCOR",Right,"General Practice",51,57,49,69.5,12.7,68,13,98,79,-18,4,0.15,19.9,,,
"Sep 10, 2023 01:03:38 pm","CF Insane End Load BBCOR",Right,"General Practice",51,55,41,67.8,9.1,67,14,102,83,-18,3.66,0.16,20.3,,,
"Sep 10, 2023 01:03:23 pm","CF Insane End Load BBCOR",Right,"General Practice",50,45,45,73.7,10.6,66,12,104,74,-10,5.17,0.13,18.4,,,
"Sep 10, 2023 01:03:11 pm","CF Insane End Load BBCOR",Right,"General Practice",42,55,48,70.7,12.2,59,15,101,81,-16,4.37,0.15,17.3,,,
"Sep 10, 2023 01:02:34 pm","CF Insane End Load BBCOR",Right,"General Practice",48,59,49,68.6,12.5,64,11,94,78,-20,4,0.15,17.2,,,
"Sep 10, 2023 01:02:23 pm","CF Insane End Load BBCOR",Right,"General Practice",41,55,47,71.5,11.8,57,15,95,76,-13,4.07,0.16,17.4,,,
"Sep 10, 2023 01:02:11 pm","CF Insane End Load BBCOR",Right,"General Practice",51,62,45,69.4,10.6,67,10,94,80,-18,4.15,0.15,18,,,
"Sep 10, 2023 01:01:55 pm","CF Insane End Load BBCOR",Right,"General Practice",40,55,47,69.4,11.8,56,15,98,78,-12,4.04,0.15,16.8,,,
"Sep 10, 2023 01:01:41 pm","CF Insane End Load BBCOR",Right,"General Practice",42,59,48,70.5,12,58,13,94,78,-17,4.34,0.15,17.7,,,
"Sep 10, 2023 01:00:54 pm","CF Insane End Load BBCOR",Right,"General Practice",46,69,50,65.9,12.9,63,12,94,84,-19,3.51,0.16,17.6,,,
"Sep 10, 2023 01:00:43 pm","CF Insane End Load BBCOR",Right,"General Practice",48,68,52,66.2,13.8,64,15,93,82,-21,3.73,0.15,17.6,,,
"Sep 10, 2023 01:00:24 pm","CF Insane End Load BBCOR",Right,"General Practice",44,61,49,65.2,12.6,61,14,90,78,-18,3.52,0.15,17.3,,,
"Sep 10, 2023 01:00:14 pm","CF Insane End Load BBCOR",Right,"General Practice",54,74,52,67.2,13.6,71,9,84,88,-24,3.94,0.15,19.6,,,
"Sep 10, 2023 12:59:59 pm","CF Insane End Load BBCOR",Right,"General Practice",49,67,54,65.5,14.6,66,10,83,86,-30,3.38,0.16,20.3,,,
"Sep 10, 2023 12:59:49 pm","CF Insane End Load BBCOR",Right,"General Practice",44,68,53,64.2,14.1,61,10,98,92,-30,3.41,0.15,19.3,,,
"Sep 10, 2023 12:58:34 pm","CF Insane End Load BBCOR",Right,"General Practice",52,68,53,64.9,14.2,69,12,84,86,-24,3.63,0.15,19,,,
"Sep 10, 2023 12:58:14 pm","CF Insane End Load BBCOR",Right,"General Practice",43,69,44,64.5,10.3,60,10,98,90,-25,3.58,0.15,18.6,,,
"Sep 10, 2023 12:58:04 pm","CF Insane End Load BBCOR",Right,"General Practice",56,80,48,64.6,12.1,73,6,92,91,-29,3.8,0.14,18.9,,,
"Sep 10, 2023 12:57:07 pm","CF Insane End Load BBCOR",Right,"General Practice",49,65,49,68.5,12.6,66,13,84,83,-27,4.1,0.15,19.7,,,
"Sep 10, 2023 12:56:56 pm","CF Insane End Load BBCOR",Right,"General Practice",40,71,54,63.6,14.4,56,13,90,83,-28,3.53,0.15,18.8,,,
"Sep 10, 2023 12:56:37 pm","CF Insane End Load BBCOR",Right,"General Practice",49,70,52,69.2,13.7,65,13,90,83,-21,4.24,0.14,18.1,,,
"Sep 10, 2023 12:56:27 pm","CF Insane End Load BBCOR",Right,"General Practice",57,73,45,69.3,10.7,74,6,93,85,-25,4.26,0.14,18.6,,,
"Sep 10, 2023 12:55:58 pm","CF Insane End Load BBCOR",Right,"General Practice",52,65,45,68.1,11,68,8,92,80,-22,3.79,0.16,18.3,,,
"Sep 10, 2023 12:55:48 pm","CF Insane End Load BBCOR",Right,"General Practice",59,65,43,69.6,10.2,76,6,98,86,-28,4.35,0.14,18.3,,,
"Sep 10, 2023 12:55:37 pm","CF Insane End Load BBCOR",Right,"General Practice",46,67,51,67.6,13.3,62,12,96,85,-20,4.11,0.14,17.8,,,
"Sep 10, 2023 12:55:24 pm","CF Insane End Load BBCOR",Right,"General Practice",38,64,51,69.5,13.4,55,15,97,84,-21,4.16,0.15,18.1,,,
"Sep 10, 2023 12:55:14 pm","CF Insane End Load BBCOR",Right,"General Practice",48,70,45,68.5,10.7,65,9,97,89,-29,3.79,0.16,18.5,,,
"Sep 10, 2023 12:54:58 pm","CF Insane End Load BBCOR",Right,"General Practice",38,50,45,72.9,10.8,55,13,103,79,-17,4.29,0.16,18.4,,,
"Sep 10, 2023 12:54:46 pm","CF Insane End Load BBCOR",Right,"General Practice",40,54,56,67.8,15.4,57,13,103,82,-18,3.96,0.15,17.5,,,
"Sep 10, 2023 12:54:28 pm","CF Insane End Load BBCOR",Right,"General Practice",58,68,39,68.1,8.2,74,11,94,83,-25,3.51,0.17,19.3,,,
"Sep 10, 2023 12:54:19 pm","CF Insane End Load BBCOR",Right,"General Practice",55,60,44,68.1,10.6,72,8,98,83,-23,4,0.15,18.8,,,
"Sep 10, 2023 12:54:09 pm","CF Insane End Load BBCOR",Right,"General Practice",46,54,45,72.1,10.9,62,8,108,89,-29,4.42,0.15,18.8,,,
"Sep 10, 2023 12:52:04 pm","CF Insane End Load BBCOR",Right,"General Practice",48,52,46,70,11.1,65,12,103,81,-16,4.16,0.15,18.5,,,
"Sep 10, 2023 12:51:54 pm","CF Insane End Load BBCOR",Right,"General Practice",47,52,45,66.3,11,64,14,100,78,-17,3.74,0.15,18.1,,,
"Sep 10, 2023 12:51:40 pm","CF Insane End Load BBCOR",Right,"General Practice",42,51,53,71.3,14.3,59,18,95,72,-14,4.44,0.15,17.8,,,
"Sep 10, 2023 12:51:32 pm","CF Insane End Load BBCOR",Right,"General Practice",51,56,46,69.6,11.1,68,12,95,77,-13,4.01,0.15,18.5,,,
"Sep 10, 2023 12:51:15 pm","CF Insane End Load BBCOR",Right,"General Practice",40,49,41,68.1,9.2,56,20,97,72,-10,3.69,0.16,17.3,,,
"Sep 10, 2023 12:51:06 pm","CF Insane End Load BBCOR",Right,"General Practice",60,58,46,70.7,11.1,76,8,95,78,-20,4.25,0.15,19,,,
"Sep 10, 2023 12:50:48 pm","CF Insane End Load BBCOR",Right,"General Practice",50,48,46,73.1,11.4,67,13,98,72,-13,4.48,0.15,17.7,,,
"Sep 10, 2023 12:50:38 pm","CF Insane End Load BBCOR",Right,"General Practice",50,54,45,67.1,11,67,11,99,78,-12,3.72,0.15,17.2,,,
"Sep 10, 2023 12:50:27 pm","CF Insane End Load BBCOR",Right,"General Practice",49,48,49,73.1,12.6,65,12,102,75,-12,4.6,0.15,18.2,,,
"Sep 10, 2023 12:50:18 pm","CF Insane End Load BBCOR",Right,"General Practice",53,53,41,68.3,9.2,69,13,99,78,-16,3.82,0.16,17.9,,,
"Sep 10, 2023 12:50:02 pm","CF Insane End Load BBCOR",Right,"General Practice",49,49,39,70.7,8.4,65,12,102,76,-18,4.36,0.15,17.6,,,
"Sep 10, 2023 12:49:50 pm","CF Insane End Load BBCOR",Right,"General Practice",54,55,40,68.4,8.6,71,10,96,76,-14,3.82,0.16,18,,,
"Sep 10, 2023 12:49:25 pm","CF Insane End Load BBCOR",Right,"General Practice",59,54,47,68.9,11.8,75,10,93,72,-17,4.32,0.14,18.3,,,
"Sep 10, 2023 12:49:13 pm","CF Insane End Load BBCOR",Right,"General Practice",54,50,52,70,13.7,71,16,90,68,-16,3.96,0.16,17.7,,,
"Sep 10, 2023 12:49:00 pm","CF Insane End Load BBCOR",Right,"General Practice",52,48,43,71.2,10.2,68,13,100,73,-15,4.2,0.15,18,,,
"Sep 10, 2023 12:48:49 pm","CF Insane End Load BBCOR",Right,"General Practice",45,47,43,71.9,10.1,61,11,112,85,-18,4.64,0.14,17.2,,,
"Sep 10, 2023 12:48:33 pm","CF Insane End Load BBCOR",Right,"General Practice",52,62,48,67.2,11.9,69,13,94,80,-21,3.84,0.15,17.1,,,
"Sep 10, 2023 12:48:21 pm","CF Insane End Load BBCOR",Right,"General Practice",55,72,50,64.5,12.8,72,9,88,84,-29,3.53,0.15,18.4,,,
"Sep 10, 2023 12:48:02 pm","CF Insane End Load BBCOR",Right,"General Practice",67,69,46,62.1,11.2,84,-2,82,89,-30,3.33,0.15,19.2,,,
"Sep 09, 2023 03:29:40 pm","CF Insane End Load BBCOR",Right,"General Practice",42,50,33,72.4,5.9,59,14,106,81,-24,4.18,0.16,18.7,,,
"Sep 09, 2023 03:29:29 pm","CF Insane End Load BBCOR",Right,"General Practice",62,59,47,72.1,11.8,78,10,88,76,-32,4.47,0.15,19.7,,,
"Sep 09, 2023 03:29:20 pm","CF Insane End Load BBCOR",Right,"General Practice",55,58,38,72,8.1,72,11,100,83,-28,4.23,0.16,19,,,
"Sep 09, 2023 03:29:14 pm","CF Insane End Load BBCOR",Right,"General Practice",50,62,48,69.5,12.2,66,16,94,81,-20,3.9,0.16,18.6,,,
"Sep 09, 2023 03:29:04 pm","CF Insane End Load BBCOR",Right,"General Practice",50,50,38,70.5,7.8,67,14,109,84,-28,3.96,0.16,18.2,,,
"Sep 09, 2023 03:28:50 pm","CF Insane End Load BBCOR",Right,"General Practice",47,52,34,73.9,6.4,64,11,109,87,-30,4.52,0.15,18.9,,,
"Sep 09, 2023 03:28:44 pm","CF Insane End Load BBCOR",Right,"General Practice",54,58,45,74,11,71,15,96,80,-26,4.26,0.16,19.1,,,
"Sep 09, 2023 03:28:21 pm","CF Insane End Load BBCOR",Right,"General Practice",53,51,36,73.4,7,69,5,111,89,-35,4.7,0.15,19.7,,,
"Sep 09, 2023 03:28:16 pm","CF Insane End Load BBCOR",Right,"General Practice",59,63,53,74.4,14.1,76,6,96,83,-30,4.83,0.15,19.9,,,
"Sep 09, 2023 03:27:15 pm","CF Insane End Load BBCOR",Right,"General Practice",51,57,46,72.4,11.1,68,16,95,78,-20,4.18,0.16,19.4,,,
"Sep 09, 2023 03:27:02 pm","CF Insane End Load BBCOR",Right,"General Practice",58,62,41,72.3,9.4,75,13,96,82,-28,4.32,0.15,19.7,,,
"Sep 09, 2023 03:26:54 pm","CF Insane End Load BBCOR",Right,"General Practice",46,55,47,72.1,11.7,63,14,95,75,-21,4.24,0.16,18.6,,,
"Sep 09, 2023 03:23:52 pm","CF Insane End Load BBCOR",Right,"General Practice",51,53,43,71.2,10.2,68,18,100,79,-22,4.04,0.16,18.4,,,
"Sep 09, 2023 03:23:46 pm","CF Insane End Load BBCOR",Right,"General Practice",47,49,40,72.3,8.7,64,16,106,81,-21,4.12,0.16,18.7,,,
"Sep 09, 2023 03:23:40 pm","CF Insane End Load BBCOR",Right,"General Practice",53,50,32,68.9,5.5,70,11,112,89,-31,3.83,0.16,18.2,,,
"Sep 09, 2023 03:23:29 pm","CF Insane End Load BBCOR",Right,"General Practice",54,52,38,71,7.9,70,14,103,81,-30,4.12,0.16,19.1,,,
"Sep 09, 2023 03:23:21 pm","CF Insane End Load BBCOR",Right,"General Practice",57,56,44,71.3,10.5,73,15,98,80,-25,4.27,0.15,19.5,,,
"Sep 09, 2023 03:23:14 pm","CF Insane End Load BBCOR",Right,"General Practice",56,55,38,72.7,7.9,73,16,99,80,-26,4.21,0.16,19.6,,,
"Sep 09, 2023 03:22:54 pm","CF Insane End Load BBCOR",Right,"General Practice",55,59,45,71.6,10.9,72,13,99,83,-29,4.19,0.16,19.6,,,
"Sep 09, 2023 03:22:17 pm","CF Insane End Load BBCOR",Right,"General Practice",45,50,38,71.4,7.8,61,17,110,85,-26,4.01,0.16,18.9,,,
"Sep 09, 2023 03:22:12 pm","CF Insane End Load BBCOR",Right,"General Practice",54,68,46,69.2,11.2,71,14,93,82,-22,3.63,0.17,19.5,,,
"Sep 09, 2023 03:19:03 pm","CF Insane End Load BBCOR",Right,"General Practice",57,53,43,68.9,9.9,73,15,101,80,-21,3.64,0.17,18.5,,,
"Sep 09, 2023 03:18:55 pm","CF Insane End Load BBCOR",Right,"General Practice",53,55,35,72.2,6.8,70,10,100,81,-28,4.31,0.15,19.4,,,
"Sep 09, 2023 03:18:47 pm","CF Insane End Load BBCOR",Right,"General Practice",56,56,43,70.6,10.1,72,13,102,83,-22,3.87,0.16,18.8,,,
"Sep 09, 2023 03:18:34 pm","CF Insane End Load BBCOR",Right,"General Practice",57,62,41,69.3,9.2,74,8,97,83,-28,3.87,0.16,18.8,,,
"Sep 09, 2023 03:18:26 pm","CF Insane End Load BBCOR",Right,"General Practice",53,57,38,70.6,7.8,70,12,102,85,-30,4.12,0.15,19,,,
"Sep 09, 2023 03:18:21 pm","CF Insane End Load BBCOR",Right,"General Practice",52,54,39,69.8,8.3,69,12,106,86,-28,3.94,0.16,17.8,,,
"Sep 09, 2023 03:18:12 pm","CF Insane End Load BBCOR",Right,"General Practice",51,59,50,68.1,13.1,67,11,95,79,-23,3.74,0.16,18.2,,,
"Sep 09, 2023 03:17:45 pm","CF Insane End Load BBCOR",Right,"General Practice",51,55,35,69.5,6.9,67,15,102,83,-23,3.76,0.16,19,,,
"Sep 09, 2023 03:17:37 pm","CF Insane End Load BBCOR",Right,"General Practice",65,73,49,67.2,12.3,81,9,91,84,-25,3.55,0.16,18.9,,,
"Sep 09, 2023 03:17:21 pm","CF Insane End Load BBCOR",Right,"General Practice",52,56,41,70.4,9.2,69,14,100,82,-24,3.9,0.16,18.7,,,
"Sep 09, 2023 03:17:14 pm","CF Insane End Load BBCOR",Right,"General Practice",60,63,47,68.2,11.5,76,10,88,79,-28,3.62,0.16,19.5,,,
"Sep 09, 2023 03:17:07 pm","CF Insane End Load BBCOR",Right,"General Practice",54,61,38,69.5,8,70,15,92,78,-26,3.8,0.16,19,,,
"Sep 09, 2023 11:11:15 am","CF Insane End Load BBCOR",Right,"General Practice",59,53,40,70.3,8.6,76,14,99,78,-27,3.7,0.17,19.5,,,
"Sep 09, 2023 11:11:05 am","CF Insane End Load BBCOR",Right,"General Practice",58,61,46,68.2,11.1,75,8,98,84,-29,4,0.15,18.8,,,
"Sep 09, 2023 11:10:57 am","CF Insane End Load BBCOR",Right,"General Practice",45,51,40,71.4,8.8,62,15,104,81,-21,4.01,0.16,19.2,,,
"Sep 09, 2023 11:10:35 am","CF Insane End Load BBCOR",Right,"General Practice",55,66,48,71.1,12.2,72,11,92,81,-25,4.3,0.15,20,,,
"Sep 09, 2023 11:10:24 am","CF Insane End Load BBCOR",Right,"General Practice",57,58,50,67.5,12.9,74,10,102,85,-26,3.98,0.15,18.9,,,
"Sep 09, 2023 11:10:16 am","CF Insane End Load BBCOR",Right,"General Practice",59,63,38,70.1,7.8,76,11,92,79,-30,3.86,0.16,20,,,
"Sep 09, 2023 11:10:04 am","CF Insane End Load BBCOR",Right,"General Practice",58,60,47,68.6,11.8,74,3,96,81,-25,4.23,0.14,19.7,,,
"Sep 09, 2023 11:09:58 am","CF Insane End Load BBCOR",Right,"General Practice",53,61,41,71,9.2,70,9,102,88,-28,4.17,0.15,19.7,,,
"Sep 09, 2023 11:09:52 am","CF Insane End Load BBCOR",Right,"General Practice",53,64,45,67.2,10.6,70,5,98,86,-22,3.94,0.15,19,,,
"Sep 09, 2023 11:08:30 am","CF Insane End Load BBCOR",Right,"General Practice",52,57,50,70.8,13,68,11,99,81,-21,4.1,0.16,19.1,,,
"Sep 09, 2023 11:08:23 am","CF Insane End Load BBCOR",Right,"General Practice",53,57,41,70.3,9.3,70,11,98,80,-26,3.99,0.16,19.5,,,
"Sep 09, 2023 11:08:17 am","CF Insane End Load BBCOR",Right,"General Practice",57,51,38,68.5,7.9,74,6,111,91,-31,3.94,0.15,18.9,,,
"Sep 09, 2023 11:08:10 am","CF Insane End Load BBCOR",Right,"General Practice",63,68,46,70.2,11.2,80,10,89,82,-27,4.19,0.15,20.3,,,
"Sep 09, 2023 11:07:55 am","CF Insane End Load BBCOR",Right,"General Practice",58,57,51,68.8,13.1,75,12,102,85,-27,3.87,0.16,18.5,,,
"Sep 09, 2023 11:07:47 am","CF Insane End Load BBCOR",Right,"General Practice",54,71,48,70.3,12.1,71,6,95,85,-25,4.25,0.15,19.3,,,
"Sep 09, 2023 11:07:39 am","CF Insane End Load BBCOR",Right,"General Practice",49,60,50,68.3,12.9,65,6,103,89,-29,4.37,0.14,18.4,,,
"Sep 09, 2023 11:05:52 am","CF Insane End Load BBCOR",Right,"General Practice",47,53,42,72.1,9.4,64,8,104,82,-29,4.3,0.15,19.4,,,
"Sep 09, 2023 11:05:44 am","CF Insane End Load BBCOR",Right,"General Practice",57,64,48,70.6,12,74,9,88,80,-25,4.18,0.15,19.7,,,
"Sep 09, 2023 11:05:36 am","CF Insane End Load BBCOR",Right,"General Practice",62,64,52,70.6,13.6,79,8,85,82,-27,4.41,0.14,20.3,,,
"Sep 09, 2023 11:05:22 am","CF Insane End Load BBCOR",Right,"General Practice",49,57,43,69.8,10.1,66,12,100,82,-23,3.98,0.16,19.5,,,
"Sep 09, 2023 11:05:15 am","CF Insane End Load BBCOR",Right,"General Practice",58,61,40,72.1,8.9,74,10,96,82,-27,4.3,0.15,19.8,,,
"Sep 09, 2023 11:05:04 am","CF Insane End Load BBCOR",Right,"General Practice",49,55,41,70.6,9.1,65,11,99,80,-23,4.35,0.15,19,,,
"Sep 09, 2023 11:04:50 am","CF Insane End Load BBCOR",Right,"General Practice",48,47,41,69.4,9,65,8,115,92,-27,4.2,0.15,18.5,,,
"Sep 09, 2023 11:04:39 am","CF Insane End Load BBCOR",Right,"General Practice",55,56,42,67,9.8,72,8,103,85,-24,3.62,0.16,19.4,,,
"Sep 09, 2023 11:04:28 am","CF Insane End Load BBCOR",Right,"General Practice",56,58,42,66.7,9.6,73,8,101,84,-28,3.94,0.14,18.9,,,
"Sep 09, 2023 11:04:03 am","CF Insane End Load BBCOR",Right,"General Practice",62,63,49,69.9,12.5,79,12,89,79,-27,3.84,0.16,19.9,,,
"Sep 09, 2023 11:03:52 am","CF Insane End Load BBCOR",Right,"General Practice",47,61,48,70.1,12.3,63,13,95,80,-21,4.01,0.16,19,,,
"Sep 09, 2023 11:03:45 am","CF Insane End Load BBCOR",Right,"General Practice",50,59,41,71.1,9.1,67,8,102,86,-28,4.29,0.15,19.5,,,
"Sep 09, 2023 11:03:25 am","CF Insane End Load BBCOR",Right,"General Practice",41,54,45,70.1,10.9,57,10,107,86,-19,4.01,0.16,18.2,,,
"Sep 09, 2023 11:03:16 am","CF Insane End Load BBCOR",Right,"General Practice",52,54,32,69.4,5.4,69,9,103,82,-27,3.88,0.16,19,,,
"Sep 09, 2023 11:03:09 am","CF Insane End Load BBCOR",Right,"General Practice",57,66,41,70.8,9,74,5,97,85,-28,4.69,0.14,19.5,,,
"Sep 09, 2023 11:02:24 am","CF Insane End Load BBCOR",Right,"General Practice",41,48,37,72.8,7.6,58,14,110,82,-22,4.39,0.15,19,,,
"Sep 09, 2023 11:02:16 am","CF Insane End Load BBCOR",Right,"General Practice",44,49,38,73.2,8.1,61,10,108,83,-25,4.43,0.15,19.3,,,
"Sep 09, 2023 11:02:09 am","CF Insane End Load BBCOR",Right,"General Practice",44,51,37,72.7,7.4,61,8,108,84,-21,4.43,0.15,19,,,
"Sep 09, 2023 11:01:50 am","CF Insane End Load BBCOR",Right,"General Practice",42,50,43,69.7,9.9,59,9,112,88,-24,4.07,0.15,18.3,,,
"Sep 09, 2023 11:01:39 am","CF Insane End Load BBCOR",Right,"General Practice",46,51,44,73,10.3,62,12,102,79,-20,4.52,0.15,19.1,,,
"Sep 09, 2023 11:01:32 am","CF Insane End Load BBCOR",Right,"General Practice",43,52,46,71.1,11.4,59,11,101,79,-19,4.42,0.15,18.8,,,
"Sep 09, 2023 11:01:18 am","CF Insane End Load BBCOR",Right,"General Practice",41,47,43,65.6,10.1,57,9,115,88,-20,3.52,0.16,17.9,,,
"Sep 09, 2023 11:01:12 am","CF Insane End Load BBCOR",Right,"General Practice",47,50,38,70.5,8,63,9,109,85,-23,4.12,0.15,18.8,,,
"Sep 09, 2023 11:00:48 am","CF Insane End Load BBCOR",Right,"General Practice",53,55,41,70.6,9.3,70,11,103,84,-27,3.97,0.16,19.4,,,
"Sep 09, 2023 11:00:42 am","CF Insane End Load BBCOR",Right,"General Practice",42,51,39,68.3,8.4,59,12,111,88,-24,3.76,0.16,18.8,,,
"Sep 09, 2023 11:00:20 am","CF Insane End Load BBCOR",Right,"General Practice",53,53,44,70.9,10.3,69,14,100,79,-24,3.9,0.16,19.9,,,
"Sep 09, 2023 11:00:13 am","CF Insane End Load BBCOR",Right,"General Practice",49,53,40,69.6,8.7,66,13,102,81,-21,4.06,0.15,19,,,
"Sep 09, 2023 11:00:07 am","CF Insane End Load BBCOR",Right,"General Practice",45,52,49,70.7,12.4,62,11,103,81,-19,4.08,0.16,18.9,,,
"Sep 09, 2023 10:59:51 am","CF Insane End Load BBCOR",Right,"General Practice",61,58,61,70.1,17.2,78,6,84,79,-24,4.55,0.14,19.9,,,
"Sep 09, 2023 10:59:39 am","CF Insane End Load BBCOR",Right,"General Practice",41,55,50,70.2,12.9,57,12,99,80,-21,3.97,0.16,18.9,,,
"Sep 09, 2023 10:58:00 am","CF Insane End Load BBCOR",Right,"General Practice",45,62,53,70.9,14,61,12,96,82,-22,4.22,0.15,18.2,,,
"Sep 09, 2023 10:57:53 am","CF Insane End Load BBCOR",Right,"General Practice",49,53,37,68.9,7.7,66,7,109,90,-28,3.98,0.15,18.6,,,
"Sep 09, 2023 10:57:47 am","CF Insane End Load BBCOR",Right,"General Practice",54,61,46,69,11.4,70,6,99,85,-23,4.1,0.15,18.4,,,
"Sep 09, 2023 10:57:27 am","CF Insane End Load BBCOR",Right,"General Practice",45,52,42,71,9.6,61,8,110,88,-26,4.34,0.15,18,,,
"Sep 09, 2023 10:57:20 am","CF Insane End Load BBCOR",Right,"General Practice",48,55,49,72.5,12.6,65,8,103,83,-24,4.6,0.15,18.6,,,
"Sep 09, 2023 10:57:01 am","CF Insane End Load BBCOR",Right,"General Practice",55,54,39,68.9,8.5,72,5,99,79,-21,4.03,0.15,19,,,
"Sep 09, 2023 10:56:50 am","CF Insane End Load BBCOR",Right,"General Practice",52,52,44,74.2,10.5,68,11,100,77,-24,4.61,0.15,19,,,
"Sep 09, 2023 10:56:43 am","CF Insane End Load BBCOR",Right,"General Practice",40,48,42,69.2,9.4,57,12,105,79,-19,4.18,0.15,18.2,,,
"Sep 09, 2023 10:56:28 am","CF Insane End Load BBCOR",Right,"General Practice",49,51,37,73.9,7.4,66,12,102,79,-19,4.46,0.16,19.1,,,
"Sep 09, 2023 10:56:22 am","CF Insane End Load BBCOR",Right,"General Practice",55,59,41,74.6,9.3,71,9,98,82,-25,4.99,0.14,20.2,,,
"Sep 09, 2023 10:56:16 am","CF Insane End Load BBCOR",Right,"General Practice",60,62,42,70.9,9.5,77,6,96,82,-27,4.33,0.15,19.4,,,
"Sep 09, 2023 10:55:13 am","CF Insane End Load BBCOR",Right,"General Practice",45,45,44,71.9,10.4,61,16,108,78,-19,4.23,0.16,18.4,,,
"Sep 09, 2023 10:55:05 am","CF Insane End Load BBCOR",Right,"General Practice",41,49,42,68.8,9.7,58,15,104,79,-20,3.59,0.17,18.5,,,
"Sep 09, 2023 10:54:58 am","CF Insane End Load BBCOR",Right,"General Practice",49,50,34,68.7,6.2,65,13,107,82,-25,3.96,0.15,18.4,,,
"Sep 09, 2023 10:54:30 am","CF Insane End Load BBCOR",Right,"General Practice",39,48,38,71.7,7.9,55,14,111,84,-21,4.05,0.16,18.9,,,
"Sep 09, 2023 10:54:22 am","CF Insane End Load BBCOR",Right,"General Practice",46,51,46,70.3,11.3,63,12,105,82,-20,4.31,0.15,19.2,,,
"Sep 09, 2023 10:54:16 am","CF Insane End Load BBCOR",Right,"General Practice",70,54,54,69.8,14.6,87,4,78,82,-29,4.25,0.15,21,,,
"Sep 09, 2023 10:53:51 am","CF Insane End Load BBCOR",Right,"General Practice",55,62,39,70,8.2,72,13,98,84,-32,4.17,0.15,19.5,,,
"Sep 09, 2023 10:53:41 am","CF Insane End Load BBCOR",Right,"General Practice",47,53,41,69.1,9,63,9,109,89,-29,4.17,0.15,18.5,,,
"Sep 09, 2023 10:53:30 am","CF Insane End Load BBCOR",Right,"General Practice",47,58,45,70.1,10.7,63,11,105,88,-25,4.02,0.16,18.9,,,
"Sep 09, 2023 10:50:43 am","CF Insane End Load BBCOR",Right,"General Practice",55,51,39,68.2,8.3,72,15,103,79,-23,3.57,0.17,18.4,,,
"Sep 09, 2023 10:50:35 am","CF Insane End Load BBCOR",Right,"General Practice",57,52,41,70.4,9,74,8,110,91,-27,4.32,0.15,19.4,,,
"Sep 09, 2023 10:50:29 am","CF Insane End Load BBCOR",Right,"General Practice",56,54,46,69.8,11,73,13,108,88,-26,3.99,0.16,19.1,,,
"Sep 09, 2023 10:50:12 am","CF Insane End Load BBCOR",Right,"General Practice",54,52,35,69.4,6.7,71,14,110,92,-33,3.84,0.16,19.7,,,
"Sep 09, 2023 10:50:04 am","CF Insane End Load BBCOR",Right,"General Practice",55,50,34,65.4,6.3,72,15,111,86,-27,3.21,0.17,18.8,,,
"Sep 09, 2023 10:49:55 am","CF Insane End Load BBCOR",Right,"General Practice",43,46,44,66.5,10.5,60,10,114,95,-29,3.81,0.15,18.1,,,
"Sep 09, 2023 10:49:33 am","CF Insane End Load BBCOR",Right,"General Practice",59,65,36,69,7,76,13,100,91,-32,3.9,0.16,19.9,,,
"Sep 09, 2023 10:49:18 am","CF Insane End Load BBCOR",Right,"General Practice",43,52,37,66.9,7.5,60,16,110,88,-25,3.52,0.16,18.2,,,
"Sep 09, 2023 10:49:02 am","CF Insane End Load BBCOR",Right,"General Practice",49,58,53,66.7,14,66,15,99,82,-19,3.83,0.15,17.7,,,
"Sep 09, 2023 10:48:53 am","CF Insane End Load BBCOR",Right,"General Practice",53,53,40,65.6,8.9,70,13,109,90,-29,3.52,0.16,18.3,,,
"Sep 09, 2023 10:48:38 am","CF Insane End Load BBCOR",Right,"General Practice",58,54,36,67.3,7.3,74,10,107,88,-26,3.91,0.15,18.8,,,
"Sep 09, 2023 10:48:27 am","CF Insane End Load BBCOR",Right,"General Practice",65,59,49,65.2,12.6,82,8,102,94,-32,3.93,0.14,18.4,,,
"Sep 09, 2023 10:48:20 am","CF Insane End Load BBCOR",Right,"General Practice",57,67,46,66.3,11.2,74,13,98,87,-25,3.74,0.15,18.8,,,
"Sep 09, 2023 10:48:09 am","CF Insane End Load BBCOR",Right,"General Practice",62,80,47,66,11.5,79,11,92,92,-27,3.56,0.16,18.7,,,
"Sep 09, 2023 10:47:56 am","CF Insane End Load BBCOR",Right,"General Practice",55,56,37,67.7,7.5,72,12,106,92,-30,3.95,0.15,18.7,,,
"Sep 09, 2023 10:46:39 am","CF Insane End Load BBCOR",Right,"General Practice",49,45,39,71.4,8.4,66,11,118,90,-24,4.01,0.16,18.2,,,
"Sep 09, 2023 10:46:28 am","CF Insane End Load BBCOR",Right,"General Practice",63,56,37,69.4,7.6,80,8,106,88,-30,3.79,0.16,19.6,,,
"Sep 09, 2023 10:46:19 am","CF Insane End Load BBCOR",Right,"General Practice",53,53,46,68.5,11.2,70,11,103,81,-21,3.89,0.15,17.7,,,
"Sep 09, 2023 10:46:10 am","CF Insane End Load BBCOR",Right,"General Practice",56,52,43,63.2,9.9,72,10,110,87,-26,3.4,0.15,17.7,,,
"Sep 09, 2023 10:45:54 am","CF Insane End Load BBCOR",Right,"General Practice",46,48,45,66.6,10.8,62,16,115,90,-27,3.63,0.16,18,,,
"Sep 09, 2023 10:45:47 am","CF Insane End Load BBCOR",Right,"General Practice",62,58,44,65.2,10.5,79,10,101,84,-28,3.35,0.16,18.8,,,
"Sep 09, 2023 10:45:37 am","CF Insane End Load BBCOR",Right,"General Practice",53,49,38,63.7,7.9,70,11,111,86,-24,3.15,0.16,18.9,,,
"Sep 09, 2023 10:45:27 am","CF Insane End Load BBCOR",Right,"General Practice",57,56,39,68.5,8.5,73,13,103,84,-25,3.74,0.16,19.1,,,
"Sep 09, 2023 10:45:18 am","CF Insane End Load BBCOR",Right,"General Practice",59,68,46,68.3,11.4,75,14,95,84,-27,3.72,0.16,19.1,,,
"Sep 09, 2023 10:45:07 am","CF Insane End Load BBCOR",Right,"General Practice",52,57,45,65.2,10.7,69,13,100,82,-27,3.34,0.16,18.3,,,
"Sep 09, 2023 10:44:52 am","CF Insane End Load BBCOR",Right,"General Practice",56,55,39,65.9,8.3,73,7,106,87,-27,3.5,0.16,18.4,,,
"Sep 09, 2023 10:44:44 am","CF Insane End Load BBCOR",Right,"General Practice",51,60,48,67.4,12.1,68,12,100,85,-26,3.57,0.16,18.6,,,
"Sep 09, 2023 10:44:22 am","CF Insane End Load BBCOR",Right,"General Practice",56,54,35,64.4,6.8,72,10,108,90,-31,3.39,0.16,17.6,,,
"Sep 09, 2023 10:44:13 am","CF Insane End Load BBCOR",Right,"General Practice",49,50,36,68.5,7.3,66,10,112,89,-25,3.69,0.16,17.8,,,
"Sep 09, 2023 10:44:06 am","CF Insane End Load BBCOR",Right,"General Practice",56,51,33,66.5,6,73,10,111,89,-27,3.61,0.16,17.6,,,
"Sep 09, 2023 10:43:56 am","CF Insane End Load BBCOR",Right,"General Practice",47,50,40,61.4,8.7,63,12,101,77,-22,3.05,0.16,17.2,,,
"Sep 09, 2023 10:43:44 am","CF Insane End Load BBCOR",Right,"General Practice",62,52,35,68.1,6.8,79,3,109,87,-27,3.74,0.16,18.2,,,
"Sep 09, 2023 10:43:37 am","CF Insane End Load BBCOR",Right,"General Practice",50,48,35,61.7,6.7,66,5,114,89,-26,3.32,0.15,17.2,,,
"Sep 09, 2023 10:42:31 am","CF Insane End Load BBCOR",Right,"General Practice",44,51,32,72.2,5.5,60,18,108,85,-19,4.1,0.16,18.4,,,
"Sep 09, 2023 10:42:18 am","CF Insane End Load BBCOR",Right,"General Practice",36,42,28,72.4,3.9,52,21,114,80,-14,3.75,0.18,17.8,,,
"Sep 09, 2023 10:42:07 am","CF Insane End Load BBCOR",Right,"General Practice",34,43,31,69.8,5.1,51,20,110,77,-16,3.41,0.18,18.5,,,
"Sep 09, 2023 10:42:00 am","CF Insane End Load BBCOR",Right,"General Practice",54,51,33,70.1,5.7,71,15,107,83,-21,3.73,0.17,19.5,,,
"Sep 09, 2023 10:41:54 am","CF Insane End Load BBCOR",Right,"General Practice",57,59,39,70.1,8.5,73,18,100,84,-28,3.87,0.16,19.8,,,
"Sep 09, 2023 10:41:43 am","CF Insane End Load BBCOR",Right,"General Practice",36,50,28,69.5,4,52,17,108,83,-21,3.71,0.17,18.5,,,
"Sep 09, 2023 10:41:34 am","CF Insane End Load BBCOR",Right,"General Practice",40,49,27,68.3,3.3,57,22,105,80,-22,3.3,0.18,18.3,,,
"Sep 09, 2023 10:41:18 am","CF Insane End Load BBCOR",Right,"General Practice",40,49,28,72,4,56,20,108,82,-25,3.85,0.17,18.6,,,
"Sep 09, 2023 10:41:11 am","CF Insane End Load BBCOR",Right,"General Practice",50,49,27,70.5,3.2,67,12,110,84,-21,3.77,0.17,18.5,,,
"Sep 09, 2023 10:41:02 am","CF Insane End Load BBCOR",Right,"General Practice",53,52,29,69.4,4.4,70,12,110,89,-31,3.74,0.16,18,,,
"Sep 08, 2023 11:55:55 am","CF Insane End Load BBCOR",Right,"General Practice",43,54,41,72.1,9.4,60,15,98,77,-23,4.3,0.15,18.7,,,
"Sep 08, 2023 11:55:43 am","CF Insane End Load BBCOR",Right,"General Practice",48,55,50,71.2,13,65,10,101,81,-26,4.42,0.15,18.4,,,
"Sep 08, 2023 11:55:00 am","CF Insane End Load BBCOR",Right,"General Practice",54,72,52,68,13.7,71,9,93,84,-30,3.88,0.15,18.8,,,
"Sep 08, 2023 11:54:54 am","CF Insane End Load BBCOR",Right,"General Practice",58,80,48,68.1,12.1,75,8,92,87,-30,3.94,0.15,19.7,,,
"Sep 08, 2023 11:52:13 am","CF Insane End Load BBCOR",Right,"General Practice",50,58,50,66.8,12.9,67,6,97,80,-23,3.95,0.14,18.6,,,
"Sep 08, 2023 11:52:08 am","CF Insane End Load BBCOR",Right,"General Practice",42,49,44,71.4,10.6,59,10,112,87,-22,4.58,0.14,18.9,,,
"Sep 08, 2023 11:52:01 am","CF Insane End Load BBCOR",Right,"General Practice",42,48,44,72.5,10.3,58,9,109,83,-25,4.59,0.15,18.6,,,
"Sep 08, 2023 11:51:48 am","CF Insane End Load BBCOR",Right,"General Practice",49,48,46,69.3,11.4,66,7,105,78,-13,4.19,0.15,18.1,,,
"Sep 08, 2023 11:51:13 am","CF Insane End Load BBCOR",Right,"General Practice",37,42,39,73.7,8.4,54,14,114,78,-17,4.55,0.15,18.2,,,
"Sep 08, 2023 11:51:06 am","CF Insane End Load BBCOR",Right,"General Practice",49,44,40,72.1,8.6,65,11,119,87,-24,4.66,0.14,19.5,,,
"Sep 08, 2023 11:50:58 am","CF Insane End Load BBCOR",Right,"General Practice",30,48,35,73.6,6.7,46,18,110,83,-21,4.43,0.16,19.3,,,
"Sep 08, 2023 11:50:51 am","CF Insane End Load BBCOR",Right,"General Practice",56,50,40,73.1,8.7,72,18,103,78,-28,4.15,0.16,20.5,,,
"Sep 08, 2023 11:50:39 am","CF Insane End Load BBCOR",Right,"General Practice",50,59,47,69.9,11.5,66,18,94,78,-18,4,0.16,19,,,
"Sep 08, 2023 11:50:33 am","CF Insane End Load BBCOR",Right,"General Practice",51,57,46,69.7,11.1,68,13,94,76,-23,4.02,0.15,19.5,,,
"Sep 08, 2023 11:48:12 am","CF Insane End Load BBCOR",Right,"General Practice",64,52,40,68.5,8.7,81,5,106,83,-31,3.84,0.16,20.3,,,
"Sep 08, 2023 11:47:57 am","CF Insane End Load BBCOR",Right,"General Practice",60,58,44,68,10.3,77,7,99,82,-25,3.93,0.15,20.1,,,
"Sep 08, 2023 11:47:51 am","CF Insane End Load BBCOR",Right,"General Practice",55,57,44,65,10.2,72,6,103,85,-22,3.37,0.16,18.7,,,
"Sep 08, 2023 11:47:46 am","CF Insane End Load BBCOR",Right,"General Practice",61,56,42,67,9.8,78,12,96,78,-25,3.21,0.18,19.4,,,
"Sep 08, 2023 11:46:00 am","CF Insane End Load BBCOR",Right,"General Practice",65,66,49,67.4,12.4,82,3,95,83,-29,4.19,0.14,19.9,,,
"Sep 08, 2023 11:45:53 am","CF Insane End Load BBCOR",Right,"General Practice",63,54,53,61.7,14,80,-2,96,76,-23,3.52,0.14,18.3,,,
"Sep 08, 2023 11:45:47 am","CF Insane End Load BBCOR",Right,"General Practice",65,71,51,71.1,13.2,81,11,96,87,-25,4.47,0.14,20.1,,,
"Sep 08, 2023 11:45:40 am","CF Insane End Load BBCOR",Right,"General Practice",64,72,46,66.7,11.2,81,11,94,85,-27,3.78,0.15,18.6,,,
"Sep 08, 2023 11:45:34 am","CF Insane End Load BBCOR",Right,"General Practice",62,66,52,67.3,13.8,79,9,89,81,-27,4.01,0.14,19.1,,,
"Sep 08, 2023 11:45:22 am","CF Insane End Load BBCOR",Right,"General Practice",62,64,61,60.5,17.5,79,-1,100,88,-26,3.54,0.13,17.6,,,
"Sep 08, 2023 11:43:51 am","CF Insane End Load BBCOR",Right,"General Practice",68,60,41,68.8,9.4,85,2,101,85,-37,3.87,0.16,19.5,,,
"Sep 08, 2023 11:43:46 am","CF Insane End Load BBCOR",Right,"General Practice",53,53,42,71.4,9.6,70,11,104,83,-22,4.02,0.16,19.7,,,
"Sep 08, 2023 11:43:37 am","CF Insane End Load BBCOR",Right,"General Practice",65,56,46,68,11.2,82,2,102,83,-30,3.92,0.15,19.4,,,
"Sep 08, 2023 11:43:32 am","CF Insane End Load BBCOR",Right,"General Practice",65,60,43,71.9,9.9,82,4,98,83,-28,4.57,0.14,20.1,,,
"Sep 08, 2023 11:43:21 am","CF Insane End Load BBCOR",Right,"General Practice",54,47,36,68.1,7.1,70,9,113,85,-18,3.56,0.17,18.4,,,
"Sep 08, 2023 11:43:17 am","CF Insane End Load BBCOR",Right,"General Practice",63,64,49,69.2,12.6,80,8,89,80,-27,3.82,0.16,20.1,,,
"Sep 08, 2023 11:40:29 am","CF Insane End Load BBCOR",Right,"General Practice",57,61,52,66.8,13.8,74,7,95,80,-32,4.07,0.14,17.6,,,
"Sep 08, 2023 11:40:16 am","CF Insane End Load BBCOR",Right,"General Practice",62,60,51,68.9,13.5,79,8,90,77,-33,4.26,0.14,18.6,,,
"Sep 08, 2023 11:40:09 am","CF Insane End Load BBCOR",Right,"General Practice",54,52,47,72.2,11.8,71,16,101,79,-25,4.15,0.16,18.7,,,
"Sep 08, 2023 11:40:02 am","CF Insane End Load BBCOR",Right,"General Practice",56,59,41,71.3,9.1,73,16,102,86,-25,4.33,0.15,19.6,,,
"Sep 08, 2023 11:39:57 am","CF Insane End Load BBCOR",Right,"General Practice",66,65,51,72.5,13.1,83,9,94,82,-32,4.59,0.15,20,,,
"Sep 08, 2023 11:38:54 am","CF Insane End Load BBCOR",Right,"General Practice",62,55,45,65.4,10.9,79,8,101,81,-19,3.5,0.16,18,,,
"Sep 08, 2023 11:38:40 am","CF Insane End Load BBCOR",Right,"General Practice",64,54,43,67.3,10.1,80,7,102,82,-21,3.57,0.16,18.5,,,
"Sep 08, 2023 11:38:35 am","CF Insane End Load BBCOR",Right,"General Practice",54,48,39,68.7,8.3,71,8,113,86,-19,3.71,0.16,19.2,,,
"Sep 08, 2023 11:38:30 am","CF Insane End Load BBCOR",Right,"General Practice",55,51,47,65.1,11.6,72,9,106,82,-21,3.6,0.15,19,,,
"Sep 08, 2023 11:34:53 am","CF Insane End Load BBCOR",Right,"General Practice",57,65,55,70.7,15.1,74,14,93,81,-27,4.13,0.15,18.8,,,
"Sep 08, 2023 11:34:46 am","CF Insane End Load BBCOR",Right,"General Practice",57,61,49,69.5,12.7,74,9,93,79,-28,4.34,0.14,18.6,,,
"Sep 08, 2023 11:34:32 am","CF Insane End Load BBCOR",Right,"General Practice",61,66,50,73.4,13,78,13,98,87,-24,4.83,0.14,19.3,,,
"Sep 08, 2023 11:34:21 am","CF Insane End Load BBCOR",Right,"General Practice",59,57,45,66.3,10.8,76,2,95,77,-26,3.79,0.15,16.7,,,
"Sep 08, 2023 11:32:34 am","CF Insane End Load BBCOR",Right,"General Practice",66,53,32,68.7,5.4,83,2,102,81,-35,3.8,0.16,19.8,,,
"Sep 08, 2023 11:32:29 am","CF Insane End Load BBCOR",Right,"General Practice",60,53,42,72.9,9.6,77,9,103,81,-28,4.4,0.15,19.9,,,
"Sep 08, 2023 11:32:24 am","CF Insane End Load BBCOR",Right,"General Practice",53,48,40,71.4,8.7,70,13,113,86,-27,4.02,0.16,19.5,,,
"Sep 08, 2023 11:32:19 am","CF Insane End Load BBCOR",Right,"General Practice",67,51,32,70.5,5.7,84,5,109,85,-31,3.82,0.17,20.8,,,
"Sep 08, 2023 11:32:15 am","CF Insane End Load BBCOR",Right,"General Practice",60,56,40,65.9,8.7,77,5,105,86,-19,3.42,0.16,19,,,
"Sep 08, 2023 11:31:06 am","CF Insane End Load BBCOR",Right,"General Practice",59,47,35,72.8,6.5,76,10,113,86,-30,4.39,0.15,19.2,,,
"Sep 08, 2023 11:31:00 am","CF Insane End Load BBCOR",Right,"General Practice",62,50,45,66.8,10.7,79,7,109,84,-26,3.8,0.15,18.7,,,
"Sep 08, 2023 11:30:47 am","CF Insane End Load BBCOR",Right,"General Practice",65,59,42,66.3,9.7,82,9,94,79,-27,3.46,0.16,19,,,
"Sep 08, 2023 11:30:41 am","CF Insane End Load BBCOR",Right,"General Practice",68,51,41,63.6,9.2,85,-5,100,76,-26,3.84,0.13,18.6,,,
"Sep 08, 2023 11:29:03 am","CF Insane End Load BBCOR",Right,"General Practice",44,46,27,69.2,3.4,61,9,117,88,-17,3.91,0.16,17.3,,,
"Sep 08, 2023 11:28:58 am","CF Insane End Load BBCOR",Right,"General Practice",54,46,36,70.9,7.3,71,9,113,84,-20,4,0.16,18.8,,,
"Sep 08, 2023 11:28:46 am","CF Insane End Load BBCOR",Right,"General Practice",59,49,38,72.5,8.1,76,8,108,83,-26,4.19,0.16,19.8,,,
"Sep 08, 2023 11:28:37 am","CF Insane End Load BBCOR",Right,"General Practice",46,46,43,57.9,9.9,63,28,105,76,-21,2.54,0.17,18.9,,,
"Sep 07, 2023 11:51:18 am","CF Insane End Load BBCOR",Right,"General Practice",55,77,51,63.5,13.1,72,9,95,90,-23,3.34,0.15,19,,,
"Sep 07, 2023 11:51:14 am","CF Insane End Load BBCOR",Right,"General Practice",54,73,49,63.3,12.3,70,10,95,87,-30,3.36,0.15,19.1,,,
"Sep 07, 2023 11:51:07 am","CF Insane End Load BBCOR",Right,"General Practice",49,58,55,57.8,14.9,65,10,104,91,-24,2.69,0.16,17.3,,,
"Sep 07, 2023 11:51:02 am","CF Insane End Load BBCOR",Right,"General Practice",47,58,42,65.5,9.5,64,11,105,91,-33,3.64,0.15,17.9,,,
"Sep 07, 2023 11:50:57 am","CF Insane End Load BBCOR",Right,"General Practice",56,70,52,65.7,13.8,72,11,95,85,-26,3.83,0.14,18.2,,,
"Sep 07, 2023 11:49:45 am","CF Insane End Load BBCOR",Right,"General Practice",51,51,43,63.4,9.9,67,11,108,96,-37,3.29,0.16,18.5,,,
"Sep 07, 2023 11:49:33 am","CF Insane End Load BBCOR",Right,"General Practice",50,62,36,63.8,7.3,66,12,101,87,-37,3.09,0.17,17.9,,,
"Sep 07, 2023 11:49:22 am","CF Insane End Load BBCOR",Right,"General Practice",50,59,47,64.6,11.7,67,8,103,93,-33,3.32,0.16,18.1,,,
"Sep 07, 2023 11:49:16 am","CF Insane End Load BBCOR",Right,"General Practice",59,64,46,63.7,11.3,75,12,100,89,-30,2.97,0.17,17.8,,,
"Sep 07, 2023 11:45:24 am","CF Insane End Load BBCOR",Right,"General Practice",60,80,57,63.6,15.8,77,9,87,87,-29,3.35,0.15,19.7,,,
"Sep 07, 2023 11:45:19 am","CF Insane End Load BBCOR",Right,"General Practice",50,60,55,64.5,15,67,8,103,91,-26,3.53,0.15,18.7,,,
"Sep 07, 2023 11:45:14 am","CF Insane End Load BBCOR",Right,"General Practice",57,67,48,64.3,11.9,74,3,99,88,-32,3.42,0.15,18.5,,,
"Sep 07, 2023 11:45:09 am","CF Insane End Load BBCOR",Right,"General Practice",41,56,44,64.2,10.5,58,15,106,89,-27,3.33,0.16,17.2,,,
"Sep 07, 2023 11:45:04 am","CF Insane End Load BBCOR",Right,"General Practice",51,57,51,63.2,13.1,67,10,105,89,-24,3.44,0.15,17.6,,,
"Sep 07, 2023 11:44:59 am","CF Insane End Load BBCOR",Right,"General Practice",59,76,55,66.5,15,76,6,92,85,-24,3.8,0.15,18.6,,,
"Sep 07, 2023 11:43:56 am","CF Insane End Load BBCOR",Right,"General Practice",49,51,37,68.5,7.6,66,5,109,85,-26,3.78,0.16,17.7,,,
"Sep 07, 2023 11:43:50 am","CF Insane End Load BBCOR",Right,"General Practice",52,51,47,67.5,11.6,69,10,100,77,-21,3.82,0.15,17.8,,,
"Sep 07, 2023 11:43:43 am","CF Insane End Load BBCOR",Right,"General Practice",50,48,48,70.7,12.3,66,11,106,79,-20,4.13,0.15,17.4,,,
"Sep 07, 2023 11:43:31 am","CF Insane End Load BBCOR",Right,"General Practice",55,47,54,60.3,14.5,72,3,108,79,-20,3.26,0.14,16.1,,,
"Sep 07, 2023 11:40:40 am","CF Insane End Load BBCOR",Right,"General Practice",73,76,56,68.3,15.2,90,2,85,92,-35,4.13,0.14,21.2,,,
"Sep 07, 2023 11:40:35 am","CF Insane End Load BBCOR",Right,"General Practice",48,65,57,61.5,15.9,64,15,100,91,-28,3.26,0.15,18.9,,,
"Sep 07, 2023 11:40:24 am","CF Insane End Load BBCOR",Right,"General Practice",64,80,51,60.6,13.3,81,5,92,93,-25,3.12,0.15,19,,,
"Sep 07, 2023 11:40:19 am","CF Insane End Load BBCOR",Right,"General Practice",59,77,64,63.8,18.7,76,11,95,90,-26,3.45,0.15,19,,,
"Sep 07, 2023 11:40:10 am","CF Insane End Load BBCOR",Right,"General Practice",62,60,44,57.6,10.2,79,-1,103,91,-31,2.98,0.14,17.6,,,
"Sep 07, 2023 11:39:34 am","CF Insane End Load BBCOR",Right,"General Practice",56,53,29,65.8,4.3,73,8,108,94,-34,3.36,0.16,18.2,,,
"Sep 07, 2023 11:39:22 am","CF Insane End Load BBCOR",Right,"General Practice",67,65,50,62.5,12.9,84,-3,100,89,-31,3.5,0.14,18.4,,,
"Sep 07, 2023 11:39:06 am","CF Insane End Load BBCOR",Right,"General Practice",72,58,36,65.2,7,89,3,103,86,-35,3.11,0.17,18.8,,,
"Sep 07, 2023 11:39:00 am","CF Insane End Load BBCOR",Right,"General Practice",68,58,38,64.2,8,85,9,100,83,-24,2.98,0.18,17.9,,,
"Sep 07, 2023 11:35:53 am","CF Insane End Load BBCOR",Right,"General Practice",50,48,35,64.2,6.6,67,9,114,89,-27,3.32,0.16,17.1,,,
"Sep 07, 2023 11:35:47 am","CF Insane End Load BBCOR",Right,"General Practice",62,51,43,64.7,9.8,79,8,106,82,-27,3.76,0.14,18.2,,,
"Sep 07, 2023 11:35:37 am","CF Insane End Load BBCOR",Right,"General Practice",59,48,35,62.8,6.8,76,9,115,88,-29,3.31,0.15,17.5,,,
"Sep 07, 2023 11:35:33 am","CF Insane End Load BBCOR",Right,"General Practice",56,48,43,65.1,9.9,73,14,110,84,-15,3.42,0.16,17.6,,,
"Sep 07, 2023 11:34:34 am","CF Insane End Load BBCOR",Right,"General Practice",72,54,36,66.6,7.1,89,5,103,83,-29,3.37,0.17,19,,,
"Sep 07, 2023 11:34:28 am","CF Insane End Load BBCOR",Right,"General Practice",62,48,36,69.3,7.1,79,11,113,86,-33,3.52,0.17,18.5,,,
"Sep 07, 2023 11:34:22 am","CF Insane End Load BBCOR",Right,"General Practice",74,57,38,64.6,8.1,91,4,102,84,-28,3.24,0.16,18.6,,,
"Sep 07, 2023 11:34:16 am","CF Insane End Load BBCOR",Right,"General Practice",65,49,42,58.4,9.6,82,-3,113,89,-27,3.15,0.14,17.5,,,
"Sep 07, 2023 11:34:11 am","CF Insane End Load BBCOR",Right,"General Practice",68,42,35,73.8,6.6,85,2,116,98,-38,4.88,0.14,19.5,,,
"Sep 07, 2023 11:28:54 am","CF Insane End Load BBCOR",Right,"General Practice",67,54,36,70.7,7,84,1,108,91,-45,4.14,0.15,20,,,
"Sep 07, 2023 11:28:49 am","CF Insane End Load BBCOR",Right,"General Practice",73,66,41,68,9.2,90,2,99,89,-37,3.93,0.15,20.2,,,
"Sep 07, 2023 11:28:44 am","CF Insane End Load BBCOR",Right,"General Practice",65,53,29,69.1,4.4,82,9,109,89,-36,3.58,0.17,19.4,,,
"Sep 07, 2023 11:28:39 am","CF Insane End Load BBCOR",Right,"General Practice",68,52,30,71.2,4.7,85,6,109,91,-40,4.04,0.16,20.5,,,
"Sep 07, 2023 11:28:35 am","CF Insane End Load BBCOR",Right,"General Practice",62,52,30,71.1,4.8,78,9,110,89,-34,4.07,0.16,19.5,,,
