﻿"©Blast Motion. All rights reserved."
"NOTE: Access to and use of this data is subject to the Blast Motion terms of use and end user license agreement, which can be found at https://blastmotion.com/terms-of-service/"
Email:,dsharp2@live.maryville.edu
Academy:,"Maryville University Baseball"
Sport:,Baseball
"Report Date:","Sep 11, 2023 07:51:47 pm"
"Date Range:","Aug 28, 2023 - Sep 11, 2023"

Date,Equipment,Handedness,"Swing Details","Plane Score","Connection Score","Rotation Score","Bat Speed (mph)","Rotational Acceleration (g)","On Plane Efficiency (%)","Attack Angle (deg)","Early Connection (deg)","Connection at Impact (deg)","Vertical Bat Angle (deg)","Power (kW)","Time to Contact (sec)","Peak Hand Speed (mph)","Exit Velocity (mph)","Launch Angle (deg)","Estimated Distance (feet)"
"Sep 08, 2023 02:55:28 pm","The Goods BBCOR",Left,"General Practice",45,53,63,66.8,18.1,61,10,108,89,-27,4.13,0.14,19.6,,,
"Sep 08, 2023 02:55:20 pm","The Goods BBCOR",Left,"General Practice",44,56,63,70.1,18.3,60,20,102,83,-23,4.23,0.15,19.3,,,
"Sep 08, 2023 02:55:10 pm","The Goods BBCOR",Left,"General Practice",52,59,62,69.2,17.8,68,17,103,86,-23,4.24,0.14,19.6,,,
"Sep 08, 2023 02:54:57 pm","The Goods BBCOR",Left,"General Practice",44,50,65,70,18.9,60,18,111,86,-26,4.28,0.15,20.4,,,
"Sep 08, 2023 02:54:50 pm","The Goods BBCOR",Left,"General Practice",50,53,58,68.3,16.2,67,11,109,89,-35,4.13,0.14,20.4,,,
"Sep 08, 2023 02:54:44 pm","The Goods BBCOR",Left,"General Practice",50,57,63,64.7,18.4,67,9,105,91,-24,4.1,0.13,19,,,
"Sep 08, 2023 02:53:12 pm","The Goods BBCOR",Left,"General Practice",47,54,62,67.5,18,63,16,105,85,-24,4.04,0.14,19.8,,,
"Sep 08, 2023 02:53:05 pm","The Goods BBCOR",Left,"General Practice",46,62,59,66.4,16.8,62,14,101,89,-23,3.91,0.14,20.2,,,
"Sep 08, 2023 02:52:59 pm","The Goods BBCOR",Left,"General Practice",53,62,64,65.8,18.7,70,15,101,88,-29,3.68,0.15,19.1,,,
"Sep 08, 2023 02:52:52 pm","The Goods BBCOR",Left,"General Practice",53,80,57,64.8,15.6,70,7,94,88,-35,3.61,0.15,20.7,,,
"Sep 08, 2023 02:52:46 pm","The Goods BBCOR",Left,"General Practice",47,57,56,65,15.5,64,10,105,91,-28,3.79,0.14,18.6,,,
"Sep 08, 2023 02:52:39 pm","The Goods BBCOR",Left,"General Practice",44,60,66,66.7,19.4,61,14,103,88,-21,4.11,0.14,18.8,,,
"Sep 08, 2023 02:51:02 pm","The Goods BBCOR",Left,"General Practice",56,60,59,68.1,16.8,73,9,103,92,-38,4.11,0.14,19.9,,,
"Sep 08, 2023 02:50:57 pm","The Goods BBCOR",Left,"General Practice",45,55,64,68.8,18.6,62,16,107,89,-27,4.08,0.15,19.9,,,
"Sep 08, 2023 02:50:44 pm","The Goods BBCOR",Left,"General Practice",47,55,58,67,16,64,12,106,86,-25,3.92,0.15,19.2,,,
"Sep 08, 2023 02:50:40 pm","The Goods BBCOR",Left,"General Practice",41,56,67,69.7,20,57,16,103,84,-19,4.25,0.15,19.9,,,
"Sep 08, 2023 02:50:34 pm","The Goods BBCOR",Left,"General Practice",45,47,56,65.9,15.5,62,9,113,95,-38,3.84,0.14,18.6,,,
"Sep 08, 2023 02:47:32 pm","The Goods BBCOR",Left,"General Practice",48,51,57,69.7,15.7,64,17,111,90,-28,4.24,0.15,20,,,
"Sep 08, 2023 02:47:26 pm","The Goods BBCOR",Left,"General Practice",49,52,62,67.2,17.6,66,16,109,87,-29,3.89,0.15,19.1,,,
"Sep 08, 2023 02:47:11 pm","The Goods BBCOR",Left,"General Practice",51,56,66,66.4,19.6,68,16,106,87,-28,3.96,0.14,19.8,,,
"Sep 08, 2023 02:47:05 pm","The Goods BBCOR",Left,"General Practice",54,54,62,66.1,17.7,71,9,108,92,-28,4.04,0.14,19,,,
"Sep 08, 2023 02:46:59 pm","The Goods BBCOR",Left,"General Practice",50,60,61,67.3,17.5,66,18,103,87,-32,3.8,0.15,20.5,,,
"Sep 08, 2023 02:46:46 pm","The Goods BBCOR",Left,"General Practice",53,60,59,66.1,16.6,70,6,103,91,-37,4.1,0.14,20.2,,,
"Sep 08, 2023 02:44:47 pm","The Goods BBCOR",Left,"General Practice",54,61,58,64.5,16,71,5,99,85,-20,3.73,0.14,19.4,,,
"Sep 08, 2023 02:44:41 pm","The Goods BBCOR",Left,"General Practice",46,57,65,66.3,19.1,62,12,105,87,-27,3.84,0.15,19.4,,,
"Sep 08, 2023 02:44:36 pm","The Goods BBCOR",Left,"General Practice",50,57,62,66.4,17.7,66,8,105,88,-35,3.9,0.14,19.7,,,
"Sep 08, 2023 02:44:30 pm","The Goods BBCOR",Left,"General Practice",48,57,51,66.5,13.2,64,15,105,86,-36,3.7,0.15,19.7,,,
"Sep 08, 2023 02:44:26 pm","The Goods BBCOR",Left,"General Practice",49,56,61,68.4,17.5,66,13,106,88,-32,4.15,0.14,20.5,,,
"Sep 08, 2023 02:44:21 pm","The Goods BBCOR",Left,"General Practice",49,56,55,67.4,14.9,65,17,106,88,-39,3.81,0.15,19.5,,,
"Sep 08, 2023 02:41:42 pm","The Goods BBCOR",Left,"General Practice",52,55,62,64.8,17.9,69,13,107,90,-23,3.62,0.15,18.7,,,
"Sep 08, 2023 02:41:33 pm","The Goods BBCOR",Left,"General Practice",53,55,58,68.5,16.1,69,20,103,84,-26,3.93,0.15,20.6,,,
"Sep 08, 2023 02:41:27 pm","The Goods BBCOR",Left,"General Practice",53,58,61,66.3,17.5,70,10,104,90,-25,4,0.14,18.7,,,
"Sep 08, 2023 02:41:19 pm","The Goods BBCOR",Left,"General Practice",39,52,62,67.6,17.6,55,17,110,88,-27,3.94,0.15,19.2,,,
"Sep 08, 2023 02:41:13 pm","The Goods BBCOR",Left,"General Practice",50,53,58,66.6,16.2,66,12,108,92,-30,3.92,0.14,18.6,,,
"Sep 08, 2023 02:41:07 pm","The Goods BBCOR",Left,"General Practice",54,67,55,63.8,15,71,9,99,89,-32,3.46,0.15,19.9,,,
"Sep 08, 2023 02:38:36 pm","The Goods BBCOR",Left,"General Practice",40,50,59,66.5,16.5,57,18,112,90,-36,3.71,0.15,19.1,,,
"Sep 08, 2023 02:38:31 pm","The Goods BBCOR",Left,"General Practice",50,58,64,66.6,18.6,66,10,104,88,-30,3.98,0.14,19.6,,,
"Sep 08, 2023 02:38:17 pm","The Goods BBCOR",Left,"General Practice",49,59,59,68.1,16.7,66,10,103,89,-35,4.1,0.14,19.9,,,
"Sep 08, 2023 02:38:12 pm","The Goods BBCOR",Left,"General Practice",46,54,59,64.6,16.7,63,9,108,90,-26,3.74,0.14,19.2,,,
"Sep 08, 2023 02:38:07 pm","The Goods BBCOR",Left,"General Practice",50,56,57,66.8,15.9,67,9,106,89,-25,4,0.14,19.8,,,
"Sep 08, 2023 02:34:39 pm","The Goods BBCOR",Left,"General Practice",47,53,64,67.6,18.7,64,22,103,82,-24,3.88,0.15,19.7,,,
"Sep 08, 2023 02:34:25 pm","The Goods BBCOR",Left,"General Practice",55,58,60,67.5,16.9,72,16,102,85,-28,3.97,0.15,19.3,,,
"Sep 08, 2023 02:34:18 pm","The Goods BBCOR",Left,"General Practice",54,61,57,64.3,15.6,71,16,102,88,-31,3.47,0.15,19.1,,,
"Sep 08, 2023 02:34:09 pm","The Goods BBCOR",Left,"General Practice",53,60,51,64.9,13.4,70,16,103,89,-34,3.49,0.15,18.7,,,
"Sep 08, 2023 02:32:09 pm","The Goods BBCOR",Left,"General Practice",46,55,61,67.5,17.6,63,14,105,86,-27,3.93,0.15,19.7,,,
"Sep 08, 2023 02:32:04 pm","The Goods BBCOR",Left,"General Practice",36,49,55,64.5,15.1,52,18,111,86,-27,3.48,0.15,17.9,,,
"Sep 08, 2023 02:31:59 pm","The Goods BBCOR",Left,"General Practice",51,55,62,67.7,17.7,68,12,107,88,-23,4,0.15,19.3,,,
"Sep 08, 2023 02:31:52 pm","The Goods BBCOR",Left,"General Practice",44,56,62,69.3,17.8,60,14,106,88,-33,4.19,0.15,20.3,,,
"Sep 08, 2023 02:31:48 pm","The Goods BBCOR",Left,"General Practice",45,55,59,67.4,16.6,62,16,105,86,-30,3.91,0.15,19.4,,,
"Sep 08, 2023 02:31:43 pm","The Goods BBCOR",Left,"General Practice",48,60,61,68.1,17.3,64,13,103,88,-29,3.95,0.15,19.6,,,
"Sep 08, 2023 02:29:48 pm","The Goods BBCOR",Left,"General Practice",51,54,57,62.6,15.9,68,25,99,78,-18,3.01,0.17,19.1,,,
"Sep 08, 2023 02:29:23 pm","The Goods BBCOR",Left,"General Practice",53,55,50,61.4,13,69,23,101,81,-24,2.89,0.17,18.9,,,
"Sep 08, 2023 02:29:17 pm","The Goods BBCOR",Left,"General Practice",58,63,60,66.1,16.8,75,15,98,84,-29,3.72,0.15,18.7,,,
"Sep 08, 2023 02:29:10 pm","The Goods BBCOR",Left,"General Practice",59,58,48,63.2,11.9,75,25,92,75,-23,3.14,0.16,18.4,,,
"Sep 08, 2023 02:24:20 pm","The Goods BBCOR",Left,"General Practice",46,54,60,67.1,16.9,63,12,104,84,-19,3.87,0.15,19,,,
"Sep 08, 2023 02:24:14 pm","The Goods BBCOR",Left,"General Practice",51,57,54,67.8,14.7,68,12,103,86,-24,3.95,0.15,19.4,,,
"Sep 08, 2023 02:24:09 pm","The Goods BBCOR",Left,"General Practice",55,60,51,65.4,13.5,72,12,101,86,-28,3.59,0.15,18.5,,,
"Sep 08, 2023 02:24:04 pm","The Goods BBCOR",Left,"General Practice",48,55,53,66.2,14.1,64,13,107,88,-21,3.73,0.15,18.3,,,
"Sep 08, 2023 02:23:58 pm","The Goods BBCOR",Left,"General Practice",55,56,50,65.8,13,72,12,106,90,-29,3.59,0.15,18.1,,,
"Sep 08, 2023 02:23:53 pm","The Goods BBCOR",Left,"General Practice",57,63,54,62.3,14.5,74,4,101,89,-27,3.44,0.14,17.4,,,
"Sep 08, 2023 02:18:50 pm","The Goods BBCOR",Left,"General Practice",53,56,52,65.2,13.7,70,15,104,86,-27,3.56,0.15,17.9,,,
"Sep 08, 2023 02:18:43 pm","The Goods BBCOR",Left,"General Practice",59,60,51,62.1,13.5,76,5,99,84,-24,3.46,0.14,17.6,,,
"Sep 08, 2023 02:18:38 pm","The Goods BBCOR",Left,"General Practice",56,61,56,64.5,15.3,73,11,100,86,-30,3.54,0.15,17.7,,,
"Sep 08, 2023 02:18:31 pm","The Goods BBCOR",Left,"General Practice",55,57,44,64.3,10.5,72,15,105,88,-38,3.21,0.16,18.1,,,
"Sep 08, 2023 02:18:24 pm","The Goods BBCOR",Left,"General Practice",50,56,54,64.3,14.4,67,13,102,84,-23,3.47,0.15,17.8,,,
"Sep 08, 2023 02:18:18 pm","The Goods BBCOR",Left,"General Practice",54,61,52,62.9,13.7,71,12,102,87,-28,3.19,0.16,16.8,,,
"Sep 08, 2023 02:18:13 pm","The Goods BBCOR",Left,"General Practice",51,54,54,62.2,14.5,68,9,108,92,-33,3.25,0.15,16.6,,,
"Sep 08, 2023 02:18:08 pm","The Goods BBCOR",Left,"General Practice",57,62,48,59.9,11.9,74,9,102,92,-32,2.83,0.16,16.2,,,
"Sep 07, 2023 10:54:04 am","The Goods BBCOR",Left,"General Practice",45,53,60,67.8,17.1,61,18,104,83,-23,3.91,0.15,18.5,,,
"Sep 07, 2023 10:53:55 am","The Goods BBCOR",Left,"General Practice",41,47,56,66.4,15.4,58,16,115,92,-26,3.85,0.15,18.5,,,
"Sep 07, 2023 10:53:50 am","The Goods BBCOR",Left,"General Practice",50,62,57,66.2,15.9,66,10,102,88,-25,3.77,0.15,18.8,,,
"Sep 07, 2023 10:53:44 am","The Goods BBCOR",Left,"General Practice",39,49,62,68.6,18,55,20,113,87,-23,4,0.15,19.1,,,
"Sep 07, 2023 10:53:39 am","The Goods BBCOR",Left,"General Practice",50,51,66,69.7,19.4,67,15,111,91,-28,4.24,0.15,20,,,
"Sep 07, 2023 10:53:35 am","The Goods BBCOR",Left,"General Practice",46,57,55,68.7,14.8,63,16,102,84,-26,4.07,0.15,20.3,,,
"Sep 07, 2023 10:51:13 am","The Goods BBCOR",Left,"General Practice",55,65,63,68.7,18.3,72,15,100,87,-33,4.01,0.15,20.4,,,
"Sep 07, 2023 10:51:08 am","The Goods BBCOR",Left,"General Practice",51,58,54,64.7,14.7,68,7,102,94,-29,3.76,0.14,19.7,,,
"Sep 07, 2023 10:51:02 am","The Goods BBCOR",Left,"General Practice",49,52,59,67.1,16.8,66,8,108,94,-35,3.87,0.15,19.8,,,
"Sep 07, 2023 10:50:57 am","The Goods BBCOR",Left,"General Practice",56,70,67,65.8,20.1,72,8,97,90,-30,4,0.14,20.4,,,
"Sep 07, 2023 10:50:52 am","The Goods BBCOR",Left,"General Practice",53,63,56,64.5,15.5,70,8,101,89,-19,3.63,0.15,19.1,,,
"Sep 07, 2023 10:49:53 am","The Goods BBCOR",Left,"General Practice",59,57,58,62.8,16.3,75,8,104,86,-28,3.55,0.14,18.7,,,
"Sep 07, 2023 10:49:47 am","The Goods BBCOR",Left,"General Practice",55,56,61,63.8,17.3,72,3,106,90,-31,3.81,0.14,18.8,,,
"Sep 07, 2023 10:49:40 am","The Goods BBCOR",Left,"General Practice",48,55,56,66,15.5,64,13,106,87,-28,3.7,0.15,18.6,,,
"Sep 07, 2023 10:49:35 am","The Goods BBCOR",Left,"General Practice",49,56,56,65.8,15.2,66,11,106,89,-27,3.77,0.15,18.9,,,
"Sep 07, 2023 10:46:24 am","The Goods BBCOR",Left,"General Practice",54,66,48,61.9,12,71,3,99,91,-23,3.21,0.15,19,,,
"Sep 07, 2023 10:46:10 am","The Goods BBCOR",Left,"General Practice",49,63,59,66.8,16.8,66,14,101,89,-27,3.84,0.15,20.5,,,
"Sep 07, 2023 10:46:05 am","The Goods BBCOR",Left,"General Practice",52,72,62,67,17.7,68,8,97,89,-33,4.04,0.14,20.6,,,
"Sep 07, 2023 10:46:00 am","The Goods BBCOR",Left,"General Practice",43,58,51,65.2,13.2,59,15,104,90,-36,3.47,0.16,18.8,,,
"Sep 07, 2023 10:45:54 am","The Goods BBCOR",Left,"General Practice",49,44,51,59.3,13.3,65,9,111,100,-38,2.95,0.15,16.4,,,
"Sep 07, 2023 10:45:49 am","The Goods BBCOR",Left,"General Practice",55,61,47,62.1,11.8,72,9,100,95,-28,3.2,0.15,18.2,,,
"Sep 07, 2023 10:44:52 am","The Goods BBCOR",Left,"General Practice",55,59,61,64.2,17.5,72,9,104,89,-29,3.75,0.14,18.6,,,
"Sep 07, 2023 10:44:46 am","The Goods BBCOR",Left,"General Practice",55,58,61,63,17.5,72,5,105,92,-30,3.61,0.14,18.7,,,
"Sep 07, 2023 10:44:40 am","The Goods BBCOR",Left,"General Practice",46,58,65,67.4,19.3,63,14,105,88,-25,3.87,0.15,19.8,,,
"Sep 07, 2023 10:44:33 am","The Goods BBCOR",Left,"General Practice",57,63,56,66.1,15.5,74,12,95,82,-40,3.57,0.16,19.6,,,
"Sep 07, 2023 10:44:16 am","The Goods BBCOR",Left,"General Practice",51,56,56,69.7,15.2,68,9,106,89,-33,4.18,0.15,19.9,,,
"Sep 07, 2023 10:42:16 am","The Goods BBCOR",Left,"General Practice",50,70,65,66.1,19,66,10,97,87,-23,3.92,0.14,20.2,,,
"Sep 07, 2023 10:42:11 am","The Goods BBCOR",Left,"General Practice",57,72,51,61.8,13.2,73,8,96,91,-23,3.2,0.15,18.4,,,
"Sep 07, 2023 10:42:02 am","The Goods BBCOR",Left,"General Practice",50,67,52,64.1,13.6,67,9,99,91,-24,3.44,0.15,20.1,,,
"Sep 07, 2023 10:41:50 am","The Goods BBCOR",Left,"General Practice",37,48,49,64.2,12.6,53,14,111,96,-34,3.42,0.15,19,,,
"Sep 07, 2023 10:40:52 am","The Goods BBCOR",Left,"General Practice",55,64,53,65,14.1,72,7,100,92,-35,3.59,0.15,19.2,,,
"Sep 07, 2023 10:40:46 am","The Goods BBCOR",Left,"General Practice",44,56,57,67.2,15.6,61,20,101,83,-23,3.55,0.16,19.1,,,
"Sep 07, 2023 10:40:34 am","The Goods BBCOR",Left,"General Practice",46,53,60,63.9,17.2,63,8,107,94,-33,3.52,0.15,18.8,,,
"Sep 07, 2023 10:40:24 am","The Goods BBCOR",Left,"General Practice",55,56,47,65.2,11.7,72,9,106,89,-33,3.57,0.15,18.9,,,
"Sep 07, 2023 10:40:19 am","The Goods BBCOR",Left,"General Practice",53,57,61,66.9,17.3,70,14,97,80,-18,3.7,0.15,18.9,,,
"Sep 07, 2023 10:37:06 am","The Goods BBCOR",Left,"General Practice",50,57,51,67.6,13.2,67,12,104,86,-21,3.89,0.15,19.8,,,
"Sep 07, 2023 10:37:00 am","The Goods BBCOR",Left,"General Practice",45,50,58,66.7,16.1,61,18,107,82,-11,3.64,0.16,19.2,,,
"Sep 07, 2023 10:36:51 am","The Goods BBCOR",Left,"General Practice",50,60,63,68.3,18.4,67,13,100,84,-23,4.07,0.15,19.3,,,
"Sep 07, 2023 10:36:45 am","The Goods BBCOR",Left,"General Practice",46,56,48,42.2,12.3,63,11,102,84,-16,1.42,0.16,16.9,,,
"Sep 07, 2023 10:36:37 am","The Goods BBCOR",Left,"General Practice",42,56,62,66.7,17.9,59,15,106,88,-17,3.78,0.15,18.8,,,
"Sep 07, 2023 10:36:32 am","The Goods BBCOR",Left,"General Practice",54,77,61,66.7,17.4,71,14,94,87,-27,3.73,0.15,19.6,,,
"Sep 07, 2023 10:32:22 am","The Goods BBCOR",Left,"General Practice",38,61,58,67,16,55,13,101,86,-22,3.72,0.15,19.3,,,
"Sep 07, 2023 10:32:17 am","The Goods BBCOR",Left,"General Practice",45,60,60,67.9,17.1,62,14,102,88,-30,3.87,0.15,19.5,,,
"Sep 07, 2023 10:32:11 am","The Goods BBCOR",Left,"General Practice",36,56,60,67.8,17.2,53,15,105,87,-27,3.96,0.15,19.5,,,
"Sep 07, 2023 10:32:07 am","The Goods BBCOR",Left,"General Practice",41,55,61,65.8,17.3,58,10,107,91,-32,3.84,0.14,19.3,,,
"Sep 07, 2023 10:32:02 am","The Goods BBCOR",Left,"General Practice",39,58,63,66.6,18.3,56,14,104,86,-28,3.82,0.15,20.2,,,
"Sep 07, 2023 10:31:56 am","The Goods BBCOR",Left,"General Practice",52,59,56,69.1,15.4,69,15,102,86,-34,3.95,0.15,20.6,,,
"Sep 07, 2023 10:31:52 am","The Goods BBCOR",Left,"General Practice",54,56,57,67.1,15.7,70,16,104,85,-28,3.68,0.16,19.1,,,
"Sep 07, 2023 10:31:48 am","The Goods BBCOR",Left,"General Practice",49,52,55,67.6,14.8,66,21,99,76,-22,3.64,0.16,19.2,,,
"Sep 05, 2023 03:15:05 pm",demo,Left,"Pitching Machine",41,46,60,71.5,16.9,57,18,113,83,-16,4.34,0.15,18.9,,,
"Sep 05, 2023 03:14:58 pm",demo,Left,"Pitching Machine",49,51,54,64.5,14.4,66,6,108,85,-20,3.84,0.14,18.7,,,
"Sep 05, 2023 03:14:53 pm",demo,Left,"Pitching Machine",46,42,59,73,16.5,63,13,123,91,-23,4.65,0.15,21.1,,,
"Sep 05, 2023 03:14:46 pm",demo,Left,"Pitching Machine",52,48,59,69.2,16.6,68,10,113,95,-29,4.12,0.15,21.6,,,
"Sep 05, 2023 03:14:41 pm",demo,Left,"Pitching Machine",47,41,55,72.1,15.1,64,10,125,90,-21,4.67,0.14,19.7,,,
"Sep 05, 2023 03:14:37 pm",demo,Left,"Pitching Machine",43,56,65,70,18.9,60,7,106,91,-27,4.53,0.14,19.7,,,
"Sep 05, 2023 03:08:06 pm",demo,Left,"Pitching Machine",33,49,71,69.7,21.4,50,9,113,88,-24,4.49,0.14,19.9,,,
"Sep 05, 2023 03:08:01 pm",demo,Left,"Pitching Machine",43,45,55,73.6,15.1,60,8,114,84,-24,4.79,0.14,20,,,
"Sep 05, 2023 03:07:54 pm",demo,Left,"Pitching Machine",51,48,50,69.9,13.1,68,9,108,81,-26,4.15,0.15,19.3,,,
"Sep 05, 2023 03:07:48 pm",demo,Left,"Pitching Machine",50,44,60,72.1,16.8,67,16,112,81,-20,4.31,0.15,21,,,
"Sep 05, 2023 03:07:41 pm",demo,Left,"Pitching Machine",46,49,54,70.7,14.4,63,12,112,86,-22,4.36,0.15,20.1,,,
"Sep 05, 2023 03:07:35 pm",demo,Left,"Pitching Machine",45,45,63,65.3,18.3,61,2,115,95,-34,3.94,0.14,21.2,,,
"Sep 05, 2023 03:07:30 pm",demo,Left,"Pitching Machine",37,52,61,67.4,17.4,54,13,108,95,-35,3.92,0.15,22.2,,,
"Sep 05, 2023 03:07:24 pm",demo,Left,"Pitching Machine",33,55,65,68.2,19,49,17,107,90,-27,3.9,0.15,21.2,,,
"Sep 05, 2023 03:07:19 pm",demo,Left,"Pitching Machine",49,53,59,69.5,16.8,66,11,108,90,-26,4.27,0.14,21.7,,,
"Sep 05, 2023 03:07:15 pm",demo,Left,"Pitching Machine",50,52,61,71.2,17.4,67,6,110,90,-29,4.68,0.14,21,,,
"Sep 05, 2023 02:58:17 pm",demo,Left,"Pitching Machine",42,42,55,74.5,15,58,11,120,85,-19,4.91,0.14,19.3,,,
"Sep 05, 2023 02:58:11 pm",demo,Left,"Pitching Machine",49,45,51,72.1,13.4,65,6,116,86,-21,4.67,0.14,19.1,,,
"Sep 05, 2023 02:58:05 pm",demo,Left,"Pitching Machine",49,47,59,69.8,16.6,65,12,115,93,-29,4.15,0.15,22.8,,,
"Sep 05, 2023 02:58:00 pm",demo,Left,"Pitching Machine",48,38,54,73.2,14.4,64,9,127,86,-17,4.87,0.14,18.5,,,
"Sep 05, 2023 02:57:10 pm",demo,Left,"Pitching Machine",49,59,48,67.7,12.1,66,0,103,89,-32,4.17,0.14,19.2,,,
"Sep 05, 2023 02:57:05 pm",demo,Left,"Pitching Machine",50,67,59,63.6,16.4,67,4,98,91,-31,3.73,0.14,20,,,
"Sep 05, 2023 02:57:00 pm",demo,Left,"Pitching Machine",53,63,64,64.8,18.6,70,6,96,97,-38,3.62,0.15,21.3,,,
