﻿"©Blast Motion. All rights reserved."
"NOTE: Access to and use of this data is subject to the Blast Motion terms of use and end user license agreement, which can be found at https://blastmotion.com/terms-of-service/"
Email:,estevens2@live.Maryville.edu
Academy:,"Maryville University Baseball"
Sport:,Baseball
"Report Date:","Sep 11, 2023 07:51:46 pm"
"Date Range:","Aug 28, 2023 - Sep 11, 2023"

Date,Equipment,Handedness,"Swing Details","Plane Score","Connection Score","Rotation Score","Bat Speed (mph)","Rotational Acceleration (g)","On Plane Efficiency (%)","Attack Angle (deg)","Early Connection (deg)","Connection at Impact (deg)","Vertical Bat Angle (deg)","Power (kW)","Time to Contact (sec)","Peak Hand Speed (mph)","Exit Velocity (mph)","Launch Angle (deg)","Estimated Distance (feet)"
"Sep 11, 2023 12:33:47 pm","5150 HS/Collegiate BBCor",Right,"Pitching Machine",45,48,52,71.6,13.5,62,11,100,73,-22,4.68,0.14,20.5,,,
"Sep 11, 2023 12:33:37 pm","5150 HS/Collegiate BBCor",Right,"Pitching Machine",50,53,56,73,15.5,67,11,91,71,-22,4.95,0.14,21.1,,,
"Sep 11, 2023 12:33:24 pm","5150 HS/Collegiate BBCor",Right,"Pitching Machine",51,59,53,72.9,14,68,12,92,76,-28,4.67,0.15,21.6,,,
"Sep 11, 2023 12:33:06 pm","5150 HS/Collegiate BBCor",Right,"Pitching Machine",44,52,57,73.7,15.9,61,18,95,72,-18,4.76,0.15,21.2,,,
"Sep 11, 2023 12:32:57 pm","5150 HS/Collegiate BBCor",Right,"Pitching Machine",42,51,50,71.2,12.8,59,16,96,72,-15,4.18,0.16,20.3,,,
"Sep 11, 2023 12:32:39 pm","5150 HS/Collegiate BBCor",Right,"Pitching Machine",49,56,62,68.9,17.7,66,19,87,75,-19,3.95,0.16,21.6,,,
"Sep 11, 2023 12:32:29 pm","5150 HS/Collegiate BBCor",Right,"Pitching Machine",42,51,56,74.3,15.2,59,17,92,70,-16,4.38,0.17,20.3,,,
"Sep 11, 2023 12:32:19 pm","5150 HS/Collegiate BBCor",Right,"Pitching Machine",47,61,46,69,11,63,2,99,84,-33,4.3,0.15,20.4,,,
"Sep 11, 2023 12:32:10 pm","5150 HS/Collegiate BBCor",Right,"Pitching Machine",53,52,60,72.9,17.2,69,8,82,75,-25,4.93,0.14,21.1,,,
"Sep 11, 2023 12:31:35 pm","5150 HS/Collegiate BBCor",Right,"Pitching Machine",47,64,53,73.3,14,64,9,96,84,-29,4.84,0.15,20.6,,,
"Sep 11, 2023 12:31:25 pm","5150 HS/Collegiate BBCor",Right,"Pitching Machine",44,63,54,70.3,14.5,60,6,96,83,-26,4.34,0.15,20.4,,,
"Sep 11, 2023 12:31:19 pm","5150 HS/Collegiate BBCor",Right,"Pitching Machine",54,63,63,71.3,18.3,71,5,85,81,-31,4.92,0.14,21,,,
"Sep 11, 2023 12:31:05 pm","5150 HS/Collegiate BBCor",Right,"Pitching Machine",48,71,61,71.7,17.6,64,13,95,85,-29,4.7,0.14,21.4,,,
"Sep 11, 2023 12:30:56 pm","5150 HS/Collegiate BBCor",Right,"Pitching Machine",51,63,63,70.8,18.2,68,9,86,81,-27,4.71,0.14,21.7,,,
"Sep 11, 2023 12:26:31 pm","5150 HS/Collegiate BBCor",Right,"Pitching Machine",52,72,61,72.1,17.6,69,10,90,84,-28,4.76,0.14,21.1,,,
"Sep 11, 2023 12:26:25 pm","5150 HS/Collegiate BBCor",Right,"Pitching Machine",56,55,60,71.5,17.1,73,13,83,78,-27,4.75,0.14,21.6,,,
"Sep 11, 2023 12:26:14 pm","5150 HS/Collegiate BBCor",Right,"Pitching Machine",44,75,61,71,17.4,60,12,92,85,-32,4.55,0.15,21,,,
"Sep 11, 2023 12:25:57 pm","5150 HS/Collegiate BBCor",Right,"Pitching Machine",46,51,66,70.1,19.6,63,14,80,77,-25,4.32,0.15,21.8,,,
"Sep 11, 2023 12:25:37 pm","5150 HS/Collegiate BBCor",Right,"Pitching Machine",59,67,68,71.6,20.2,76,5,86,83,-32,5.19,0.13,22.1,,,
"Sep 11, 2023 12:25:28 pm","5150 HS/Collegiate BBCor",Right,"Pitching Machine",58,52,71,73.2,21.5,75,12,80,78,-32,5.11,0.14,22.5,,,
"Sep 11, 2023 12:25:19 pm","5150 HS/Collegiate BBCor",Right,"Pitching Machine",61,60,66,70.7,19.4,77,8,86,79,-29,4.91,0.13,21.7,,,
"Sep 11, 2023 12:25:11 pm","5150 HS/Collegiate BBCor",Right,"Pitching Machine",49,38,66,74.6,19.5,66,16,75,64,-23,5.17,0.14,21.4,,,
"Sep 11, 2023 12:24:52 pm","5150 HS/Collegiate BBCor",Right,"Pitching Machine",58,71,59,73.6,16.8,75,9,87,84,-29,5.02,0.14,21.5,,,
"Sep 11, 2023 12:24:41 pm","5150 HS/Collegiate BBCor",Right,"Pitching Machine",47,72,56,71.6,15.4,63,12,89,84,-26,4.89,0.14,21.7,,,
"Sep 11, 2023 12:24:33 pm","5150 HS/Collegiate BBCor",Right,"Pitching Machine",55,59,67,73.5,19.7,72,7,82,81,-31,5.24,0.14,22.3,,,
"Sep 11, 2023 12:24:25 pm","5150 HS/Collegiate BBCor",Right,"Pitching Machine",51,45,68,73.7,20.4,67,17,77,73,-16,5.11,0.14,22.3,,,
"Sep 11, 2023 12:21:47 pm","5150 HS/Collegiate BBCor",Right,"Pitching Machine",37,58,60,70.9,17.1,54,19,87,76,-18,4.19,0.16,21.4,,,
"Sep 11, 2023 12:21:40 pm","5150 HS/Collegiate BBCor",Right,"Pitching Machine",45,49,57,72.7,15.8,62,9,85,70,-21,4.7,0.15,21.2,,,
"Sep 11, 2023 12:21:20 pm","5150 HS/Collegiate BBCor",Right,"Pitching Machine",44,52,62,74.2,17.7,61,11,85,73,-23,4.97,0.15,21.8,,,
"Sep 11, 2023 12:21:09 pm","5150 HS/Collegiate BBCor",Right,"Pitching Machine",43,41,61,73.9,17.3,60,8,76,68,-26,5.07,0.14,21.5,,,
"Sep 11, 2023 12:21:03 pm","5150 HS/Collegiate BBCor",Right,"Pitching Machine",41,48,63,69.6,18.4,58,17,79,74,-23,3.99,0.16,22.1,,,
"Sep 11, 2023 12:20:52 pm","5150 HS/Collegiate BBCor",Right,"Pitching Machine",37,55,49,72,12.6,53,15,100,81,-20,4.38,0.16,21.4,,,
"Sep 11, 2023 12:20:46 pm","5150 HS/Collegiate BBCor",Right,"Pitching Machine",43,59,56,72.3,15.4,59,9,90,76,-27,4.78,0.14,20.8,,,
"Sep 11, 2023 12:20:37 pm","5150 HS/Collegiate BBCor",Right,"Pitching Machine",39,50,49,75.4,12.6,56,11,85,70,-24,5.12,0.15,20.3,,,
"Sep 11, 2023 12:20:05 pm","5150 HS/Collegiate BBCor",Right,"Pitching Machine",42,55,50,72.5,12.8,59,9,101,82,-26,4.67,0.15,20.8,,,
"Sep 11, 2023 12:19:57 pm","5150 HS/Collegiate BBCor",Right,"Pitching Machine",48,67,60,73.1,16.9,65,11,92,82,-31,4.82,0.15,21.7,,,
"Sep 11, 2023 12:19:47 pm","5150 HS/Collegiate BBCor",Right,"Pitching Machine",46,63,56,71.3,15.4,63,7,91,79,-26,4.41,0.15,20.7,,,
"Sep 11, 2023 12:19:38 pm","5150 HS/Collegiate BBCor",Right,"Pitching Machine",48,58,60,74.9,17.2,65,14,88,76,-21,4.86,0.15,21.3,,,
"Sep 11, 2023 12:19:23 pm","5150 HS/Collegiate BBCor",Right,"Pitching Machine",45,54,54,69.7,14.6,61,14,85,74,-19,4,0.16,20.9,,,
"Sep 11, 2023 12:16:59 pm","5150 HS/Collegiate BBCor",Right,"Pitching Machine",40,55,44,69.2,10.3,56,2,95,76,-27,4.31,0.15,19.5,,,
"Sep 11, 2023 12:16:45 pm","5150 HS/Collegiate BBCor",Right,"Pitching Machine",38,53,54,71.4,14.4,55,14,98,77,-19,4.3,0.16,20.5,,,
"Sep 11, 2023 12:16:29 pm","5150 HS/Collegiate BBCor",Right,"Pitching Machine",44,59,54,74.7,14.7,60,6,98,82,-30,5.04,0.15,21.1,,,
"Sep 11, 2023 12:16:20 pm","5150 HS/Collegiate BBCor",Right,"Pitching Machine",37,58,49,69.9,12.5,54,8,98,81,-22,4.29,0.15,19.6,,,
"Sep 11, 2023 12:16:12 pm","5150 HS/Collegiate BBCor",Right,"Pitching Machine",34,54,51,70.3,13.1,51,13,97,77,-20,4.17,0.16,20.3,,,
"Sep 11, 2023 12:15:59 pm","5150 HS/Collegiate BBCor",Right,"Pitching Machine",35,55,51,69.6,13.4,51,10,98,79,-24,4.26,0.15,20,,,
"Sep 11, 2023 12:15:49 pm","5150 HS/Collegiate BBCor",Right,"Pitching Machine",40,58,51,71.1,13.2,57,12,101,84,-24,4.5,0.15,20.9,,,
"Sep 11, 2023 12:15:42 pm","5150 HS/Collegiate BBCor",Right,"Pitching Machine",47,67,60,70.3,16.9,64,12,96,85,-26,4.65,0.14,21.4,,,
"Sep 11, 2023 12:15:36 pm","5150 HS/Collegiate BBCor",Right,"Pitching Machine",37,58,47,72.5,11.8,54,8,101,84,-23,4.81,0.14,20.2,,,
"Sep 11, 2023 12:15:29 pm","5150 HS/Collegiate BBCor",Right,"Pitching Machine",45,65,59,71.1,16.5,62,10,90,80,-23,4.57,0.15,20.9,,,
"Sep 11, 2023 12:12:06 pm","5150 HS/Collegiate BBCor",Right,"Pitching Machine",39,63,53,71,14.2,56,11,90,79,-25,4.49,0.15,20.6,,,
"Sep 11, 2023 12:11:58 pm","5150 HS/Collegiate BBCor",Right,"Pitching Machine",42,63,49,67.1,12.5,59,7,95,82,-28,3.8,0.16,20.1,,,
"Sep 11, 2023 12:11:45 pm","5150 HS/Collegiate BBCor",Right,"Pitching Machine",56,75,54,69.7,14.6,73,-1,91,85,-32,4.63,0.14,21.2,,,
"Sep 11, 2023 12:11:37 pm","5150 HS/Collegiate BBCor",Right,"Pitching Machine",40,58,49,69.8,12.5,57,14,100,83,-23,4.02,0.16,20.2,,,
"Sep 11, 2023 12:11:27 pm","5150 HS/Collegiate BBCor",Right,"Pitching Machine",40,54,56,72.5,15.2,57,19,90,72,-15,4.5,0.15,21.1,,,
"Sep 11, 2023 12:11:12 pm","5150 HS/Collegiate BBCor",Right,"Pitching Machine",43,60,52,71.6,13.6,60,11,93,78,-25,4.56,0.15,20.5,,,
"Sep 11, 2023 12:07:48 pm","5150 HS/Collegiate BBCor",Right,"Pitching Machine",40,53,52,73.9,13.8,56,16,96,76,-21,4.67,0.15,20.9,,,
"Sep 11, 2023 12:07:36 pm","5150 HS/Collegiate BBCor",Right,"Pitching Machine",32,61,52,67.7,13.6,49,11,87,78,-28,3.78,0.16,20,,,
"Sep 11, 2023 12:07:22 pm","5150 HS/Collegiate BBCor",Right,"Pitching Machine",44,54,54,70.9,14.5,60,16,93,72,-19,4.3,0.15,21.1,,,
"Sep 11, 2023 12:07:14 pm","5150 HS/Collegiate BBCor",Right,"Pitching Machine",44,51,51,74.5,13.2,60,12,100,76,-25,4.74,0.15,20.7,,,
"Sep 11, 2023 12:07:05 pm","5150 HS/Collegiate BBCor",Right,"Pitching Machine",35,47,45,73.2,10.9,52,16,112,85,-22,4.7,0.15,21.1,,,
"Sep 11, 2023 12:06:42 pm","5150 HS/Collegiate BBCor",Right,"Pitching Machine",68,54,65,71.3,19,85,5,81,78,-22,5.15,0.13,22.2,,,
"Sep 11, 2023 12:06:33 pm","5150 HS/Collegiate BBCor",Right,"Pitching Machine",57,56,61,71.3,17.6,74,11,87,75,-25,4.52,0.15,20.9,,,
"Sep 11, 2023 12:06:08 pm","5150 HS/Collegiate BBCor",Right,"Pitching Machine",59,76,49,66.2,12.6,76,5,91,85,-25,3.9,0.15,19.8,,,
"Sep 11, 2023 11:56:27 am","5150 HS/Collegiate BBCor",Right,"Pitching Machine",37,51,48,74.9,12.2,53,10,98,74,-23,4.99,0.15,20.5,,,
"Sep 11, 2023 11:56:17 am","5150 HS/Collegiate BBCor",Right,"Pitching Machine",42,62,59,74.6,16.4,59,16,94,80,-24,4.7,0.16,22,,,
"Sep 11, 2023 11:56:10 am","5150 HS/Collegiate BBCor",Right,"Pitching Machine",39,59,56,75,15.2,55,12,97,81,-21,4.88,0.15,20.9,,,
"Sep 11, 2023 11:55:19 am","5150 HS/Collegiate BBCor",Right,"Pitching Machine",42,66,64,70.3,18.7,58,13,88,81,-21,4.33,0.15,22.1,,,
"Sep 11, 2023 11:55:13 am","5150 HS/Collegiate BBCor",Right,"Pitching Machine",46,61,63,72.8,18.1,63,13,86,80,-23,4.91,0.14,21.6,,,
"Sep 11, 2023 11:55:07 am","5150 HS/Collegiate BBCor",Right,"Pitching Machine",33,56,55,71.9,14.9,49,8,106,88,-22,4.66,0.15,20.1,,,
"Sep 11, 2023 11:54:59 am","5150 HS/Collegiate BBCor",Right,"Pitching Machine",39,67,56,69.2,15.2,55,7,98,88,-25,4.51,0.14,19.8,,,
"Sep 11, 2023 11:54:53 am","5150 HS/Collegiate BBCor",Right,"Pitching Machine",56,71,55,70.5,15.1,73,0,88,83,-31,4.89,0.13,21.2,,,
"Sep 11, 2023 11:54:06 am","5150 HS/Collegiate BBCor",Right,"Pitching Machine",32,50,55,72,15,48,12,112,92,-23,4.68,0.15,20.9,,,
"Sep 11, 2023 11:53:59 am","5150 HS/Collegiate BBCor",Right,"Pitching Machine",37,59,56,73.3,15.4,54,14,101,85,-26,4.84,0.15,21.7,,,
"Sep 11, 2023 11:53:51 am","5150 HS/Collegiate BBCor",Right,"Pitching Machine",45,74,61,72.3,17.6,61,12,92,84,-24,4.85,0.14,22,,,
"Sep 11, 2023 11:53:37 am","5150 HS/Collegiate BBCor",Right,"Pitching Machine",41,62,53,71.8,14.1,57,9,99,85,-23,4.86,0.14,21,,,
"Sep 11, 2023 11:53:12 am","5150 HS/Collegiate BBCor",Right,"Pitching Machine",38,54,53,73.2,14.2,54,11,108,92,-26,4.9,0.14,21.3,,,
"Sep 11, 2023 11:53:02 am","5150 HS/Collegiate BBCor",Right,"Pitching Machine",36,57,53,71.6,14.2,52,12,98,80,-24,4.44,0.15,20.6,,,
"Sep 11, 2023 11:52:55 am","5150 HS/Collegiate BBCor",Right,"Pitching Machine",39,68,64,72.8,18.6,55,12,94,84,-24,4.99,0.14,21.4,,,
"Sep 11, 2023 11:52:45 am","5150 HS/Collegiate BBCor",Right,"Pitching Machine",39,65,53,73.6,14,55,14,95,82,-24,4.58,0.16,21.7,,,
"Sep 11, 2023 11:50:38 am","5150 HS/Collegiate BBCor",Right,"Pitching Machine",48,72,60,71.1,17.1,64,11,93,84,-26,4.5,0.15,20.9,,,
"Sep 11, 2023 11:50:29 am","5150 HS/Collegiate BBCor",Right,"Pitching Machine",48,73,67,71.7,19.8,65,8,85,86,-27,4.84,0.14,22.3,,,
"Sep 11, 2023 11:50:20 am","5150 HS/Collegiate BBCor",Right,"Pitching Machine",40,68,66,72.2,19.3,56,15,91,82,-27,4.58,0.15,21.8,,,
"Sep 11, 2023 11:50:10 am","5150 HS/Collegiate BBCor",Right,"Pitching Machine",44,60,50,69.6,13,60,8,93,78,-27,4.09,0.16,20.3,,,
"Sep 11, 2023 11:50:03 am","5150 HS/Collegiate BBCor",Right,"Pitching Machine",42,63,53,73.4,14.2,58,14,92,79,-23,4.6,0.15,21.4,,,
"Sep 11, 2023 11:48:49 am","5150 HS/Collegiate BBCor",Right,"Pitching Machine",49,68,64,72.7,18.8,66,2,92,82,-28,4.97,0.14,22.2,,,
"Sep 11, 2023 11:48:41 am","5150 HS/Collegiate BBCor",Right,"Pitching Machine",38,53,50,71.8,12.8,55,-3,102,80,-21,4.65,0.15,20.7,,,
"Sep 11, 2023 11:48:28 am","5150 HS/Collegiate BBCor",Right,"Pitching Machine",47,59,57,73.2,15.9,64,-4,95,78,-21,5.11,0.14,22,,,
"Sep 11, 2023 11:48:20 am","5150 HS/Collegiate BBCor",Right,"Pitching Machine",50,67,67,74.8,19.7,67,0,88,81,-34,5.34,0.14,23,,,
"Sep 11, 2023 11:48:14 am","5150 HS/Collegiate BBCor",Right,"Pitching Machine",55,60,68,74.5,20.2,72,3,83,81,-35,5.01,0.15,23.2,,,
"Sep 11, 2023 11:48:07 am","5150 HS/Collegiate BBCor",Right,"Pitching Machine",52,66,63,72.2,18,69,-2,90,81,-17,4.98,0.14,20.8,,,
"Sep 11, 2023 11:46:19 am","5150 HS/Collegiate BBCor",Right,"Pitching Machine",38,64,52,73.1,13.6,54,11,95,82,-27,4.75,0.15,21,,,
"Sep 11, 2023 11:46:12 am","5150 HS/Collegiate BBCor",Right,"Pitching Machine",35,60,52,72,13.6,51,12,98,83,-28,4.5,0.15,20.9,,,
"Sep 11, 2023 11:46:05 am","5150 HS/Collegiate BBCor",Right,"Pitching Machine",44,68,57,72.1,15.7,60,5,92,82,-29,4.89,0.14,21.4,,,
"Sep 11, 2023 11:45:52 am","5150 HS/Collegiate BBCor",Right,"Pitching Machine",42,74,53,67.9,14.3,58,5,93,85,-30,3.94,0.15,21,,,
"Sep 11, 2023 11:45:45 am","5150 HS/Collegiate BBCor",Right,"Pitching Machine",41,65,47,73.6,11.5,57,9,98,85,-29,4.82,0.15,20.6,,,
"Sep 11, 2023 11:45:39 am","5150 HS/Collegiate BBCor",Right,"Pitching Machine",40,55,58,71.7,16.3,57,16,85,75,-25,4.08,0.17,21.6,,,
"Sep 11, 2023 11:44:11 am","5150 HS/Collegiate BBCor",Right,"Pitching Machine",52,67,63,72.7,18.4,69,9,90,81,-30,5.05,0.14,21.4,,,
"Sep 11, 2023 11:43:54 am","5150 HS/Collegiate BBCor",Right,"Pitching Machine",54,63,61,72.9,17.5,71,8,86,81,-33,5.14,0.14,21.6,,,
"Sep 11, 2023 11:43:48 am","5150 HS/Collegiate BBCor",Right,"Pitching Machine",50,72,59,67.1,16.4,67,9,86,85,-35,4.01,0.15,21.9,,,
"Sep 11, 2023 11:43:42 am","5150 HS/Collegiate BBCor",Right,"Pitching Machine",46,67,55,71.9,15.1,63,10,91,81,-35,4.54,0.15,21.5,,,
"Sep 11, 2023 11:43:27 am","5150 HS/Collegiate BBCor",Right,"Pitching Machine",48,64,55,68.2,14.7,64,12,89,80,-34,3.98,0.15,20.9,,,
"Sep 11, 2023 11:43:21 am","5150 HS/Collegiate BBCor",Right,"Pitching Machine",57,53,64,70.6,18.5,74,4,79,79,-33,4.83,0.14,21.3,,,
"Sep 11, 2023 11:42:12 am","5150 HS/Collegiate BBCor",Right,"Pitching Machine",42,52,66,74.2,19.5,59,18,85,72,-22,4.77,0.15,21.9,,,
"Sep 11, 2023 11:42:05 am","5150 HS/Collegiate BBCor",Right,"Pitching Machine",41,59,59,72.7,16.6,58,16,96,79,-24,4.7,0.15,21.2,,,
"Sep 11, 2023 11:41:58 am","5150 HS/Collegiate BBCor",Right,"Pitching Machine",53,67,60,71.7,17.1,70,0,88,81,-35,5.05,0.13,21.3,,,
"Sep 11, 2023 11:41:51 am","5150 HS/Collegiate BBCor",Right,"Pitching Machine",43,57,58,75.8,16.3,59,9,89,75,-26,5.26,0.14,21.4,,,
"Sep 11, 2023 11:41:45 am","5150 HS/Collegiate BBCor",Right,"Pitching Machine",41,52,57,69.8,16,58,14,84,74,-28,4.12,0.16,21.2,,,
"Sep 11, 2023 11:38:35 am","5150 HS/Collegiate BBCor",Right,"Pitching Machine",42,57,59,75.3,16.7,59,12,87,76,-28,5.05,0.15,20.8,,,
"Sep 11, 2023 11:38:28 am","5150 HS/Collegiate BBCor",Right,"Pitching Machine",45,64,48,71.7,12,61,8,89,80,-29,4.71,0.14,20.8,,,
"Sep 11, 2023 11:38:21 am","5150 HS/Collegiate BBCor",Right,"Pitching Machine",54,66,50,68,12.9,71,-5,90,81,-36,4.41,0.14,20,,,
"Sep 11, 2023 11:38:15 am","5150 HS/Collegiate BBCor",Right,"Pitching Machine",53,71,60,69.2,17.1,70,0,90,83,-34,4.44,0.14,21,,,
"Sep 11, 2023 11:38:09 am","5150 HS/Collegiate BBCor",Right,"Pitching Machine",54,60,54,69.4,14.5,71,0,85,80,-32,4.54,0.14,20.9,,,
"Sep 11, 2023 11:38:01 am","5150 HS/Collegiate BBCor",Right,"Pitching Machine",53,60,41,59.1,9.1,70,-8,85,80,-32,2.81,0.16,18.2,,,
"Sep 08, 2023 10:50:28 am","5150 HS/Collegiate BBCor",Right,"General Practice",31,51,47,68.7,11.7,47,17,104,81,-12,3.83,0.16,19.3,,,
"Sep 08, 2023 10:50:11 am","5150 HS/Collegiate BBCor",Right,"General Practice",49,63,58,63.5,16.4,65,10,85,81,-31,3.24,0.16,22.3,,,
"Sep 08, 2023 10:49:48 am","5150 HS/Collegiate BBCor",Right,"General Practice",56,48,51,56.6,13.3,73,14,78,75,-25,2.22,0.19,21.1,,,
"Sep 08, 2023 10:49:41 am","5150 HS/Collegiate BBCor",Right,"General Practice",56,54,68,75.2,20.4,73,6,79,81,-32,5.65,0.13,22.5,,,
"Sep 08, 2023 10:49:26 am","5150 HS/Collegiate BBCor",Right,"General Practice",53,54,65,73.5,19,70,13,81,79,-18,4.95,0.14,21.9,,,
"Sep 08, 2023 10:46:50 am","5150 HS/Collegiate BBCor",Right,"General Practice",37,59,53,75,14.2,54,17,100,84,-19,4.81,0.15,21.7,,,
"Sep 08, 2023 10:46:42 am","5150 HS/Collegiate BBCor",Right,"General Practice",33,60,56,73,15.5,49,16,101,86,-18,4.62,0.15,20.7,,,
"Sep 08, 2023 10:46:33 am","5150 HS/Collegiate BBCor",Right,"General Practice",54,54,73,75.5,22.2,71,14,81,78,-25,5.44,0.14,22.5,,,
"Sep 08, 2023 10:46:24 am","5150 HS/Collegiate BBCor",Right,"General Practice",56,48,73,74.8,22.2,72,14,77,76,-24,5.27,0.14,22.3,,,
"Sep 08, 2023 10:46:18 am","5150 HS/Collegiate BBCor",Right,"General Practice",46,52,60,75.1,16.9,62,17,83,75,-22,5.31,0.14,21.8,,,
"Sep 08, 2023 10:44:36 am","5150 HS/Collegiate BBCor",Right,"General Practice",41,70,62,72.1,17.6,58,12,92,83,-20,4.89,0.14,21.7,,,
"Sep 08, 2023 10:44:18 am","5150 HS/Collegiate BBCor",Right,"General Practice",38,59,57,70.8,15.8,54,16,89,76,-17,4.46,0.15,20.9,,,
"Sep 08, 2023 10:44:12 am","5150 HS/Collegiate BBCor",Right,"General Practice",31,52,51,69.6,13.2,47,19,108,86,-14,3.94,0.16,19.5,,,
"Sep 08, 2023 10:43:57 am","5150 HS/Collegiate BBCor",Right,"General Practice",38,66,55,71.9,15.1,54,8,94,83,-25,4.87,0.14,20.9,,,
"Sep 08, 2023 10:43:52 am","5150 HS/Collegiate BBCor",Right,"General Practice",37,70,56,70.5,15.3,53,11,94,84,-23,4.74,0.14,20.8,,,
"Sep 08, 2023 10:43:42 am","5150 HS/Collegiate BBCor",Right,"General Practice",51,65,64,70.4,18.8,68,11,84,84,-27,4.66,0.14,21.7,,,
"Sep 08, 2023 10:40:48 am","5150 HS/Collegiate BBCor",Right,"General Practice",53,61,72,75.9,22,70,14,86,79,-21,5.5,0.14,22.2,,,
"Sep 08, 2023 10:40:36 am","5150 HS/Collegiate BBCor",Right,"General Practice",39,56,52,74,13.7,55,18,98,79,-15,4.68,0.15,20.4,,,
"Sep 08, 2023 10:40:28 am","5150 HS/Collegiate BBCor",Right,"General Practice",49,60,65,74.4,18.9,66,14,87,77,-23,5.21,0.14,21.1,,,
"Sep 08, 2023 10:40:06 am","5150 HS/Collegiate BBCor",Right,"General Practice",50,48,73,72.8,22.3,66,18,79,73,-21,4.71,0.15,22.6,,,
"Sep 08, 2023 10:39:59 am","5150 HS/Collegiate BBCor",Right,"General Practice",46,56,64,74.7,18.7,63,18,87,75,-19,4.9,0.15,22,,,
"Sep 08, 2023 10:39:52 am","5150 HS/Collegiate BBCor",Right,"General Practice",56,55,68,70.2,20.5,73,12,79,82,-21,5.06,0.13,21.3,,,
"Sep 08, 2023 10:38:46 am","5150 HS/Collegiate BBCor",Right,"General Practice",40,67,59,71.9,16.6,57,12,97,86,-20,4.66,0.15,21,,,
"Sep 08, 2023 10:38:41 am","5150 HS/Collegiate BBCor",Right,"General Practice",29,55,50,68,12.9,46,12,107,90,-18,3.95,0.15,19.3,,,
"Sep 08, 2023 10:38:31 am","5150 HS/Collegiate BBCor",Right,"General Practice",33,56,54,68.2,14.6,50,12,106,92,-24,4.14,0.15,20.2,,,
"Sep 08, 2023 10:38:25 am","5150 HS/Collegiate BBCor",Right,"General Practice",33,59,51,69.1,13.2,49,13,104,89,-19,3.93,0.16,20.1,,,
"Sep 08, 2023 10:38:20 am","5150 HS/Collegiate BBCor",Right,"General Practice",48,62,56,70.1,15.4,64,8,89,79,-25,4.44,0.15,20.6,,,
"Sep 08, 2023 10:33:22 am","5150 HS/Collegiate BBCor",Right,"General Practice",50,59,69,74.5,20.9,67,18,88,76,-21,4.87,0.15,22.7,,,
"Sep 08, 2023 10:33:14 am","5150 HS/Collegiate BBCor",Right,"General Practice",46,56,64,72.7,18.7,63,19,87,75,-18,4.64,0.15,21.9,,,
"Sep 08, 2023 10:33:00 am","5150 HS/Collegiate BBCor",Right,"General Practice",50,66,66,72.5,19.6,67,18,88,81,-20,4.81,0.14,22.5,,,
"Sep 08, 2023 10:32:52 am","5150 HS/Collegiate BBCor",Right,"General Practice",42,74,53,73,14.1,59,14,92,84,-23,4.75,0.15,21.5,,,
"Sep 08, 2023 10:32:45 am","5150 HS/Collegiate BBCor",Right,"General Practice",51,50,70,71.7,21.1,67,18,80,75,-18,4.51,0.15,22.3,,,
"Sep 08, 2023 10:32:37 am","5150 HS/Collegiate BBCor",Right,"General Practice",55,54,68,72.7,20.3,72,18,83,77,-17,4.77,0.15,22.1,,,
"Sep 08, 2023 10:31:52 am","5150 HS/Collegiate BBCor",Right,"General Practice",53,71,63,71.6,18.4,70,7,85,86,-29,5.28,0.13,21.6,,,
"Sep 08, 2023 10:31:46 am","5150 HS/Collegiate BBCor",Right,"General Practice",29,69,46,61.8,11.4,45,14,98,90,-28,3.14,0.16,18.3,,,
"Sep 08, 2023 10:31:27 am","5150 HS/Collegiate BBCor",Right,"General Practice",32,61,54,67.3,14.5,49,10,102,90,-22,3.83,0.16,19.4,,,
"Sep 08, 2023 10:31:18 am","5150 HS/Collegiate BBCor",Right,"General Practice",45,65,60,71.7,17,62,10,88,80,-25,4.76,0.14,21.9,,,
"Sep 08, 2023 10:31:13 am","5150 HS/Collegiate BBCor",Right,"General Practice",27,42,41,63.4,9,44,6,118,97,-22,3.48,0.15,18.9,,,
"Sep 08, 2023 10:28:10 am","5150 HS/Collegiate BBCor",Right,"General Practice",52,49,67,75.1,20.1,68,16,82,72,-23,5.15,0.14,22.3,,,
"Sep 08, 2023 10:28:03 am","5150 HS/Collegiate BBCor",Right,"General Practice",49,54,64,72.3,18.8,65,18,83,76,-26,4.59,0.15,22.5,,,
"Sep 08, 2023 10:27:55 am","5150 HS/Collegiate BBCor",Right,"General Practice",47,59,59,74.2,16.4,64,15,86,78,-24,5.11,0.14,22.2,,,
"Sep 08, 2023 10:27:43 am","5150 HS/Collegiate BBCor",Right,"General Practice",53,48,63,70.7,18.3,70,17,80,73,-21,4.45,0.15,21.6,,,
"Sep 08, 2023 10:27:36 am","5150 HS/Collegiate BBCor",Right,"General Practice",57,56,51,62,13.5,73,8,79,82,-20,3.2,0.16,18.3,,,
"Sep 07, 2023 11:52:43 am",243,Right,"General Practice",50,60,55,69.2,15,67,11,97,81,-28,4.03,0.15,21.3,,,
"Sep 07, 2023 11:52:32 am",243,Right,"General Practice",42,51,50,70.1,13.1,59,11,107,83,-22,4.08,0.16,21.6,,,
"Sep 07, 2023 11:52:21 am",243,Right,"General Practice",49,60,52,71,13.7,65,2,101,86,-29,4.6,0.14,21.3,,,
"Sep 07, 2023 11:52:15 am",243,Right,"General Practice",45,56,49,67.6,12.6,62,1,106,91,-25,4.35,0.14,20.4,,,
"Sep 07, 2023 11:52:07 am",243,Right,"General Practice",46,63,58,69.3,16.1,63,14,93,79,-15,3.99,0.16,21.3,,,
"Sep 07, 2023 11:50:44 am",243,Right,"General Practice",52,42,51,73.4,13.5,69,6,101,66,-14,4.99,0.14,19.8,,,
"Sep 07, 2023 11:50:33 am",243,Right,"General Practice",40,43,38,65,8,57,6,121,92,-15,3.97,0.14,19.3,,,
"Sep 07, 2023 11:50:27 am",243,Right,"General Practice",55,60,55,68.5,15.1,72,8,97,82,-18,4.35,0.14,21,,,
"Sep 07, 2023 11:50:22 am",243,Right,"General Practice",41,49,44,69.8,10.3,58,12,104,78,-13,4.27,0.15,19.7,,,
"Sep 07, 2023 11:49:02 am",243,Right,"General Practice",54,62,60,69.9,17,71,10,97,83,-19,4.4,0.14,20.7,,,
"Sep 07, 2023 11:48:41 am",243,Right,"General Practice",47,64,58,67.5,16.2,64,5,100,90,-30,4.16,0.14,20.9,,,
"Sep 07, 2023 11:48:29 am",243,Right,"General Practice",58,58,63,69.6,18.2,75,10,87,76,-24,4.13,0.15,21,,,
"Sep 07, 2023 11:48:22 am",243,Right,"General Practice",55,72,59,66.6,16.4,72,13,86,85,-24,3.78,0.15,21.3,,,
"Sep 07, 2023 11:44:05 am",243,Right,"General Practice",40,63,52,68.5,13.7,57,4,99,86,-27,4.23,0.14,20.9,,,
"Sep 07, 2023 11:44:00 am",243,Right,"General Practice",47,64,53,68.2,14.3,64,4,92,80,-23,4.19,0.14,20.8,,,
"Sep 07, 2023 11:43:54 am",243,Right,"General Practice",29,51,46,66.2,11.3,46,12,111,89,-22,3.73,0.15,19.2,,,
"Sep 07, 2023 11:43:50 am",243,Right,"General Practice",41,62,50,68,12.9,57,6,97,83,-24,4.11,0.15,19.9,,,
"Sep 07, 2023 11:43:44 am",243,Right,"General Practice",37,59,48,67.8,12,53,12,99,82,-27,3.81,0.16,20.3,,,
"Sep 07, 2023 11:42:15 am",243,Right,"General Practice",42,48,44,69.6,10.4,59,5,95,68,-17,4.35,0.14,18.6,,,
"Sep 07, 2023 11:42:08 am",243,Right,"General Practice",43,50,48,72,11.9,60,11,103,79,-24,4.31,0.16,20.8,,,
"Sep 07, 2023 11:42:02 am",243,Right,"General Practice",41,54,57,69.1,15.7,57,11,106,86,-17,4.24,0.15,20.4,,,
"Sep 07, 2023 11:41:54 am",243,Right,"General Practice",49,44,30,50.1,4.7,66,1,113,81,-21,1.64,0.2,16.9,,,
"Sep 07, 2023 11:41:47 am",243,Right,"General Practice",37,50,45,71.3,11,53,11,106,81,-16,4.33,0.15,20,,,
"Sep 07, 2023 11:38:52 am",243,Right,"General Practice",56,52,55,74.1,14.9,72,2,95,73,-26,5.23,0.14,20.2,,,
"Sep 07, 2023 11:38:47 am",243,Right,"General Practice",32,47,38,66,7.9,48,11,116,90,-19,3.87,0.15,20,,,
"Sep 07, 2023 11:38:41 am",243,Right,"General Practice",50,60,59,67.9,16.6,67,6,99,84,-26,4.15,0.14,21.5,,,
"Sep 07, 2023 11:38:36 am",243,Right,"General Practice",38,54,53,65,13.9,55,14,108,89,-29,3.6,0.15,20.1,,,
"Sep 07, 2023 11:38:30 am",243,Right,"General Practice",52,65,52,66.4,13.8,69,3,90,81,-27,3.76,0.15,20.8,,,
"Sep 07, 2023 11:38:17 am",243,Right,"General Practice",57,57,58,68.2,16.3,74,10,86,76,-21,4.19,0.14,20.4,,,
"Sep 07, 2023 11:36:56 am",243,Right,"General Practice",38,50,48,69.7,11.9,55,12,109,85,-25,3.93,0.16,20.3,,,
"Sep 07, 2023 11:36:43 am",243,Right,"General Practice",47,54,51,70.9,13.5,64,11,92,72,-18,4.23,0.15,20.1,,,
"Sep 07, 2023 11:36:35 am",243,Right,"General Practice",44,55,48,70.4,12,60,9,102,83,-23,4.23,0.15,20.8,,,
"Sep 07, 2023 11:36:29 am",243,Right,"General Practice",54,62,51,68.1,13.2,71,-4,97,83,-36,4.23,0.14,20.2,,,
"Sep 07, 2023 11:34:27 am",243,Right,"General Practice",46,80,60,62.8,17,63,15,90,89,-24,3.2,0.16,22.1,,,
"Sep 07, 2023 11:34:18 am",243,Right,"General Practice",27,39,44,61.9,10.2,44,11,121,98,-28,3.22,0.15,19.9,,,
"Sep 07, 2023 11:34:12 am",243,Right,"General Practice",45,57,48,69.1,12.3,61,10,104,86,-26,4.19,0.15,21.4,,,
"Sep 07, 2023 11:34:04 am",243,Right,"General Practice",53,69,53,69.6,13.9,70,8,94,84,-27,4.36,0.14,21.2,,,
"Sep 07, 2023 11:33:06 am",243,Right,"General Practice",39,46,46,68.1,11.1,56,18,108,79,-19,4,0.15,20.8,,,
"Sep 07, 2023 11:32:42 am",243,Right,"General Practice",49,61,50,68.3,12.9,65,4,99,84,-27,4.32,0.14,21.3,,,
"Sep 07, 2023 11:32:35 am",243,Right,"General Practice",51,57,57,69.9,15.9,68,13,94,76,-20,4.11,0.15,20.3,,,
"Sep 07, 2023 11:32:23 am",243,Right,"General Practice",47,60,51,67.6,13.4,64,12,95,80,-18,3.61,0.16,20,,,
"Sep 07, 2023 11:17:59 am",243,Right,"General Practice",42,51,48,72,12.2,58,5,109,85,-28,4.31,0.16,21.2,,,
"Sep 07, 2023 11:17:52 am",243,Right,"General Practice",42,53,48,71.5,12.1,59,5,106,85,-26,4.09,0.16,20.9,,,
"Sep 07, 2023 11:17:32 am",243,Right,"General Practice",50,63,47,70.8,11.6,66,2,92,79,-26,4.16,0.16,20.4,,,
"Sep 07, 2023 11:17:16 am",243,Right,"General Practice",59,57,45,69.1,10.8,76,2,84,79,-26,4.02,0.15,20.4,,,
"Sep 05, 2023 02:45:23 pm","5150 HS/Collegiate BBCor",Right,"Pitching Machine",32,58,47,72.8,11.5,48,-3,94,77,-29,4.59,0.15,22,,,
"Sep 05, 2023 02:45:18 pm","5150 HS/Collegiate BBCor",Right,"Pitching Machine",45,54,60,74.5,17.2,62,-4,89,72,-36,5.15,0.14,22.5,,,
"Sep 05, 2023 02:45:13 pm","5150 HS/Collegiate BBCor",Right,"Pitching Machine",39,52,62,77,17.9,56,12,88,71,-31,5.27,0.15,22.9,,,
"Sep 05, 2023 02:45:09 pm","5150 HS/Collegiate BBCor",Right,"Pitching Machine",53,45,60,68.9,17,70,10,78,71,-43,4.54,0.14,21.4,,,
"Sep 05, 2023 02:40:49 pm","5150 HS/Collegiate BBCor",Right,"Pitching Machine",35,52,47,75.2,11.8,52,1,99,76,-12,5.1,0.15,20.9,,,
"Sep 05, 2023 02:40:44 pm","5150 HS/Collegiate BBCor",Right,"Pitching Machine",31,50,51,73.8,13.3,48,8,104,79,-10,5.05,0.14,20.6,,,
"Sep 05, 2023 02:40:39 pm","5150 HS/Collegiate BBCor",Right,"Pitching Machine",46,54,70,70.2,21.1,62,19,81,79,-30,4.57,0.14,20.8,,,
"Sep 05, 2023 02:40:34 pm","5150 HS/Collegiate BBCor",Right,"Pitching Machine",48,48,65,68.8,19,65,22,74,80,-36,4.27,0.15,21.2,,,
"Sep 05, 2023 02:40:29 pm","5150 HS/Collegiate BBCor",Right,"Pitching Machine",50,49,63,70.1,18.4,66,25,78,77,-33,4.32,0.15,21.1,,,
"Sep 05, 2023 02:40:24 pm","5150 HS/Collegiate BBCor",Right,"Pitching Machine",43,74,61,69.5,17.3,60,17,85,87,-50,4.42,0.14,21.3,,,
"Sep 05, 2023 02:37:09 pm","5150 HS/Collegiate BBCor",Right,"Pitching Machine",48,51,60,72.7,16.9,65,4,86,71,-27,5.04,0.14,21.2,,,
"Sep 05, 2023 02:37:02 pm","5150 HS/Collegiate BBCor",Right,"Pitching Machine",47,46,57,71,15.9,64,4,84,67,-23,4.54,0.15,21.1,,,
"Sep 05, 2023 02:36:58 pm","5150 HS/Collegiate BBCor",Right,"Pitching Machine",46,57,58,71.2,16.1,63,5,88,75,-28,4.64,0.14,21,,,
"Sep 05, 2023 02:36:53 pm","5150 HS/Collegiate BBCor",Right,"Pitching Machine",44,71,63,70.3,18.1,61,14,89,83,-30,4.35,0.15,22.2,,,
"Sep 05, 2023 02:36:48 pm","5150 HS/Collegiate BBCor",Right,"Pitching Machine",52,66,57,68.6,15.7,69,2,86,83,-36,4.43,0.14,22.2,,,
