﻿"©Blast Motion. All rights reserved."
"NOTE: Access to and use of this data is subject to the Blast Motion terms of use and end user license agreement, which can be found at https://blastmotion.com/terms-of-service/"
Email:,gschacher1@live.maryville.edu
Academy:,"Maryville University Baseball"
Sport:,Baseball
"Report Date:","Sep 11, 2023 07:51:48 pm"
"Date Range:","Aug 28, 2023 - Sep 11, 2023"

Date,Equipment,Handedness,"Swing Details","Plane Score","Connection Score","Rotation Score","Bat Speed (mph)","Rotational Acceleration (g)","On Plane Efficiency (%)","Attack Angle (deg)","Early Connection (deg)","Connection at Impact (deg)","Vertical Bat Angle (deg)","Power (kW)","Time to Contact (sec)","Peak Hand Speed (mph)","Exit Velocity (mph)","Launch Angle (deg)","Estimated Distance (feet)"
"Sep 11, 2023 02:04:15 pm","bat 1",Left,"General Practice",63,50,50,68.7,12.8,79,11,84,72,-25,3.86,0.16,21.1,,,
"Sep 11, 2023 02:00:17 pm","bat 1",Left,"General Practice",54,58,49,62.8,12.6,71,7,89,75,-7,3.35,0.15,20.7,,,
"Sep 11, 2023 01:59:59 pm","bat 1",Left,"General Practice",58,56,46,62.5,11.3,75,8,87,75,-26,3.5,0.14,20.2,,,
"Sep 11, 2023 01:59:52 pm","bat 1",Left,"General Practice",61,48,51,64.3,13.2,78,5,82,71,-23,3.87,0.14,21.1,,,
"Sep 11, 2023 01:59:34 pm","bat 1",Left,"General Practice",64,43,41,58.1,9.3,81,16,76,71,-26,2.69,0.16,16.8,,,
"Sep 11, 2023 01:59:00 pm","bat 1",Left,"General Practice",56,53,48,66.6,12.1,72,10,86,73,-27,3.57,0.16,21.4,,,
"Sep 11, 2023 01:57:58 pm","bat 1",Left,"General Practice",60,61,44,67.9,10.5,77,7,90,78,-30,3.77,0.16,21.2,,,
"Sep 11, 2023 01:55:44 pm","bat 1",Left,"General Practice",68,57,45,59.9,10.7,85,14,83,79,-31,2.97,0.15,17.7,,,
"Sep 11, 2023 01:55:36 pm","bat 1",Left,"General Practice",60,52,51,64.6,13.1,77,3,84,73,-27,3.91,0.14,19.6,,,
"Sep 11, 2023 01:55:26 pm","bat 1",Left,"General Practice",66,55,50,66.5,12.7,83,11,85,75,-31,3.57,0.16,20,,,
"Sep 11, 2023 01:55:19 pm","bat 1",Left,"General Practice",58,61,48,60,12.2,75,8,89,78,-25,3.28,0.14,18.7,,,
"Sep 11, 2023 01:55:06 pm","bat 1",Left,"General Practice",64,46,52,62.4,13.6,81,8,80,70,-25,3.49,0.14,19.3,,,
"Sep 11, 2023 01:54:57 pm","bat 1",Left,"General Practice",66,40,49,60.4,12.4,83,4,75,67,-22,3.32,0.14,20,,,
"Sep 11, 2023 01:54:12 pm","bat 1",Left,"General Practice",54,56,45,69.2,10.7,71,11,87,75,-30,3.96,0.15,21,,,
"Sep 11, 2023 01:54:01 pm","bat 1",Left,"General Practice",49,54,50,67.2,12.7,66,11,88,73,-26,3.84,0.15,20.7,,,
"Sep 11, 2023 01:53:43 pm","bat 1",Left,"General Practice",48,55,46,68.9,11.2,65,8,90,73,-27,4.09,0.15,20.8,,,
"Sep 11, 2023 01:51:38 pm","bat 1",Left,"General Practice",62,51,53,61.2,14,78,9,82,75,-27,3.32,0.14,18.9,,,
"Sep 11, 2023 01:51:30 pm","bat 1",Left,"General Practice",62,46,53,60.9,14,79,4,79,72,-30,3.33,0.14,18.8,,,
"Sep 11, 2023 01:51:23 pm","bat 1",Left,"General Practice",62,66,43,60.3,9.9,79,9,89,81,-29,3.01,0.15,18.6,,,
"Sep 11, 2023 01:51:16 pm","bat 1",Left,"General Practice",63,44,45,65,10.7,80,11,78,70,-27,3.46,0.16,20.3,,,
"Sep 11, 2023 01:51:10 pm","bat 1",Left,"General Practice",64,42,48,61.1,12.2,81,8,76,69,-26,3.35,0.14,19.8,,,
"Sep 11, 2023 01:51:03 pm","bat 1",Left,"General Practice",71,40,45,56.3,10.8,88,2,71,71,-28,2.81,0.14,17.7,,,
"Sep 11, 2023 01:49:52 pm","bat 1",Left,"General Practice",53,56,48,67.8,11.9,70,11,88,74,-26,3.75,0.16,20.9,,,
"Sep 08, 2023 02:51:25 pm","bat 1",Left,"General Practice",55,56,48,67.9,12,72,8,86,76,-34,3.92,0.15,21.1,,,
"Sep 08, 2023 02:47:48 pm","bat 1",Left,"General Practice",57,48,52,67.3,13.9,74,1,81,73,-32,4.07,0.14,21.3,,,
"Sep 08, 2023 02:47:32 pm","bat 1",Left,"General Practice",59,50,46,66.5,11.2,76,9,82,74,-33,3.76,0.15,21.4,,,
"Sep 08, 2023 02:47:24 pm","bat 1",Left,"General Practice",51,56,44,67.1,10.5,68,3,87,74,-28,4.04,0.14,21.5,,,
"Sep 08, 2023 02:47:16 pm","bat 1",Left,"General Practice",61,57,49,66.1,12.5,78,5,85,77,-32,3.62,0.15,21.3,,,
"Sep 08, 2023 02:47:08 pm","bat 1",Left,"General Practice",59,45,51,66.6,13.3,76,7,79,70,-28,3.77,0.15,21.3,,,
"Sep 08, 2023 02:42:09 pm","bat 1",Left,"General Practice",53,48,50,67.6,12.8,70,10,83,70,-25,3.84,0.15,20.5,,,
"Sep 08, 2023 02:41:57 pm","bat 1",Left,"General Practice",55,45,46,64.5,11.2,72,7,82,67,-20,3.64,0.15,20.1,,,
"Sep 08, 2023 02:41:37 pm","bat 1",Left,"General Practice",57,56,47,66.4,11.8,74,10,87,74,-28,3.85,0.15,19.9,,,
"Sep 08, 2023 02:41:23 pm","bat 1",Left,"General Practice",53,61,44,64.7,10.6,70,8,89,78,-35,3.71,0.14,20,,,
"Sep 08, 2023 02:41:09 pm","bat 1",Left,"General Practice",56,56,46,65.4,11.4,73,6,87,75,-26,3.79,0.14,20.6,,,
"Sep 08, 2023 02:41:03 pm","bat 1",Left,"General Practice",61,48,47,66,11.4,77,4,81,72,-27,3.7,0.15,20.7,,,
"Sep 08, 2023 02:36:59 pm","bat 1",Left,"General Practice",62,65,47,65.4,11.7,79,11,88,80,-38,3.36,0.16,20.6,,,
"Sep 08, 2023 02:36:50 pm","bat 1",Left,"General Practice",51,58,38,62.3,7.8,68,18,94,77,-30,2.78,0.18,19.7,,,
"Sep 08, 2023 02:36:41 pm","bat 1",Left,"General Practice",60,63,44,65.9,10.6,76,9,92,79,-35,3.42,0.16,21,,,
"Sep 08, 2023 02:36:26 pm","bat 1",Left,"General Practice",40,48,38,65.6,7.9,57,18,99,72,-16,3.35,0.16,19.9,,,
"Sep 08, 2023 02:36:20 pm","bat 1",Left,"General Practice",58,55,49,58.7,12.3,75,8,90,73,-22,2.85,0.15,16.6,,,
"Sep 08, 2023 02:35:12 pm","bat 1",Left,"General Practice",62,44,51,64.3,13.1,78,5,79,68,-25,3.66,0.14,20.9,,,
"Sep 08, 2023 02:35:06 pm","bat 1",Left,"General Practice",57,51,43,65.7,10,74,12,84,72,-26,3.62,0.15,20.3,,,
"Sep 08, 2023 02:35:01 pm","bat 1",Left,"General Practice",58,47,48,63.5,12.2,74,11,80,72,-24,3.47,0.15,20.4,,,
"Sep 08, 2023 02:34:50 pm","bat 1",Left,"General Practice",59,45,45,64.1,10.7,75,9,78,70,-26,3.32,0.16,20.7,,,
"Sep 08, 2023 02:34:44 pm","bat 1",Left,"General Practice",62,41,48,60,12.2,78,8,76,68,-20,3.19,0.14,19.2,,,
"Sep 08, 2023 02:34:38 pm","bat 1",Left,"General Practice",47,68,41,59.3,9.1,64,8,93,82,-31,2.95,0.15,19.1,,,
"Sep 08, 2023 02:34:33 pm","bat 1",Left,"General Practice",48,58,47,64.1,11.6,65,6,88,76,-32,3.64,0.14,19.9,,,
"Sep 08, 2023 02:28:47 pm","bat 1",Left,"General Practice",58,48,47,65.9,11.5,74,12,83,71,-26,3.69,0.15,20.5,,,
"Sep 08, 2023 02:28:42 pm","bat 1",Left,"General Practice",62,45,45,64.6,10.8,79,6,79,71,-31,3.64,0.15,20.5,,,
"Sep 08, 2023 02:28:36 pm","bat 1",Left,"General Practice",52,57,41,64.7,9.1,69,12,88,75,-23,3.56,0.15,19.9,,,
"Sep 08, 2023 02:28:32 pm","bat 1",Left,"General Practice",55,50,43,67.7,10.1,72,9,83,72,-30,3.89,0.15,20.4,,,
"Sep 08, 2023 02:28:19 pm","bat 1",Left,"General Practice",55,44,46,65.2,11.4,71,11,80,68,-22,3.34,0.16,20.2,,,
"Sep 08, 2023 02:28:14 pm","bat 1",Left,"General Practice",60,46,45,66.9,11,77,10,82,68,-25,3.65,0.16,20.1,,,
"Sep 07, 2023 02:55:03 pm","bat 1",Left,"General Practice",61,48,48,63.7,12.1,78,6,82,72,-27,3.64,0.14,21,,,
"Sep 07, 2023 02:54:35 pm","bat 1",Left,"General Practice",55,52,53,63.1,14,72,14,84,73,-21,3.52,0.14,21.2,,,
"Sep 07, 2023 02:54:24 pm","bat 1",Left,"General Practice",59,52,50,61.2,13,76,11,82,75,-25,3.37,0.14,21.3,,,
"Sep 07, 2023 02:53:37 pm","bat 1",Left,"General Practice",38,78,44,54.7,10.3,54,6,93,86,-34,2.38,0.16,19.4,,,
"Sep 07, 2023 02:53:26 pm","bat 1",Left,"General Practice",50,56,43,60.1,9.9,67,9,88,74,-24,3.16,0.15,20.6,,,
"Sep 07, 2023 02:53:08 pm","bat 1",Left,"General Practice",57,48,48,63.5,12.1,74,11,82,71,-24,3.21,0.16,20.9,,,
"Sep 07, 2023 02:52:54 pm","bat 1",Left,"General Practice",59,44,48,60.2,12,76,5,79,69,-25,3.25,0.14,20.6,,,
"Sep 07, 2023 02:52:44 pm","bat 1",Left,"General Practice",54,60,49,64.6,12.3,71,8,88,77,-31,3.69,0.14,20.8,,,
"Sep 07, 2023 02:52:36 pm","bat 1",Left,"General Practice",60,58,51,63.4,13.3,76,6,85,78,-30,3.71,0.14,21,,,
"Sep 07, 2023 02:50:25 pm","bat 1",Left,"General Practice",55,52,47,62.9,11.5,72,13,87,70,-22,3.32,0.15,20,,,
"Sep 07, 2023 02:50:20 pm","bat 1",Left,"General Practice",61,61,46,62.6,11.1,78,9,92,78,-27,3.42,0.15,20.1,,,
"Sep 07, 2023 02:50:09 pm","bat 1",Left,"General Practice",51,55,44,64.3,10.5,68,17,89,73,-27,3.42,0.15,19.3,,,
"Sep 07, 2023 02:49:59 pm","bat 1",Left,"General Practice",55,58,41,57.2,9.1,72,-9,91,76,-37,2.82,0.15,18.3,,,
"Sep 07, 2023 02:48:45 pm","bat 1",Left,"General Practice",47,59,47,59.6,11.7,64,12,90,76,-24,3.1,0.15,20.2,,,
"Sep 07, 2023 02:48:33 pm","bat 1",Left,"General Practice",62,58,49,64.5,12.4,78,10,87,76,-27,3.68,0.14,20.8,,,
"Sep 07, 2023 02:48:22 pm","bat 1",Left,"General Practice",50,58,48,58.1,12.1,67,6,88,75,-25,3.08,0.14,20.1,,,
"Sep 07, 2023 02:48:12 pm","bat 1",Left,"General Practice",58,61,51,63.7,13.2,75,8,87,79,-27,3.59,0.14,20.4,,,
"Sep 07, 2023 02:48:05 pm","bat 1",Left,"General Practice",49,60,43,65.3,9.8,65,12,92,77,-23,3.57,0.15,20.3,,,
"Sep 07, 2023 02:47:57 pm","bat 1",Left,"General Practice",49,55,48,61.9,12.2,66,13,85,76,-30,3.26,0.15,20,,,
"Sep 07, 2023 02:45:18 pm","bat 1",Left,"General Practice",61,47,51,62.2,13.4,78,7,81,71,-25,3.47,0.14,20.9,,,
"Sep 07, 2023 02:45:01 pm","bat 1",Left,"General Practice",59,49,51,62.8,13.1,76,9,81,73,-31,3.49,0.14,20.6,,,
"Sep 07, 2023 02:44:07 pm","bat 1",Left,"General Practice",49,54,41,65.1,9.3,66,8,91,72,-23,3.55,0.15,20.7,,,
"Sep 07, 2023 02:43:57 pm","bat 1",Left,"General Practice",57,53,50,67.2,12.7,74,11,86,73,-28,3.89,0.15,21.1,,,
"Sep 07, 2023 02:43:48 pm","bat 1",Left,"General Practice",51,69,46,62.4,11.2,67,6,91,82,-33,3.31,0.15,19.8,,,
"Sep 07, 2023 02:43:35 pm","bat 1",Left,"General Practice",62,50,49,65.2,12.3,78,8,83,73,-25,3.39,0.16,20.5,,,
"Sep 07, 2023 02:42:10 pm","bat 1",Left,"General Practice",53,60,47,63.7,11.5,70,9,87,77,-33,3.54,0.15,20.8,,,
"Sep 07, 2023 02:42:02 pm","bat 1",Left,"General Practice",47,67,49,60.5,12.4,64,3,92,82,-31,3.24,0.14,20,,,
"Sep 07, 2023 02:41:53 pm","bat 1",Left,"General Practice",60,46,48,61.5,12,76,7,80,71,-29,3.39,0.14,21,,,
"Sep 07, 2023 02:41:47 pm","bat 1",Left,"General Practice",42,61,47,58.6,11.7,59,9,88,78,-34,2.92,0.15,19.7,,,
"Sep 07, 2023 02:41:41 pm","bat 1",Left,"General Practice",56,56,50,61.8,13,73,11,84,77,-30,3.39,0.14,20.9,,,
"Sep 07, 2023 02:40:45 pm","bat 1",Left,"General Practice",60,53,53,64,14,76,9,84,74,-28,3.62,0.14,20.5,,,
"Sep 07, 2023 02:40:37 pm","bat 1",Left,"General Practice",52,59,48,65.1,11.9,69,14,89,77,-26,3.6,0.15,20.5,,,
"Sep 07, 2023 02:40:29 pm","bat 1",Left,"General Practice",57,53,49,63.5,12.7,73,4,86,72,-25,3.67,0.14,20.5,,,
"Sep 07, 2023 02:40:22 pm","bat 1",Left,"General Practice",48,54,44,60.2,10.6,64,11,87,73,-24,3.12,0.15,19.8,,,
"Sep 07, 2023 02:38:26 pm","bat 1",Left,"General Practice",57,53,44,63.8,10.5,73,8,86,72,-26,3.6,0.14,20.1,,,
"Sep 07, 2023 02:38:20 pm","bat 1",Left,"General Practice",52,57,43,67.2,9.9,69,12,89,75,-26,3.84,0.15,19.7,,,
"Sep 07, 2023 02:38:11 pm","bat 1",Left,"General Practice",63,48,43,63.2,10.2,80,6,83,70,-29,3.26,0.16,19.7,,,
"Sep 07, 2023 02:38:05 pm","bat 1",Left,"General Practice",64,55,45,62.6,10.8,81,2,88,73,-29,3.52,0.14,19.9,,,
"Sep 07, 2023 02:37:12 pm","bat 1",Left,"General Practice",56,52,48,62.8,11.9,73,13,89,70,-17,3.36,0.15,20.7,,,
"Sep 07, 2023 02:36:59 pm","bat 1",Left,"General Practice",48,54,47,58.2,11.6,64,4,95,75,-21,3.09,0.14,20.5,,,
"Sep 07, 2023 02:36:51 pm","bat 1",Left,"General Practice",53,53,50,61.7,12.7,70,14,87,71,-22,3.33,0.15,20.7,,,
"Sep 07, 2023 02:36:34 pm","bat 1",Left,"General Practice",57,48,47,61.1,11.7,73,16,84,70,-26,3.09,0.15,21.1,,,
"Sep 07, 2023 02:35:44 pm","bat 1",Left,"General Practice",55,56,39,67,8.3,72,11,88,74,-33,3.57,0.16,20.3,,,
"Sep 07, 2023 02:35:37 pm","bat 1",Left,"General Practice",56,57,52,63.3,13.5,73,5,87,75,-29,3.59,0.14,20,,,
"Sep 07, 2023 02:35:31 pm","bat 1",Left,"General Practice",53,59,51,61.7,13.2,69,3,88,76,-28,3.57,0.14,20.5,,,
"Sep 07, 2023 02:35:24 pm","bat 1",Left,"General Practice",57,54,48,63.4,12.2,74,8,86,73,-29,3.51,0.15,20.2,,,
"Sep 07, 2023 02:35:18 pm","bat 1",Left,"General Practice",31,71,40,58.2,8.7,48,0,95,85,-43,2.73,0.16,18.7,,,
"Sep 07, 2023 02:35:12 pm","bat 1",Left,"General Practice",55,54,43,61.9,9.8,72,5,86,73,-32,3.25,0.15,19.3,,,
"Sep 07, 2023 02:35:06 pm","bat 1",Left,"General Practice",63,45,50,60.8,12.7,80,3,79,70,-24,3.47,0.14,19.8,,,
"Sep 07, 2023 02:33:38 pm","bat 1",Left,"General Practice",64,52,43,56.5,9.9,81,8,82,75,-24,2.34,0.17,18.9,,,
"Sep 07, 2023 02:32:58 pm","bat 1",Left,"General Practice",62,50,45,60.7,10.9,79,7,83,72,-26,3.13,0.15,19.9,,,
"Sep 07, 2023 02:32:52 pm","bat 1",Left,"General Practice",50,53,43,64.6,9.9,66,12,87,72,-31,3.41,0.16,19.8,,,
"Sep 07, 2023 02:32:27 pm","bat 1",Left,"General Practice",53,53,43,58.7,9.9,70,8,87,72,-26,2.85,0.15,19.1,,,
"Sep 07, 2023 02:32:22 pm","bat 1",Left,"General Practice",60,53,44,56.2,10.6,77,-3,87,72,-24,2.8,0.14,18.9,,,
