﻿"©Blast Motion. All rights reserved."
"NOTE: Access to and use of this data is subject to the Blast Motion terms of use and end user license agreement, which can be found at https://blastmotion.com/terms-of-service/"
Email:,hoden1@live.maryville.edu
Academy:,"Maryville University Baseball"
Sport:,Baseball
"Report Date:","Sep 11, 2023 07:51:47 pm"
"Date Range:","Aug 28, 2023 - Sep 11, 2023"

Date,Equipment,Handedness,"Swing Details","Plane Score","Connection Score","Rotation Score","Bat Speed (mph)","Rotational Acceleration (g)","On Plane Efficiency (%)","Attack Angle (deg)","Early Connection (deg)","Connection at Impact (deg)","Vertical Bat Angle (deg)","Power (kW)","Time to Contact (sec)","Peak Hand Speed (mph)","Exit Velocity (mph)","Launch Angle (deg)","Estimated Distance (feet)"
"Sep 11, 2023 11:02:35 am",alx,Right,"General Practice",59,66,51,66.1,13.4,76,0,91,81,-33,3.86,0.14,17,,,
"Sep 11, 2023 11:02:23 am",alx,Right,"General Practice",64,55,48,65.5,12.2,81,7,95,75,-31,3.55,0.15,17.2,,,
"Sep 11, 2023 11:02:16 am",alx,Right,"General Practice",59,47,52,69.4,13.7,75,10,107,80,-29,4.15,0.15,18.4,,,
"Sep 11, 2023 11:02:08 am",alx,Right,"General Practice",62,50,51,66.9,13.5,79,8,104,79,-31,3.71,0.15,17.8,,,
"Sep 11, 2023 11:02:02 am",alx,Right,"General Practice",62,52,47,68.4,11.8,79,1,103,80,-36,4.09,0.15,19.3,,,
"Sep 11, 2023 11:00:28 am",alx,Right,"General Practice",45,50,53,64.2,14,62,-3,106,98,-43,3.7,0.14,20.2,,,
"Sep 11, 2023 11:00:21 am",alx,Right,"General Practice",58,74,48,63.9,12,75,-9,96,91,-42,3.62,0.14,18.9,,,
"Sep 11, 2023 11:00:13 am",alx,Right,"General Practice",65,80,55,59.1,15,82,-7,91,86,-38,3.18,0.14,18.4,,,
"Sep 11, 2023 11:00:05 am",alx,Right,"General Practice",59,68,54,61.9,14.7,76,3,97,86,-38,3.25,0.15,17.5,,,
"Sep 11, 2023 10:59:59 am",alx,Right,"General Practice",57,68,50,63.7,13,74,7,95,84,-37,3.31,0.16,17.5,,,
"Sep 11, 2023 10:58:19 am",alx,Right,"General Practice",67,40,47,65.2,11.5,84,24,111,73,-35,3.56,0.15,17.4,,,
"Sep 11, 2023 10:58:11 am",alx,Right,"General Practice",67,43,51,64.8,13.3,83,14,117,84,-37,3.66,0.15,17.4,,,
"Sep 11, 2023 10:58:03 am",alx,Right,"General Practice",60,39,51,67.6,13.1,77,24,122,83,-22,3.64,0.16,18.5,,,
"Sep 11, 2023 10:57:52 am",alx,Right,"General Practice",60,45,51,67.2,13.4,77,16,114,84,-22,3.55,0.16,20.1,,,
"Sep 11, 2023 10:57:45 am",alx,Right,"General Practice",70,47,49,64.2,12.4,87,15,108,80,-41,3.41,0.15,17,,,
"Sep 11, 2023 10:57:38 am",alx,Right,"General Practice",70,49,47,60.4,11.6,87,-6,108,82,-37,3.47,0.13,17.7,,,
"Sep 11, 2023 10:57:31 am",alx,Right,"General Practice",57,47,50,63.8,13,74,18,113,85,-27,3.24,0.16,18.6,,,
"Sep 11, 2023 10:56:20 am",alx,Right,"General Practice",54,53,51,67.5,13.2,71,9,108,87,-31,3.87,0.15,19,,,
"Sep 11, 2023 10:56:11 am",alx,Right,"General Practice",57,57,55,67.3,14.9,74,13,103,86,-36,3.75,0.15,19.6,,,
"Sep 11, 2023 10:56:06 am",alx,Right,"General Practice",51,61,50,69.1,12.7,68,12,102,87,-33,3.9,0.16,19.5,,,
"Sep 11, 2023 10:56:00 am",alx,Right,"General Practice",51,54,54,68.9,14.4,67,15,107,86,-30,3.88,0.16,19.2,,,
"Sep 11, 2023 10:55:54 am",alx,Right,"General Practice",69,63,51,62.1,13.5,86,-2,97,83,-36,3.46,0.14,18.3,,,
"Sep 11, 2023 10:55:48 am",alx,Right,"General Practice",55,52,52,61.7,13.5,72,15,110,89,-31,3.07,0.16,17.5,,,
"Sep 11, 2023 10:54:35 am",alx,Right,"General Practice",42,51,50,67.1,12.9,59,20,109,86,-30,3.73,0.15,19.4,,,
"Sep 11, 2023 10:54:21 am",alx,Right,"General Practice",64,62,51,62.3,13.3,81,-2,101,87,-39,3.48,0.14,18.9,,,
"Sep 11, 2023 10:54:13 am",alx,Right,"General Practice",63,62,53,65.7,14,80,7,99,85,-37,3.62,0.15,19.2,,,
"Sep 11, 2023 10:54:05 am",alx,Right,"General Practice",57,59,55,65.2,14.8,73,11,103,87,-37,3.52,0.15,19.9,,,
"Sep 11, 2023 10:53:59 am",alx,Right,"General Practice",61,63,54,63,14.5,78,1,100,86,-39,3.62,0.14,19.5,,,
"Sep 11, 2023 10:53:54 am",alx,Right,"General Practice",60,65,53,66,14.1,77,9,99,87,-41,3.7,0.15,18.9,,,
"Sep 11, 2023 10:52:52 am",alx,Right,"General Practice",61,53,55,64.8,15,78,-1,109,91,-37,3.77,0.14,19.3,,,
"Sep 11, 2023 10:52:46 am",alx,Right,"General Practice",64,53,50,66.4,12.9,81,5,109,90,-38,3.75,0.15,20.2,,,
"Sep 11, 2023 10:52:40 am",alx,Right,"General Practice",61,53,45,66,11,78,8,109,88,-37,3.6,0.15,20,,,
"Sep 11, 2023 10:52:30 am",alx,Right,"General Practice",57,50,51,65.7,13.4,73,18,110,86,-31,3.48,0.16,19.2,,,
"Sep 11, 2023 10:52:25 am",alx,Right,"General Practice",57,52,52,67.4,13.8,73,10,110,91,-37,3.86,0.15,19.2,,,
"Sep 11, 2023 10:52:19 am",alx,Right,"General Practice",59,55,51,67,13.5,76,7,107,90,-40,3.82,0.15,20.2,,,
"Sep 11, 2023 10:51:25 am",alx,Right,"General Practice",47,55,52,66.2,13.5,64,12,107,87,-34,3.67,0.15,19.4,,,
"Sep 11, 2023 10:51:19 am",alx,Right,"General Practice",54,54,53,62.7,14.2,71,8,108,92,-36,3.17,0.16,18,,,
"Sep 11, 2023 10:51:12 am",alx,Right,"General Practice",52,54,55,67,14.8,69,14,108,90,-35,3.72,0.15,19.5,,,
"Sep 11, 2023 10:51:07 am",alx,Right,"General Practice",55,58,53,64.5,14,72,3,104,90,-38,3.73,0.14,19.4,,,
"Sep 11, 2023 10:50:41 am",alx,Right,"General Practice",67,54,56,63.9,15.2,84,1,103,82,-38,3.47,0.15,19.3,,,
"Sep 11, 2023 10:50:35 am",alx,Right,"General Practice",52,48,49,69.6,12.5,69,7,114,92,-39,4.29,0.14,19.9,,,
"Sep 11, 2023 10:50:30 am",alx,Right,"General Practice",58,54,52,64.9,13.7,74,11,106,86,-42,3.44,0.16,20.4,,,
"Sep 08, 2023 11:55:18 am",alx,Right,"General Practice",51,45,58,69.2,16.3,68,18,118,89,-34,4.18,0.15,20.8,,,
"Sep 08, 2023 11:53:44 am",alx,Right,"General Practice",59,55,60,69.3,16.9,76,0,106,87,-27,4.25,0.14,21.8,,,
"Sep 08, 2023 11:53:37 am",alx,Right,"General Practice",57,54,56,71.6,15.3,73,6,105,85,-31,4.3,0.15,22.3,,,
"Sep 08, 2023 11:53:25 am",alx,Right,"General Practice",58,56,59,67.9,16.4,74,1,106,88,-29,4.02,0.15,21.2,,,
"Sep 08, 2023 11:51:20 am",alx,Right,"General Practice",62,53,52,65.4,13.5,78,13,109,87,-43,3.58,0.15,20.4,,,
"Sep 08, 2023 11:51:20 am",alx,Right,"General Practice",62,53,52,65.4,13.5,78,13,109,87,-43,3.58,0.15,20.4,,,
"Sep 08, 2023 11:51:13 am",alx,Right,"General Practice",55,48,54,69.2,14.4,72,19,114,87,-39,3.96,0.15,19.9,,,
"Sep 08, 2023 11:51:13 am",alx,Right,"General Practice",55,48,54,69.2,14.4,72,19,114,87,-39,3.96,0.15,19.9,,,
"Sep 08, 2023 11:51:08 am",alx,Right,"General Practice",63,55,52,62.2,13.5,80,6,106,86,-35,3.29,0.15,18.6,,,
"Sep 08, 2023 11:51:08 am",alx,Right,"General Practice",63,55,52,62.2,13.5,80,6,106,86,-35,3.29,0.15,18.6,,,
"Sep 08, 2023 11:51:02 am",alx,Right,"General Practice",61,52,53,64.9,14.3,78,11,110,90,-40,3.44,0.16,19.6,,,
"Sep 08, 2023 11:51:02 am",alx,Right,"General Practice",61,52,53,64.9,14.3,78,11,110,90,-40,3.44,0.16,19.6,,,
"Sep 08, 2023 11:50:56 am",alx,Right,"General Practice",62,52,57,67.1,15.6,79,16,110,89,-45,3.88,0.15,20,,,
"Sep 08, 2023 11:50:56 am",alx,Right,"General Practice",62,52,57,67.1,15.6,79,16,110,89,-45,3.88,0.15,20,,,
"Sep 08, 2023 11:50:10 am",alx,Right,"General Practice",65,52,55,67.2,15,82,14,104,81,-40,3.95,0.15,19.9,,,
"Sep 08, 2023 11:50:02 am",alx,Right,"General Practice",56,45,56,68.1,15.3,73,23,113,82,-30,3.74,0.16,19.9,,,
"Sep 08, 2023 11:49:51 am",alx,Right,"General Practice",57,49,51,68,13.1,74,13,113,88,-42,3.82,0.15,20.3,,,
"Sep 08, 2023 11:49:40 am",alx,Right,"General Practice",54,43,61,67.5,17.4,71,9,117,97,-39,4.2,0.14,19.8,,,
"Sep 08, 2023 11:47:31 am",alx,Right,"General Practice",64,52,55,65,14.8,81,5,108,86,-38,3.69,0.15,19.4,,,
"Sep 08, 2023 11:47:26 am",alx,Right,"General Practice",62,51,54,64.4,14.4,79,13,110,86,-41,3.52,0.15,20.1,,,
"Sep 08, 2023 11:47:18 am",alx,Right,"General Practice",58,47,59,66.9,16.6,75,19,115,89,-40,3.85,0.15,20.9,,,
"Sep 08, 2023 11:47:13 am",alx,Right,"General Practice",64,56,52,66,13.5,81,17,105,86,-45,3.6,0.15,19.5,,,
"Sep 08, 2023 11:47:08 am",alx,Right,"General Practice",58,55,49,62.3,12.7,75,19,103,84,-44,2.98,0.17,19.3,,,
"Sep 08, 2023 11:44:54 am",alx,Right,"General Practice",56,49,58,66.8,16.1,73,13,107,81,-34,4.06,0.14,18.3,,,
"Sep 08, 2023 11:44:47 am",alx,Right,"General Practice",53,49,54,70.2,14.6,69,13,111,86,-36,4.42,0.14,19.7,,,
"Sep 08, 2023 11:44:38 am",alx,Right,"General Practice",54,47,54,70.2,14.4,71,19,110,82,-31,4.24,0.15,18.7,,,
"Sep 08, 2023 11:44:26 am",alx,Right,"General Practice",56,47,54,67,14.5,72,18,113,85,-35,3.82,0.15,18.3,,,
"Sep 08, 2023 11:43:03 am",alx,Right,"General Practice",63,58,53,61,14.1,80,7,104,87,-36,3.16,0.15,17.9,,,
"Sep 08, 2023 11:42:51 am",alx,Right,"General Practice",33,44,48,72.2,12.1,50,20,120,91,-32,4.49,0.15,19.7,,,
"Sep 08, 2023 11:42:43 am",alx,Right,"General Practice",41,47,51,69.5,13.4,57,18,115,86,-34,4.28,0.14,19.8,,,
"Sep 08, 2023 11:42:39 am",alx,Right,"General Practice",62,61,50,64.7,12.8,78,0,100,86,-48,3.61,0.15,18.6,,,
"Sep 08, 2023 11:39:30 am",alx,Right,"General Practice",46,44,61,71.1,17.4,62,20,116,84,-31,4.41,0.15,19.2,,,
"Sep 08, 2023 11:39:15 am",alx,Right,"General Practice",48,44,51,64.4,13.2,64,24,112,80,-32,3.27,0.16,19.5,,,
"Sep 08, 2023 11:39:07 am",alx,Right,"General Practice",60,51,56,63.5,15.2,77,16,109,86,-37,3.39,0.15,18.6,,,
"Sep 08, 2023 11:38:54 am",alx,Right,"General Practice",62,56,53,65.3,14.2,78,11,106,88,-42,3.67,0.15,18.6,,,
"Sep 08, 2023 11:37:44 am",alx,Right,"General Practice",55,47,56,66.8,15.5,72,15,116,89,-36,3.8,0.15,19.5,,,
"Sep 08, 2023 11:37:37 am",alx,Right,"General Practice",49,46,54,70.2,14.4,65,15,116,90,-41,4.24,0.15,20.6,,,
"Sep 08, 2023 11:37:29 am",alx,Right,"General Practice",56,52,54,62.9,14.7,72,12,110,88,-43,3.23,0.16,19.9,,,
"Sep 08, 2023 11:37:18 am",alx,Right,"General Practice",54,53,49,66.8,12.4,70,19,107,86,-45,3.42,0.17,19.5,,,
"Sep 08, 2023 11:37:13 am",alx,Right,"General Practice",45,47,52,70.4,13.8,61,16,115,93,-40,4.39,0.14,20.4,,,
"Sep 08, 2023 11:37:09 am",alx,Right,"General Practice",60,60,56,64.4,15.4,77,9,103,87,-43,3.57,0.15,19,,,
"Sep 08, 2023 11:34:02 am",alx,Right,"General Practice",66,56,60,63.5,16.9,83,13,103,85,-38,3.57,0.14,19,,,
"Sep 08, 2023 11:33:55 am",alx,Right,"General Practice",60,55,58,65.2,16.2,76,13,107,89,-42,3.67,0.15,20,,,
"Sep 08, 2023 11:33:49 am",alx,Right,"General Practice",56,53,56,67.9,15.3,73,14,108,88,-40,4.14,0.14,20.1,,,
"Sep 08, 2023 11:33:41 am",alx,Right,"General Practice",55,59,54,62.6,14.6,71,17,103,87,-43,3.08,0.16,19.6,,,
"Sep 08, 2023 11:32:00 am",alx,Right,"General Practice",50,53,55,65.9,14.8,66,18,106,85,-49,3.74,0.15,18.4,,,
"Sep 08, 2023 11:31:55 am",alx,Right,"General Practice",57,48,59,67.2,16.8,74,23,108,81,-48,3.89,0.15,18,,,
"Sep 08, 2023 11:31:50 am",alx,Right,"General Practice",41,40,56,68.4,15.2,58,32,110,71,-33,4.08,0.15,18.3,,,
"Sep 08, 2023 11:31:47 am",alx,Right,"General Practice",50,40,47,64,11.6,67,34,109,71,-33,3.22,0.16,16.6,,,
"Sep 08, 2023 11:30:19 am",alx,Right,"General Practice",60,50,54,65,14.5,77,14,104,79,-38,3.45,0.16,18.7,,,
"Sep 08, 2023 11:30:12 am",alx,Right,"General Practice",61,50,52,65,13.5,78,11,109,85,-39,3.74,0.14,18.3,,,
"Sep 08, 2023 11:30:03 am",alx,Right,"General Practice",45,43,54,69.7,14.4,62,28,115,82,-32,3.87,0.16,20.3,,,
"Sep 08, 2023 11:29:58 am",alx,Right,"General Practice",57,54,53,64,14.2,74,19,106,86,-38,3.44,0.15,18.8,,,
"Sep 07, 2023 02:53:58 pm",alx,Right,"General Practice",59,64,63,59.8,18.1,75,5,100,88,-40,3.17,0.14,18.5,,,
"Sep 07, 2023 02:50:51 pm",alx,Right,"General Practice",63,51,56,67.9,15.5,80,9,107,84,-39,4.2,0.14,18.5,,,
"Sep 07, 2023 02:50:45 pm",alx,Right,"General Practice",68,52,48,64.2,12.2,85,11,101,78,-39,3.46,0.15,18.5,,,
"Sep 07, 2023 02:49:37 pm",alx,Right,"General Practice",64,48,58,64.4,16.3,81,7,113,93,-38,3.57,0.15,19.3,,,
"Sep 07, 2023 02:49:27 pm",alx,Right,"General Practice",57,49,51,63.2,13.4,73,12,113,91,-41,3.35,0.15,19.9,,,
"Sep 07, 2023 02:49:19 pm",alx,Right,"General Practice",50,44,56,70.5,15.3,67,13,120,91,-36,4.4,0.14,19.1,,,
"Sep 07, 2023 02:49:13 pm",alx,Right,"General Practice",49,43,56,69.6,15.4,65,16,122,88,-31,4.29,0.14,19.3,,,
"Sep 07, 2023 02:49:08 pm",alx,Right,"General Practice",52,41,50,68.4,12.8,68,23,123,87,-31,3.98,0.15,20,,,
"Sep 07, 2023 02:49:02 pm",alx,Right,"General Practice",66,51,53,67,14,83,5,111,88,-44,3.97,0.14,19.5,,,
"Sep 07, 2023 02:47:45 pm",alx,Right,"General Practice",60,48,54,69.3,14.5,77,14,111,84,-36,4.14,0.15,19.4,,,
"Sep 07, 2023 02:47:40 pm",alx,Right,"General Practice",49,41,60,67.9,16.8,66,22,122,85,-27,3.97,0.15,19.7,,,
"Sep 07, 2023 02:47:33 pm",alx,Right,"General Practice",44,41,53,66.8,14,61,21,124,90,-32,3.84,0.15,20.2,,,
"Sep 07, 2023 02:47:28 pm",alx,Right,"General Practice",56,47,55,71.4,14.8,73,5,115,92,-45,4.71,0.14,20.7,,,
"Sep 07, 2023 02:47:24 pm",alx,Right,"General Practice",60,49,55,67,14.9,77,17,113,87,-41,3.86,0.15,20.6,,,
"Sep 07, 2023 02:46:04 pm",alx,Right,"General Practice",51,44,51,66.7,13.2,68,10,120,91,-29,3.88,0.15,18.5,,,
"Sep 07, 2023 02:45:50 pm",alx,Right,"General Practice",50,44,58,72.2,16.2,66,15,118,87,-34,4.49,0.15,19.7,,,
"Sep 07, 2023 02:45:39 pm",alx,Right,"General Practice",58,41,58,63.6,16.3,75,4,122,94,-34,3.58,0.14,18.4,,,
"Sep 07, 2023 02:42:57 pm",alx,Right,"General Practice",61,52,58,64.5,16.1,78,7,109,94,-42,3.74,0.14,19.9,,,
"Sep 07, 2023 02:42:50 pm",alx,Right,"General Practice",46,46,60,66.4,16.9,63,14,115,94,-39,3.96,0.14,21.2,,,
"Sep 07, 2023 02:42:45 pm",alx,Right,"General Practice",59,56,58,62.6,16.2,76,16,106,90,-41,3.24,0.15,19.6,,,
"Sep 07, 2023 02:42:38 pm",alx,Right,"General Practice",63,68,52,63.2,13.7,80,4,98,90,-47,3.49,0.15,20.2,,,
"Sep 07, 2023 02:42:32 pm",alx,Right,"General Practice",68,72,50,61.4,12.9,84,-5,95,86,-44,3.29,0.15,18.9,,,
"Sep 07, 2023 02:42:27 pm",alx,Right,"General Practice",61,62,63,65.3,18.1,78,12,102,91,-46,3.82,0.14,19.5,,,
"Sep 07, 2023 02:41:35 pm",alx,Right,"General Practice",63,50,59,66.1,16.5,80,6,112,91,-42,3.82,0.15,20.5,,,
"Sep 07, 2023 02:41:23 pm",alx,Right,"General Practice",51,51,58,65.1,16,68,18,111,91,-39,3.51,0.15,19.7,,,
"Sep 07, 2023 02:41:16 pm",alx,Right,"General Practice",69,57,55,60.2,15,85,-10,98,80,-43,3.61,0.13,19.6,,,
"Sep 07, 2023 02:41:09 pm",alx,Right,"General Practice",44,51,47,58.9,11.6,61,15,111,92,-39,2.76,0.16,19.1,,,
"Sep 07, 2023 02:39:12 pm",alx,Right,"General Practice",62,54,56,66.5,15.2,79,10,102,82,-39,3.86,0.15,18.7,,,
"Sep 07, 2023 02:39:04 pm",alx,Right,"General Practice",68,51,53,61.2,14,85,11,105,82,-37,3.1,0.15,17.8,,,
"Sep 07, 2023 02:38:56 pm",alx,Right,"General Practice",65,51,58,65.7,16.3,82,10,103,80,-33,3.72,0.15,17.9,,,
"Sep 07, 2023 02:38:51 pm",alx,Right,"General Practice",68,54,46,63,11.4,84,4,101,80,-38,3.29,0.15,18.1,,,
"Sep 07, 2023 02:38:46 pm",alx,Right,"General Practice",69,53,51,64.9,13.4,86,3,100,78,-39,3.63,0.15,18.7,,,
"Sep 07, 2023 02:38:41 pm",alx,Right,"General Practice",58,49,54,67.2,14.7,75,6,112,87,-37,4.23,0.14,19.4,,,
"Sep 07, 2023 02:37:53 pm",alx,Right,"General Practice",61,49,59,64.6,16.4,78,7,113,87,-34,3.75,0.14,18.5,,,
"Sep 07, 2023 02:37:46 pm",alx,Right,"General Practice",57,53,59,63.8,16.7,74,13,103,82,-32,3.42,0.15,17.9,,,
"Sep 07, 2023 02:37:41 pm",alx,Right,"General Practice",46,53,56,66.9,15.2,62,12,106,85,-37,4.08,0.14,18.8,,,
"Sep 07, 2023 02:37:34 pm",alx,Right,"General Practice",50,52,55,67.4,14.8,66,12,109,87,-38,4.03,0.14,19.4,,,
"Sep 07, 2023 02:36:26 pm",alx,Right,"General Practice",65,51,56,65.4,15.5,82,9,109,86,-39,3.74,0.15,18.8,,,
"Sep 07, 2023 02:36:17 pm",alx,Right,"General Practice",70,59,53,59.1,13.9,87,-8,98,82,-44,3.27,0.14,19.4,,,
"Sep 07, 2023 02:36:12 pm",alx,Right,"General Practice",67,62,54,64.1,14.7,84,5,101,87,-46,3.63,0.14,19.1,,,
"Sep 07, 2023 02:36:06 pm",alx,Right,"General Practice",66,57,60,63.8,17.1,82,8,105,91,-42,3.7,0.14,19.2,,,
"Sep 07, 2023 02:36:00 pm",alx,Right,"General Practice",62,58,55,65.4,15.1,78,14,103,87,-44,3.68,0.15,19.4,,,
"Sep 07, 2023 02:35:55 pm",alx,Right,"General Practice",57,56,54,66.4,14.7,74,9,106,92,-47,4.08,0.14,19.6,,,
"Sep 07, 2023 02:34:53 pm",alx,Right,"General Practice",54,51,59,67.4,16.6,71,12,111,92,-43,4.02,0.14,19.9,,,
"Sep 07, 2023 02:34:44 pm",alx,Right,"General Practice",62,57,64,63.7,18.7,79,1,105,91,-45,3.75,0.14,19.7,,,
"Sep 07, 2023 02:34:31 pm",alx,Right,"General Practice",47,47,49,66.7,12.6,64,7,116,91,-41,3.99,0.14,19.9,,,
"Sep 07, 2023 02:33:29 pm",alx,Right,"General Practice",65,65,50,66.2,12.9,82,3,95,83,-45,3.94,0.14,19.2,,,
"Sep 07, 2023 02:33:24 pm",alx,Right,"General Practice",64,64,51,66.3,13.1,81,9,94,81,-46,3.79,0.15,18.9,,,
"Sep 07, 2023 02:33:18 pm",alx,Right,"General Practice",52,54,57,69,15.8,68,11,103,82,-38,4.4,0.14,19.2,,,
"Sep 07, 2023 02:33:14 pm",alx,Right,"General Practice",57,55,55,64.6,15.1,74,12,101,82,-36,3.75,0.14,18.9,,,
"Sep 07, 2023 02:33:09 pm",alx,Right,"General Practice",64,58,55,63.4,15,81,4,100,83,-43,3.83,0.13,20,,,
"Sep 05, 2023 02:50:48 pm",demo,Right,"Pitching Machine",55,43,58,72.2,16.4,71,16,121,91,-37,4.61,0.14,19.9,,,
"Sep 05, 2023 02:50:43 pm",demo,Right,"Pitching Machine",59,41,51,68.2,13.3,76,10,121,95,-42,4.06,0.15,19.1,,,
"Sep 05, 2023 02:50:38 pm",demo,Right,"Pitching Machine",59,44,56,67.7,15.3,76,-1,117,96,-47,4.36,0.13,20.2,,,
