﻿"©Blast Motion. All rights reserved."
"NOTE: Access to and use of this data is subject to the Blast Motion terms of use and end user license agreement, which can be found at https://blastmotion.com/terms-of-service/"
Email:,jzebig1@live.maryville.edu
Academy:,"Maryville University Baseball"
Sport:,Baseball
"Report Date:","Sep 11, 2023 07:51:46 pm"
"Date Range:","Aug 28, 2023 - Sep 11, 2023"

Date,Equipment,Handedness,"Swing Details","Plane Score","Connection Score","Rotation Score","Bat Speed (mph)","Rotational Acceleration (g)","On Plane Efficiency (%)","Attack Angle (deg)","Early Connection (deg)","Connection at Impact (deg)","Vertical Bat Angle (deg)","Power (kW)","Time to Contact (sec)","Peak Hand Speed (mph)","Exit Velocity (mph)","Launch Angle (deg)","Estimated Distance (feet)"
"Sep 11, 2023 03:03:01 pm","Gold Velo",Left,"General Practice",53,40,45,65.7,10.6,70,5,116,103,-46,3.76,0.15,20.8,,,
"Sep 11, 2023 03:02:52 pm","Gold Velo",Left,"General Practice",53,46,42,66.1,9.7,69,17,114,95,-44,3.53,0.16,20.4,,,
"Sep 11, 2023 03:02:45 pm","Gold Velo",Left,"General Practice",53,44,37,66.1,7.7,70,14,115,98,-43,3.67,0.15,21,,,
"Sep 11, 2023 03:02:36 pm","Gold Velo",Left,"General Practice",51,42,42,66.5,9.4,68,10,117,97,-39,3.62,0.16,20,,,
"Sep 11, 2023 03:02:29 pm","Gold Velo",Left,"General Practice",50,42,40,65.6,8.6,67,12,116,98,-40,3.48,0.16,19.2,,,
"Sep 11, 2023 03:02:22 pm","Gold Velo",Left,"General Practice",63,58,45,60.6,10.8,79,-5,103,86,-41,3.34,0.14,19.1,,,
"Sep 11, 2023 03:02:08 pm","Gold Velo",Left,"General Practice",55,51,44,64.5,10.4,72,12,111,92,-40,3.48,0.15,18.5,,,
"Sep 11, 2023 03:02:02 pm","Gold Velo",Left,"General Practice",55,43,43,66.2,10.1,71,5,114,99,-42,3.88,0.14,20.6,,,
"Sep 11, 2023 02:59:16 pm","Gold Velo",Left,"General Practice",57,54,38,63.6,8,74,6,107,93,-47,3.31,0.16,19.5,,,
"Sep 11, 2023 02:59:10 pm","Gold Velo",Left,"General Practice",54,51,42,68.8,9.5,71,20,111,91,-42,3.82,0.16,20.2,,,
"Sep 11, 2023 02:59:05 pm","Gold Velo",Left,"General Practice",49,53,42,68.1,9.5,65,16,109,91,-44,3.84,0.15,20.5,,,
"Sep 11, 2023 02:58:59 pm","Gold Velo",Left,"General Practice",50,54,39,68.9,8.5,67,18,108,88,-40,3.79,0.16,20.3,,,
"Sep 11, 2023 02:58:53 pm","Gold Velo",Left,"General Practice",53,54,38,67.1,7.9,70,11,107,94,-46,3.73,0.15,20.2,,,
"Sep 11, 2023 02:58:47 pm","Gold Velo",Left,"General Practice",57,54,40,67.7,8.9,74,13,108,91,-41,3.69,0.16,19.8,,,
"Sep 11, 2023 02:58:42 pm","Gold Velo",Left,"General Practice",47,60,36,67.2,7.3,63,22,103,87,-39,3.43,0.17,19.9,,,
"Sep 11, 2023 02:57:27 pm","Gold Velo",Left,"General Practice",60,59,40,60.9,8.7,76,10,104,91,-38,3.11,0.15,19.3,,,
"Sep 11, 2023 02:57:20 pm","Gold Velo",Left,"General Practice",50,41,41,64.6,9.4,67,5,117,100,-42,3.54,0.15,19.2,,,
"Sep 11, 2023 02:57:14 pm","Gold Velo",Left,"General Practice",58,51,43,58.5,10,75,-1,110,93,-44,3.07,0.14,19.9,,,
"Sep 11, 2023 02:57:07 pm","Gold Velo",Left,"General Practice",55,50,40,60.4,8.9,72,9,111,93,-42,3.02,0.15,17.4,,,
"Sep 11, 2023 02:56:53 pm","Gold Velo",Left,"General Practice",58,56,37,57.9,7.4,74,9,106,88,-37,2.71,0.16,16.1,,,
"Sep 11, 2023 02:56:47 pm","Gold Velo",Left,"General Practice",63,61,44,62.6,10.2,79,-7,100,85,-46,3.67,0.14,20.8,,,
"Sep 11, 2023 02:54:09 pm","Gold Velo",Left,"General Practice",49,47,40,69.2,8.9,66,16,113,95,-36,3.87,0.16,20.5,,,
"Sep 11, 2023 02:54:03 pm","Gold Velo",Left,"General Practice",54,52,42,65.9,9.8,71,8,108,94,-42,3.79,0.15,20.3,,,
"Sep 11, 2023 02:53:56 pm","Gold Velo",Left,"General Practice",55,47,40,68.8,8.9,72,11,111,97,-43,3.82,0.16,20.8,,,
"Sep 11, 2023 02:53:50 pm","Gold Velo",Left,"General Practice",58,51,43,68.6,10,75,9,108,95,-46,4,0.15,20.9,,,
"Sep 11, 2023 02:53:45 pm","Gold Velo",Left,"General Practice",52,59,37,67.7,7.6,69,11,104,91,-45,3.7,0.16,20.5,,,
"Sep 11, 2023 02:53:39 pm","Gold Velo",Left,"General Practice",50,53,38,68.2,8.1,66,15,108,93,-45,3.7,0.16,20.5,,,
"Sep 11, 2023 02:51:09 pm","Gold Velo",Left,"General Practice",55,57,37,68.8,7.5,71,12,104,94,-48,3.97,0.15,20.9,,,
"Sep 11, 2023 02:51:03 pm","Gold Velo",Left,"General Practice",54,60,42,66.5,9.7,71,11,103,88,-45,3.71,0.15,20.4,,,
"Sep 11, 2023 02:50:58 pm","Gold Velo",Left,"General Practice",53,61,37,64,7.4,69,12,102,89,-40,3.48,0.15,20.6,,,
"Sep 11, 2023 02:50:49 pm","Gold Velo",Left,"General Practice",48,48,43,66.2,10,64,18,114,93,-37,3.68,0.15,19.5,,,
"Sep 11, 2023 02:50:43 pm","Gold Velo",Left,"General Practice",58,54,46,64.9,11.3,75,3,108,91,-40,3.78,0.14,20.1,,,
"Sep 11, 2023 02:50:37 pm","Gold Velo",Left,"General Practice",63,63,37,62.2,7.4,80,-7,100,87,-40,3.62,0.14,20,,,
"Sep 11, 2023 02:47:39 pm","Gold Velo",Left,"General Practice",51,50,43,69,9.9,68,19,112,92,-40,3.79,0.16,20.8,,,
"Sep 11, 2023 02:47:29 pm","Gold Velo",Left,"General Practice",53,48,41,67.9,9.3,69,10,110,97,-45,3.76,0.16,20.5,,,
"Sep 11, 2023 02:47:23 pm","Gold Velo",Left,"General Practice",54,59,39,66.9,8.3,71,-2,101,95,-46,4.02,0.14,20.9,,,
"Sep 11, 2023 02:47:17 pm","Gold Velo",Left,"General Practice",43,52,44,68,10.3,60,19,110,87,-35,3.55,0.17,19.6,,,
"Sep 11, 2023 02:47:11 pm","Gold Velo",Left,"General Practice",51,61,44,66.2,10.4,68,10,98,84,-40,3.72,0.15,19.5,,,
"Sep 11, 2023 02:47:06 pm","Gold Velo",Left,"General Practice",45,60,33,67.7,6,62,8,102,93,-45,3.75,0.16,19.9,,,
"Sep 08, 2023 01:50:52 pm",encore,Left,"General Practice",45,53,38,66.9,8,62,23,93,72,-29,3.44,0.17,19.1,,,
"Sep 08, 2023 01:50:44 pm",encore,Left,"General Practice",37,51,44,65.9,10.5,54,21,103,79,-32,3.6,0.15,20.1,,,
"Sep 08, 2023 01:50:37 pm",encore,Left,"General Practice",46,56,41,63.2,9.1,63,8,89,74,-40,3.48,0.15,20.2,,,
"Sep 08, 2023 01:50:30 pm",encore,Left,"General Practice",27,49,36,72.4,7.3,44,24,114,88,-37,4.03,0.17,20.9,,,
"Sep 08, 2023 01:49:02 pm",encore,Left,"General Practice",38,57,39,67.5,8.3,54,19,96,79,-36,3.54,0.16,20.3,,,
"Sep 08, 2023 01:48:52 pm",encore,Left,"General Practice",33,59,38,59.8,8,49,17,104,88,-42,2.88,0.16,21.2,,,
"Sep 08, 2023 01:48:46 pm",encore,Left,"General Practice",45,52,42,59.2,9.8,62,12,110,91,-38,2.9,0.15,20.2,,,
"Sep 08, 2023 01:48:35 pm",encore,Left,"General Practice",40,55,37,67.3,7.6,57,15,107,91,-47,3.75,0.15,21.6,,,
"Sep 08, 2023 01:48:30 pm",encore,Left,"General Practice",45,51,38,66.2,7.8,61,14,109,86,-40,3.58,0.16,21.4,,,
"Sep 08, 2023 01:48:20 pm",encore,Left,"General Practice",42,50,35,56.5,6.8,59,8,103,79,-39,2.51,0.16,19.9,,,
"Sep 08, 2023 01:44:59 pm",encore,Left,"General Practice",42,52,40,67,8.6,59,20,91,70,-29,3.45,0.17,18.3,,,
"Sep 08, 2023 01:44:51 pm",encore,Left,"General Practice",44,54,37,64.8,7.5,60,15,97,77,-32,3.3,0.16,18.5,,,
"Sep 08, 2023 01:44:43 pm",encore,Left,"General Practice",35,48,36,68.1,7.3,51,26,104,76,-27,3.44,0.17,19.3,,,
"Sep 08, 2023 01:44:36 pm",encore,Left,"General Practice",33,54,38,63,8,49,19,108,89,-38,3.2,0.16,20.3,,,
"Sep 08, 2023 01:44:29 pm",encore,Left,"General Practice",47,62,39,64,8.4,63,18,95,81,-44,3.19,0.16,20.1,,,
"Sep 08, 2023 01:44:22 pm",encore,Left,"General Practice",44,46,44,67.8,10.3,60,20,115,85,-34,3.75,0.16,21.1,,,
"Sep 08, 2023 01:43:03 pm",encore,Left,"General Practice",45,53,38,64.9,8,61,9,101,80,-33,3.54,0.15,19.5,,,
"Sep 08, 2023 01:42:58 pm",encore,Left,"General Practice",39,47,35,67.6,6.9,56,16,115,89,-26,3.51,0.17,18.6,,,
"Sep 08, 2023 01:42:53 pm",encore,Left,"General Practice",49,58,38,62.7,7.7,66,12,94,77,-34,3.13,0.16,18.7,,,
"Sep 08, 2023 01:42:36 pm",encore,Left,"General Practice",42,47,38,59.2,7.8,59,13,114,86,-32,2.76,0.16,19.6,,,
"Sep 08, 2023 01:42:26 pm",encore,Left,"General Practice",55,48,40,58,8.6,72,-3,112,85,-30,2.9,0.15,19.9,,,
"Sep 08, 2023 01:42:18 pm",encore,Left,"General Practice",41,49,38,63.2,7.8,57,14,107,82,-34,3.31,0.15,20.1,,,
"Sep 08, 2023 01:38:45 pm",encore,Left,"General Practice",41,56,37,67.7,7.4,57,16,96,77,-34,3.85,0.15,20.3,,,
"Sep 08, 2023 01:38:45 pm",encore,Left,"General Practice",41,56,37,67.7,7.4,57,16,96,77,-34,3.85,0.15,20.3,,,
"Sep 08, 2023 01:38:38 pm",encore,Left,"General Practice",38,54,37,71,7.7,55,14,101,80,-40,4.11,0.16,19.7,,,
"Sep 08, 2023 01:38:38 pm",encore,Left,"General Practice",38,54,37,71,7.7,55,14,101,80,-40,4.11,0.16,19.7,,,
"Sep 08, 2023 01:38:16 pm",encore,Left,"General Practice",41,46,40,69.7,8.8,57,18,114,85,-30,3.78,0.16,20.8,,,
"Sep 08, 2023 01:38:10 pm",encore,Left,"General Practice",39,51,38,65.7,8,55,17,109,86,-37,3.58,0.15,20.9,,,
"Sep 08, 2023 01:36:29 pm",encore,Left,"General Practice",46,56,39,63.1,8.5,62,5,93,74,-33,3.34,0.15,19.1,,,
"Sep 08, 2023 01:36:23 pm",encore,Left,"General Practice",44,65,37,68.1,7.3,61,12,93,81,-45,3.84,0.15,20.5,,,
"Sep 08, 2023 01:36:18 pm",encore,Left,"General Practice",38,60,35,72.2,6.9,55,18,97,82,-44,4.21,0.16,20.6,,,
"Sep 08, 2023 01:36:09 pm",encore,Left,"General Practice",32,55,38,69.8,8.1,49,20,107,89,-42,3.93,0.16,21.5,,,
"Sep 08, 2023 01:36:00 pm",encore,Left,"General Practice",35,60,39,62.4,8.4,51,15,101,85,-45,3.15,0.16,20.8,,,
"Sep 08, 2023 01:33:51 pm",encore,Left,"General Practice",45,59,39,66.5,8.3,62,23,93,77,-44,3.36,0.17,19.6,,,
"Sep 08, 2023 01:33:45 pm",encore,Left,"General Practice",41,44,38,63.9,7.9,58,28,117,84,-36,2.92,0.18,19.9,,,
"Sep 08, 2023 01:33:37 pm",encore,Left,"General Practice",48,46,43,63.9,9.9,64,27,109,80,-36,3.1,0.17,19.9,,,
"Sep 08, 2023 01:31:25 pm",encore,Left,"General Practice",47,48,41,62,9.1,64,14,114,87,-39,3.14,0.16,20.7,,,
"Sep 08, 2023 01:31:20 pm",encore,Left,"General Practice",44,43,38,64.4,7.8,61,19,121,89,-34,3.27,0.16,20.5,,,
"Sep 08, 2023 01:31:11 pm",encore,Left,"General Practice",47,50,37,64.5,7.4,63,15,108,83,-34,3.35,0.16,19.6,,,
"Sep 08, 2023 01:31:06 pm",encore,Left,"General Practice",37,55,39,68,8.5,53,15,100,81,-36,3.68,0.16,20,,,
"Sep 08, 2023 01:31:01 pm",encore,Left,"General Practice",41,55,36,64.6,6.9,57,17,99,79,-33,3.28,0.16,19,,,
"Sep 08, 2023 01:30:41 pm",encore,Left,"General Practice",26,41,32,70.6,5.5,42,28,113,76,-18,3.46,0.18,18,,,
"Sep 07, 2023 01:47:03 pm",encore,Left,"General Practice",47,53,39,60.3,8.2,63,7,109,89,-39,2.93,0.16,19.9,,,
"Sep 07, 2023 01:46:56 pm",encore,Left,"General Practice",45,51,41,64.3,9.4,62,11,110,86,-35,3.3,0.16,20.3,,,
"Sep 07, 2023 01:46:50 pm",encore,Left,"General Practice",43,51,40,58.4,8.9,60,14,106,83,-33,2.78,0.16,20,,,
"Sep 07, 2023 01:46:42 pm",encore,Left,"General Practice",42,51,44,55.9,10.5,59,14,105,82,-36,2.59,0.15,20,,,
"Sep 07, 2023 01:46:35 pm",encore,Left,"General Practice",22,47,44,58.8,10.4,38,22,110,83,-33,2.82,0.16,20.2,,,
"Sep 07, 2023 01:46:28 pm",encore,Left,"General Practice",35,47,38,60.2,8.1,52,20,106,78,-33,2.78,0.17,20.3,,,
"Sep 07, 2023 01:44:52 pm",encore,Left,"General Practice",40,49,36,61,7,57,14,106,80,-30,2.9,0.16,18.1,,,
"Sep 07, 2023 01:44:46 pm",encore,Left,"General Practice",44,55,40,58.7,8.8,61,7,105,86,-36,2.97,0.15,20.3,,,
"Sep 07, 2023 01:44:41 pm",encore,Left,"General Practice",48,51,37,57.9,7.7,64,11,105,81,-35,2.61,0.16,18.7,,,
"Sep 07, 2023 01:44:36 pm",encore,Left,"General Practice",38,53,32,62.8,5.6,55,15,104,83,-45,3.03,0.17,20.8,,,
"Sep 07, 2023 01:43:55 pm",encore,Left,"General Practice",33,40,35,65.9,6.9,49,23,125,94,-24,3.11,0.18,18.6,,,
"Sep 07, 2023 01:43:49 pm",encore,Left,"General Practice",45,53,40,58.9,9,62,8,102,81,-34,2.95,0.15,19.7,,,
"Sep 07, 2023 01:43:43 pm",encore,Left,"General Practice",39,52,40,66.7,8.6,56,16,110,91,-35,3.55,0.16,19.4,,,
"Sep 07, 2023 01:40:09 pm",encore,Left,"General Practice",50,55,40,60.3,9,67,13,96,77,-35,3.01,0.15,19.5,,,
"Sep 07, 2023 01:40:04 pm",encore,Left,"General Practice",45,50,39,68.8,8.4,61,23,103,79,-30,3.68,0.16,20.2,,,
"Sep 07, 2023 01:39:53 pm",encore,Left,"General Practice",45,52,37,62.3,7.6,62,12,108,85,-30,3.06,0.16,19.2,,,
"Sep 07, 2023 01:39:48 pm",encore,Left,"General Practice",43,58,35,66.3,6.7,59,12,102,85,-38,3.5,0.16,19.5,,,
"Sep 07, 2023 01:39:41 pm",encore,Left,"General Practice",46,55,37,60.5,7.4,63,1,107,90,-36,3.15,0.15,19.4,,,
"Sep 07, 2023 01:39:02 pm",encore,Left,"General Practice",42,53,40,67.5,8.8,59,14,109,89,-38,3.54,0.16,20,,,
"Sep 07, 2023 01:38:55 pm",encore,Left,"General Practice",32,47,41,67.3,9.3,48,24,111,83,-33,3.39,0.17,19.3,,,
"Sep 07, 2023 01:38:48 pm",encore,Left,"General Practice",26,44,36,68.3,7,42,28,119,86,-24,3.34,0.18,18.8,,,
"Sep 07, 2023 01:38:27 pm",encore,Left,"General Practice",40,46,36,70.3,7.1,57,22,111,82,-29,3.7,0.17,19.5,,,
"Sep 07, 2023 01:36:03 pm",encore,Left,"General Practice",38,51,39,65.4,8.2,55,19,105,81,-36,3.37,0.16,20.2,,,
"Sep 07, 2023 01:35:58 pm",encore,Left,"General Practice",43,47,38,61.3,8.1,60,18,107,79,-31,2.95,0.16,19.5,,,
"Sep 07, 2023 01:35:53 pm",encore,Left,"General Practice",47,52,40,58.9,8.6,64,12,103,81,-35,2.91,0.15,19.6,,,
"Sep 07, 2023 01:35:34 pm",encore,Left,"General Practice",31,49,34,66.2,6.4,47,17,113,90,-35,3.49,0.16,20.2,,,
"Sep 07, 2023 01:34:55 pm",encore,Left,"General Practice",45,59,40,59.2,8.9,61,7,104,88,-40,2.9,0.15,19.9,,,
"Sep 07, 2023 01:34:49 pm",encore,Left,"General Practice",44,52,41,64.6,9.2,61,9,110,88,-40,3.37,0.16,20.3,,,
"Sep 07, 2023 01:34:43 pm",encore,Left,"General Practice",42,48,40,63.7,8.7,59,16,110,84,-33,3.15,0.16,20.2,,,
"Sep 07, 2023 01:34:38 pm",encore,Left,"General Practice",50,54,40,63.8,8.7,67,4,106,86,-40,3.29,0.16,20.4,,,
"Sep 07, 2023 01:34:33 pm",encore,Left,"General Practice",31,50,39,63.1,8.4,48,20,111,86,-36,3.21,0.16,20.5,,,
"Sep 07, 2023 01:31:03 pm",encore,Left,"General Practice",44,51,42,61.4,9.5,60,20,106,83,-35,3.04,0.16,20.5,,,
"Sep 07, 2023 01:30:59 pm",encore,Left,"General Practice",42,50,40,62.9,8.9,59,16,110,85,-34,3.24,0.16,20.8,,,
"Sep 07, 2023 01:30:53 pm",encore,Left,"General Practice",37,51,40,62.1,8.9,54,18,108,84,-38,3.15,0.16,20.8,,,
"Sep 07, 2023 01:30:48 pm",encore,Left,"General Practice",40,44,39,65,8.4,56,24,111,80,-29,3.41,0.16,20.7,,,
"Sep 07, 2023 01:30:38 pm",encore,Left,"General Practice",46,56,37,64.2,7.4,62,5,100,81,-36,3.41,0.15,19.8,,,
"Sep 07, 2023 01:29:51 pm",encore,Left,"General Practice",41,48,43,65.5,10.1,57,20,104,77,-28,3.5,0.16,20.6,,,
"Sep 07, 2023 01:29:46 pm",encore,Left,"General Practice",43,54,33,62.6,5.9,60,15,97,77,-37,3.2,0.16,20.2,,,
"Sep 07, 2023 01:29:38 pm",encore,Left,"General Practice",45,51,36,63.8,6.9,62,16,108,85,-31,3.09,0.17,18.8,,,
"Sep 07, 2023 01:29:33 pm",encore,Left,"General Practice",37,44,41,60.8,9,54,19,116,84,-24,2.74,0.17,18.2,,,
"Sep 07, 2023 01:28:01 pm",encore,Left,"General Practice",36,48,41,62.1,9.3,53,20,115,89,-35,3.15,0.16,20.8,,,
"Sep 07, 2023 01:27:54 pm",encore,Left,"General Practice",24,42,32,66.8,5.6,40,21,122,92,-36,3.27,0.17,19.7,,,
"Sep 07, 2023 01:27:49 pm",encore,Left,"General Practice",50,51,35,65.1,6.9,67,14,110,86,-38,3.33,0.16,19.8,,,
"Sep 07, 2023 01:27:44 pm",encore,Left,"General Practice",47,50,41,58.3,9.2,64,6,108,83,-33,2.78,0.16,19.1,,,
"Sep 07, 2023 01:27:39 pm",encore,Left,"General Practice",50,49,32,54.9,5.5,66,12,103,77,-29,2.29,0.17,17.1,,,
"Sep 07, 2023 01:27:34 pm",encore,Left,"General Practice",26,42,37,69,7.4,42,20,122,92,-35,3.71,0.16,20.3,,,
"Sep 07, 2023 01:20:56 pm",encore,Left,"General Practice",36,48,35,68,6.8,52,12,110,96,-42,3.5,0.17,20,,,
"Sep 07, 2023 01:20:51 pm",encore,Left,"General Practice",37,59,34,64.1,6.5,53,7,101,86,-37,3.15,0.17,19.9,,,
"Sep 07, 2023 01:20:44 pm",encore,Left,"General Practice",34,57,36,64.7,7.2,51,11,103,85,-37,3.21,0.17,19.3,,,
"Sep 07, 2023 01:20:31 pm",encore,Left,"General Practice",39,62,34,60.7,6.5,56,8,101,89,-38,2.9,0.16,20.3,,,
"Sep 07, 2023 01:20:25 pm",encore,Left,"General Practice",28,55,36,66.7,7.1,44,7,106,94,-42,3.46,0.16,20.1,,,
"Sep 07, 2023 01:20:20 pm",encore,Left,"General Practice",53,59,40,58.2,8.6,70,2,103,89,-39,2.77,0.16,19.5,,,
"Sep 07, 2023 01:20:15 pm",encore,Left,"General Practice",47,65,38,57.3,8.1,64,2,96,84,-44,2.65,0.16,18.9,,,
"Sep 07, 2023 01:17:29 pm",encore,Left,"General Practice",36,61,38,63.6,8.1,53,8,84,81,-42,2.99,0.17,20.7,,,
"Sep 07, 2023 01:17:23 pm",encore,Left,"General Practice",37,74,39,63.3,8.3,53,10,89,84,-41,3.07,0.17,20.7,,,
"Sep 07, 2023 01:17:18 pm",encore,Left,"General Practice",43,71,39,64.1,8.4,60,9,92,83,-41,3.04,0.17,20.1,,,
"Sep 07, 2023 01:17:12 pm",encore,Left,"General Practice",36,65,34,62.4,6.1,53,10,98,86,-39,2.89,0.17,19,,,
"Sep 07, 2023 01:17:07 pm",encore,Left,"General Practice",29,75,38,64.8,8.1,45,5,95,88,-37,3.22,0.17,19.2,,,
"Sep 07, 2023 01:11:18 pm",encore,Left,"General Practice",33,78,37,65.8,7.5,50,9,88,85,-39,3.25,0.17,20.2,,,
"Sep 07, 2023 01:11:14 pm",encore,Left,"General Practice",39,70,35,68.3,6.8,55,12,87,83,-36,3.46,0.17,19.9,,,
"Sep 07, 2023 01:11:09 pm",encore,Left,"General Practice",34,80,39,69.7,8.3,50,8,89,87,-37,3.73,0.17,20.8,,,
"Sep 07, 2023 01:11:04 pm",encore,Left,"General Practice",44,80,36,66.8,7,60,2,92,87,-38,3.42,0.17,19.7,,,
"Sep 07, 2023 01:10:59 pm",encore,Left,"General Practice",49,61,34,65.5,6.4,66,6,101,87,-36,3.14,0.17,18.9,,,
"Sep 07, 2023 01:10:52 pm",encore,Left,"General Practice",20,73,39,66.4,8.3,35,13,94,85,-35,3.35,0.17,19.5,,,
"Sep 05, 2023 02:19:53 pm",demo,Left,"Pitching Machine",47,54,39,67.5,8.3,63,15,108,91,-46,3.87,0.15,21,,,
"Sep 05, 2023 02:19:48 pm",demo,Left,"Pitching Machine",40,48,44,69,10.4,57,24,113,85,-33,3.94,0.15,21.7,,,
"Sep 05, 2023 02:19:44 pm",demo,Left,"Pitching Machine",39,51,38,69.6,7.9,55,23,106,83,-39,3.81,0.16,21,,,
"Sep 05, 2023 02:19:39 pm",demo,Left,"Pitching Machine",49,46,39,69.2,8.5,65,15,115,94,-43,3.86,0.16,21,,,
"Sep 05, 2023 02:19:35 pm",demo,Left,"Pitching Machine",52,54,42,68.1,9.5,69,16,104,84,-43,3.99,0.15,21.2,,,
"Sep 05, 2023 02:19:30 pm",demo,Left,"Pitching Machine",49,58,42,69.5,9.8,66,16,104,86,-45,4.16,0.15,21.8,,,
"Sep 05, 2023 02:19:26 pm",demo,Left,"Pitching Machine",52,54,42,69.2,9.6,69,8,108,89,-43,4.13,0.15,21.3,,,
"Sep 05, 2023 02:17:08 pm",demo,Left,"Pitching Machine",52,49,42,65.7,9.7,69,9,111,94,-39,3.66,0.15,20.1,,,
"Sep 05, 2023 02:17:03 pm",demo,Left,"Pitching Machine",44,40,46,67.9,11.1,61,15,121,97,-37,3.72,0.16,20.3,,,
"Sep 05, 2023 02:16:59 pm",demo,Left,"Pitching Machine",45,40,35,65.6,6.6,61,10,117,101,-40,3.81,0.14,21.4,,,
"Sep 05, 2023 02:16:53 pm",demo,Left,"Pitching Machine",40,38,48,72.3,11.9,57,21,125,97,-31,4.27,0.16,21.6,,,
"Sep 05, 2023 02:16:48 pm",demo,Left,"Pitching Machine",49,52,40,68.7,8.6,66,17,108,86,-39,3.81,0.16,20.4,,,
"Sep 05, 2023 02:16:44 pm",demo,Left,"Pitching Machine",50,53,40,69.2,8.7,66,16,109,88,-40,3.91,0.16,20.6,,,
"Sep 05, 2023 02:14:40 pm",demo,Left,"Pitching Machine",50,51,36,69.3,7,67,15,109,94,-48,4.03,0.15,22,,,
"Sep 05, 2023 02:14:35 pm",demo,Left,"Pitching Machine",55,55,45,71.1,10.7,72,15,107,88,-44,4.19,0.15,21,,,
"Sep 05, 2023 02:14:31 pm",demo,Left,"Pitching Machine",57,62,42,67.6,9.6,74,9,101,89,-44,3.94,0.15,21.1,,,
"Sep 05, 2023 02:14:26 pm",demo,Left,"Pitching Machine",56,55,40,72.6,8.7,73,20,107,88,-37,4.25,0.16,21,,,
"Sep 05, 2023 02:14:21 pm",demo,Left,"Pitching Machine",55,53,36,70,7.2,71,22,104,82,-36,3.96,0.16,20.8,,,
"Sep 05, 2023 02:14:16 pm",demo,Left,"Pitching Machine",53,51,39,71.2,8.3,70,16,111,93,-38,4.26,0.15,21.1,,,
"Sep 05, 2023 02:12:20 pm",demo,Left,"Pitching Machine",45,52,41,70.3,9.1,62,26,110,87,-43,4.09,0.15,20.8,,,
"Sep 05, 2023 02:12:16 pm",demo,Left,"Pitching Machine",41,55,39,72.5,8.5,58,24,107,90,-48,4.29,0.16,21,,,
"Sep 05, 2023 02:12:12 pm",demo,Left,"Pitching Machine",44,62,39,72.5,8.3,60,23,100,86,-50,4.24,0.16,19.8,,,
