﻿"©Blast Motion. All rights reserved."
"NOTE: Access to and use of this data is subject to the Blast Motion terms of use and end user license agreement, which can be found at https://blastmotion.com/terms-of-service/"
Email:,jhager1@live.maryville.edu
Academy:,"Maryville University Baseball"
Sport:,Baseball
"Report Date:","Sep 11, 2023 07:51:48 pm"
"Date Range:","Aug 28, 2023 - Sep 11, 2023"

Date,Equipment,Handedness,"Swing Details","Plane Score","Connection Score","Rotation Score","Bat Speed (mph)","Rotational Acceleration (g)","On Plane Efficiency (%)","Attack Angle (deg)","Early Connection (deg)","Connection at Impact (deg)","Vertical Bat Angle (deg)","Power (kW)","Time to Contact (sec)","Peak Hand Speed (mph)","Exit Velocity (mph)","Launch Angle (deg)","Estimated Distance (feet)"
"Sep 11, 2023 02:58:59 pm",Work,Right,"General Practice",53,53,54,75.5,14.7,70,12,91,71,-27,4.76,0.16,20,,,
"Sep 11, 2023 02:58:52 pm",Work,Right,"General Practice",51,55,53,68.8,14.2,68,5,91,73,-27,4.39,0.14,18.1,,,
"Sep 11, 2023 02:58:45 pm",Work,Right,"General Practice",53,51,60,75.5,17.2,69,13,87,70,-24,4.81,0.16,20.2,,,
"Sep 11, 2023 02:58:38 pm",Work,Right,"General Practice",59,57,51,72.4,13.2,76,2,89,75,-29,4.54,0.15,20,,,
"Sep 11, 2023 02:58:31 pm",Work,Right,"General Practice",41,55,49,70.8,12.4,57,8,93,73,-29,4.4,0.15,18.1,,,
"Sep 11, 2023 02:58:23 pm",Work,Right,"General Practice",61,54,59,69.2,16.7,78,-3,86,73,-26,4.64,0.14,19.4,,,
"Sep 11, 2023 02:55:47 pm",Work,Right,"General Practice",57,55,57,74.2,15.8,74,6,88,73,-27,4.78,0.15,19.9,,,
"Sep 11, 2023 02:55:40 pm",Work,Right,"General Practice",52,54,58,73.5,16.1,69,7,90,72,-25,4.87,0.15,19.2,,,
"Sep 11, 2023 02:55:32 pm",Work,Right,"General Practice",58,54,58,71.9,16.3,75,4,89,72,-28,4.79,0.14,19,,,
"Sep 11, 2023 02:55:17 pm",Work,Right,"General Practice",57,52,56,74.3,15.2,73,7,90,70,-28,4.79,0.15,19.4,,,
"Sep 11, 2023 02:52:33 pm",Work,Right,"General Practice",50,56,55,74.3,14.8,67,10,95,76,-29,4.72,0.15,19.6,,,
"Sep 11, 2023 02:52:26 pm",Work,Right,"General Practice",46,56,61,75.8,17.2,62,11,92,74,-28,4.98,0.15,19.3,,,
"Sep 11, 2023 02:52:20 pm",Work,Right,"General Practice",47,56,58,71.2,16.2,63,6,95,76,-32,4.64,0.14,17.5,,,
"Sep 11, 2023 02:52:13 pm",Work,Right,"General Practice",57,58,59,71.7,16.6,74,1,91,75,-34,4.98,0.14,18.3,,,
"Sep 11, 2023 02:52:06 pm",Work,Right,"General Practice",56,51,59,70.5,16.5,73,0,86,71,-26,4.68,0.14,19.2,,,
"Sep 11, 2023 02:49:50 pm",Work,Right,"General Practice",57,50,56,73.6,15.2,73,13,90,68,-27,4.52,0.16,20.2,,,
"Sep 11, 2023 02:49:20 pm",Work,Right,"General Practice",53,54,56,73.8,15.2,69,12,94,74,-25,4.6,0.16,19.9,,,
"Sep 11, 2023 02:49:13 pm",Work,Right,"General Practice",55,59,46,71.3,11.3,72,12,92,76,-30,4.09,0.16,19.5,,,
"Sep 11, 2023 02:47:50 pm",Work,Right,"General Practice",51,59,58,73.5,16.2,68,8,93,77,-34,4.62,0.15,19.9,,,
"Sep 11, 2023 02:47:43 pm",Work,Right,"General Practice",44,56,57,69.6,15.6,61,8,95,77,-29,4.43,0.14,18.4,,,
"Sep 11, 2023 02:47:36 pm",Work,Right,"General Practice",52,54,54,68.4,14.7,69,-4,98,78,-34,4.53,0.14,18.5,,,
"Sep 11, 2023 02:47:29 pm",Work,Right,"General Practice",39,56,59,70.2,16.7,56,6,99,80,-35,4.63,0.14,18.6,,,
"Sep 11, 2023 02:47:22 pm",Work,Right,"General Practice",47,58,52,71.8,13.8,63,10,95,78,-30,4.65,0.15,20,,,
"Sep 11, 2023 02:42:37 pm",Work,Right,"General Practice",50,52,52,73.7,13.8,66,15,95,72,-22,4.37,0.16,19.6,,,
"Sep 11, 2023 02:42:28 pm",Work,Right,"General Practice",43,50,46,70.8,11,60,15,94,70,-25,3.93,0.17,18.8,,,
"Sep 11, 2023 02:42:22 pm",Work,Right,"General Practice",54,52,48,71,12.1,71,6,99,77,-28,4.16,0.16,18.6,,,
"Sep 11, 2023 02:42:16 pm",Work,Right,"General Practice",61,54,52,69.7,13.6,78,0,91,72,-34,4.33,0.15,19.3,,,
"Sep 11, 2023 02:42:09 pm",Work,Right,"General Practice",48,55,46,72.3,11.2,64,11,95,76,-27,4.47,0.15,19.9,,,
"Sep 11, 2023 02:42:04 pm",Work,Right,"General Practice",53,58,44,67.8,10.5,69,2,95,79,-33,4.09,0.15,18.9,,,
"Sep 08, 2023 02:51:13 pm",Work,Right,"General Practice",47,49,47,73.3,11.5,64,13,92,67,-27,4.48,0.16,18.7,,,
"Sep 08, 2023 02:51:04 pm",Work,Right,"General Practice",43,51,48,71.7,12.2,60,14,92,69,-22,4.45,0.15,17.7,,,
"Sep 08, 2023 02:50:57 pm",Work,Right,"General Practice",46,52,57,73.7,15.8,63,13,89,70,-24,4.97,0.14,19.2,,,
"Sep 08, 2023 02:48:56 pm",Work,Right,"General Practice",35,45,49,71.2,12.6,52,20,97,66,-13,4.28,0.16,16.9,,,
"Sep 08, 2023 02:48:45 pm",Work,Right,"General Practice",45,48,47,70.1,11.7,62,18,92,65,-20,4.2,0.15,17.9,,,
"Sep 08, 2023 02:48:37 pm",Work,Right,"General Practice",40,44,42,74.7,9.8,57,21,95,63,-14,4.37,0.17,18.2,,,
"Sep 08, 2023 02:48:17 pm",Work,Right,"General Practice",39,51,55,74.6,15.1,55,13,91,70,-22,4.96,0.15,19.1,,,
"Sep 08, 2023 02:48:11 pm",Work,Right,"General Practice",41,50,52,74.2,13.7,58,14,96,71,-23,4.64,0.16,18.7,,,
"Sep 08, 2023 02:44:55 pm",Work,Right,"General Practice",45,49,59,75.6,16.6,61,16,87,67,-21,5.16,0.15,19.7,,,
"Sep 08, 2023 02:44:47 pm",Work,Right,"General Practice",47,48,49,71,12.4,63,17,90,66,-22,4.2,0.16,19,,,
"Sep 08, 2023 02:44:37 pm",Work,Right,"General Practice",50,51,55,76.8,14.9,67,14,86,71,-27,4.98,0.16,19.8,,,
"Sep 08, 2023 02:44:29 pm",Work,Right,"General Practice",56,53,56,73.6,15.5,72,13,89,71,-27,4.58,0.16,19.8,,,
"Sep 08, 2023 02:43:05 pm",Work,Right,"General Practice",52,54,50,73.6,12.9,68,14,92,72,-25,4.41,0.16,19.3,,,
"Sep 08, 2023 02:42:59 pm",Work,Right,"General Practice",47,51,56,73.7,15.3,64,15,88,69,-25,4.52,0.16,20,,,
"Sep 08, 2023 02:42:41 pm",Work,Right,"General Practice",48,52,58,72.3,16,64,14,87,71,-26,4.53,0.15,20.2,,,
"Sep 08, 2023 02:42:34 pm",Work,Right,"General Practice",52,55,54,69.2,14.4,69,9,86,75,-30,4.27,0.15,20.4,,,
"Sep 08, 2023 02:42:28 pm",Work,Right,"General Practice",53,59,49,68.3,12.3,69,6,87,76,-31,4.09,0.15,20.2,,,
"Sep 08, 2023 02:38:31 pm",Work,Right,"General Practice",55,54,59,75.6,16.5,72,9,94,74,-25,5.23,0.14,20.4,,,
"Sep 08, 2023 02:38:22 pm",Work,Right,"General Practice",55,47,45,74.4,10.8,72,18,90,65,-25,4.4,0.17,19.9,,,
"Sep 08, 2023 02:38:15 pm",Work,Right,"General Practice",49,52,49,71.4,12.6,65,7,98,75,-27,4.8,0.14,18.5,,,
"Sep 08, 2023 02:37:50 pm",Work,Right,"General Practice",53,51,64,74,18.6,70,14,87,70,-29,5.08,0.14,20.5,,,
"Sep 08, 2023 02:36:57 pm",Work,Right,"General Practice",60,55,58,73.4,16.1,76,8,94,75,-22,4.86,0.15,20.2,,,
"Sep 08, 2023 02:36:50 pm",Work,Right,"General Practice",47,49,46,75,11.1,64,17,94,69,-20,4.81,0.15,19.9,,,
"Sep 08, 2023 02:36:34 pm",Work,Right,"General Practice",37,46,44,75.2,10.3,53,17,98,69,-19,4.38,0.17,19.1,,,
"Sep 08, 2023 02:36:28 pm",Work,Right,"General Practice",58,53,52,69.6,13.6,74,12,91,71,-32,4.31,0.15,18.8,,,
"Sep 08, 2023 02:36:21 pm",Work,Right,"General Practice",52,53,56,72.1,15.5,68,16,90,72,-24,4.5,0.15,20.7,,,
"Sep 08, 2023 02:32:32 pm",Work,Right,"General Practice",42,48,45,72.8,10.6,58,14,99,72,-19,4.36,0.16,18.7,,,
"Sep 08, 2023 02:32:18 pm",Work,Right,"General Practice",59,50,59,72.9,16.5,75,13,90,68,-25,4.8,0.15,20.1,,,
"Sep 08, 2023 02:32:11 pm",Work,Right,"General Practice",56,49,55,74,15,73,18,89,67,-27,4.34,0.17,20.9,,,
"Sep 08, 2023 02:32:04 pm",Work,Right,"General Practice",60,53,56,72.8,15.4,77,10,88,71,-30,4.65,0.15,20.3,,,
"Sep 08, 2023 02:31:56 pm",Work,Right,"General Practice",63,48,61,72.7,17.3,80,12,84,68,-30,4.53,0.15,20.3,,,
"Sep 08, 2023 02:30:08 pm",Work,Right,"General Practice",50,52,57,70.9,15.6,67,14,93,70,-16,4.41,0.15,19.7,,,
"Sep 08, 2023 02:29:51 pm",Work,Right,"General Practice",55,53,55,70.7,14.8,72,16,92,71,-20,4.33,0.15,20.2,,,
"Sep 08, 2023 02:29:45 pm",Work,Right,"General Practice",58,57,52,72.3,13.5,75,12,94,76,-31,4.2,0.16,19.9,,,
"Sep 08, 2023 02:29:33 pm",Work,Right,"General Practice",49,52,46,72.8,11.4,65,19,93,71,-22,4.31,0.16,20,,,
"Sep 08, 2023 02:29:20 pm",Work,Right,"General Practice",59,56,50,70,13,76,13,92,74,-26,4.13,0.16,20,,,
"Sep 08, 2023 02:29:14 pm",Work,Right,"General Practice",56,63,42,69.3,9.5,72,9,92,79,-34,3.67,0.17,20.3,,,
"Sep 08, 2023 02:29:07 pm",Work,Right,"General Practice",48,56,43,67.5,10.1,64,16,94,75,-25,3.66,0.16,19.7,,,
"Sep 07, 2023 10:53:12 am",Work,Right,"General Practice",38,49,55,73.5,14.8,55,21,94,68,-14,4.28,0.17,19.8,,,
"Sep 07, 2023 10:52:54 am",Work,Right,"General Practice",58,52,60,75.7,17,75,14,89,70,-27,4.96,0.15,20.8,,,
"Sep 07, 2023 10:52:49 am",Work,Right,"General Practice",42,52,50,68.9,13,59,16,95,73,-24,4.17,0.15,18.3,,,
"Sep 07, 2023 10:52:43 am",Work,Right,"General Practice",46,56,57,72.4,15.8,63,14,94,75,-19,4.73,0.15,19,,,
"Sep 07, 2023 10:51:52 am",Work,Right,"General Practice",41,55,55,72,14.9,58,17,92,73,-31,4.56,0.15,19.3,,,
"Sep 07, 2023 10:51:37 am",Work,Right,"General Practice",54,55,58,69.5,16.1,70,9,85,75,-27,4.25,0.15,20.7,,,
"Sep 07, 2023 10:51:29 am",Work,Right,"General Practice",52,58,53,65.8,14.1,69,9,87,76,-24,3.91,0.15,19.9,,,
"Sep 07, 2023 10:51:01 am",Work,Right,"General Practice",47,54,55,74.9,15.1,63,13,91,72,-25,4.61,0.16,20.3,,,
"Sep 07, 2023 10:48:34 am",Work,Right,"General Practice",39,48,51,77.4,13.5,55,14,101,73,-20,5.05,0.16,19.2,,,
"Sep 07, 2023 10:48:28 am",Work,Right,"General Practice",42,49,50,71.3,13,59,12,98,73,-20,4.71,0.14,18.3,,,
"Sep 07, 2023 10:48:11 am",Work,Right,"General Practice",58,54,58,74,16.1,75,9,94,73,-23,4.94,0.15,20.4,,,
"Sep 07, 2023 10:48:03 am",Work,Right,"General Practice",42,48,51,72.3,13.3,58,16,99,72,-21,4.53,0.15,18.3,,,
"Sep 07, 2023 10:47:38 am",Work,Right,"General Practice",42,50,49,70.4,12.7,59,14,96,71,-21,4.41,0.15,18.2,,,
"Sep 07, 2023 10:46:51 am",Work,Right,"General Practice",52,56,50,77.6,12.8,69,7,94,76,-29,5.29,0.15,19.7,,,
"Sep 07, 2023 10:46:40 am",Work,Right,"General Practice",61,50,45,74,10.8,78,18,91,68,-20,4.01,0.18,21.4,,,
"Sep 07, 2023 10:46:22 am",Work,Right,"General Practice",53,55,51,76.7,13.3,69,11,91,73,-33,4.84,0.16,20.9,,,
"Sep 07, 2023 10:44:02 am",Work,Right,"General Practice",45,49,53,75,14,62,16,98,72,-19,5.07,0.15,19.9,,,
"Sep 07, 2023 10:43:55 am",Work,Right,"General Practice",60,56,63,75.5,18.3,77,6,92,74,-30,5.14,0.15,21.1,,,
"Sep 07, 2023 10:43:47 am",Work,Right,"General Practice",40,49,51,72.8,13.1,57,17,95,69,-23,4.59,0.15,19,,,
"Sep 07, 2023 10:43:28 am",Work,Right,"General Practice",64,48,63,71.4,18.4,81,6,84,70,-27,4.79,0.14,20.8,,,
"Sep 07, 2023 10:42:40 am",Work,Right,"General Practice",52,49,52,73.6,13.8,68,17,91,67,-23,4.41,0.16,19.6,,,
"Sep 07, 2023 10:42:25 am",Work,Right,"General Practice",50,49,48,73.1,12.1,66,12,101,76,-23,4.34,0.16,19.8,,,
"Sep 07, 2023 10:42:12 am",Work,Right,"General Practice",52,50,51,72.8,13.2,68,17,90,67,-20,4.36,0.16,19,,,
"Sep 07, 2023 10:40:14 am",Work,Right,"General Practice",52,53,46,75.1,11.4,68,12,98,76,-29,4.82,0.15,20.1,,,
"Sep 07, 2023 10:40:06 am",Work,Right,"General Practice",59,57,53,72.1,14.2,76,8,90,75,-21,4.5,0.15,20.7,,,
"Sep 07, 2023 10:39:59 am",Work,Right,"General Practice",59,56,56,70.7,15.3,76,7,89,74,-21,4.34,0.15,20,,,
"Sep 07, 2023 10:39:46 am",Work,Right,"General Practice",55,54,48,70.8,12,72,5,89,73,-26,4.53,0.15,18.9,,,
"Sep 07, 2023 10:39:04 am",Work,Right,"General Practice",55,53,45,73.6,10.9,71,10,98,76,-29,4.45,0.16,19.5,,,
"Sep 07, 2023 10:38:57 am",Work,Right,"General Practice",39,54,51,73.3,13.5,56,12,96,75,-29,4.42,0.16,19.5,,,
"Sep 07, 2023 10:38:38 am",Work,Right,"General Practice",49,55,51,69.5,13.3,66,12,91,73,-24,3.84,0.17,20.1,,,
"Sep 07, 2023 10:36:18 am",Work,Right,"General Practice",45,53,46,69.3,11.2,62,13,92,71,-12,4.11,0.15,18.9,,,
"Sep 07, 2023 10:36:08 am",Work,Right,"General Practice",38,49,52,70.6,13.7,55,14,98,72,-16,4.27,0.15,18.4,,,
"Sep 07, 2023 10:36:04 am",Work,Right,"General Practice",56,55,52,68.9,13.8,73,10,88,73,-19,4.06,0.15,19.8,,,
"Sep 07, 2023 10:35:59 am",Work,Right,"General Practice",66,51,49,66.8,12.4,83,0,83,73,-29,4.08,0.14,20,,,
"Sep 07, 2023 10:30:00 am",Work,Right,"General Practice",55,55,59,76.4,16.6,72,7,94,74,-33,5.26,0.15,21,,,
"Sep 07, 2023 10:29:56 am",Work,Right,"General Practice",48,51,51,76,13.2,65,16,92,69,-25,5,0.15,20.8,,,
"Sep 07, 2023 10:29:51 am",Work,Right,"General Practice",46,53,51,74.3,13.4,62,14,93,72,-30,4.66,0.16,20.2,,,
"Sep 07, 2023 10:29:46 am",Work,Right,"General Practice",40,49,46,74.2,11.1,57,16,98,72,-24,4.53,0.16,19.6,,,
"Sep 07, 2023 10:29:40 am",Work,Right,"General Practice",45,55,54,68.3,14.4,62,12,91,73,-24,4.04,0.15,19.5,,,
"Sep 07, 2023 10:23:17 am",Work,Right,"General Practice",44,55,36,70.7,7.1,61,13,89,73,-46,3.65,0.18,18.1,,,
"Sep 07, 2023 10:23:11 am",Work,Right,"General Practice",47,52,33,68.4,6.1,64,13,84,74,-47,3.39,0.18,17.3,,,
"Sep 07, 2023 10:23:03 am",Work,Right,"General Practice",45,58,35,67.6,6.8,61,10,91,76,-46,3.31,0.18,18.2,,,
"Sep 07, 2023 10:22:55 am",Work,Right,"General Practice",44,52,34,66.7,6.4,60,9,102,79,-43,3.26,0.18,18,,,
"Sep 07, 2023 10:22:48 am",Work,Right,"General Practice",48,56,34,67.1,6.4,65,8,94,76,-44,3.26,0.18,18.9,,,
