﻿"©Blast Motion. All rights reserved."
"NOTE: Access to and use of this data is subject to the Blast Motion terms of use and end user license agreement, which can be found at https://blastmotion.com/terms-of-service/"
Email:,jrosenberg1@live.maryville.edu
Academy:,"Maryville University Baseball"
Sport:,Baseball
"Report Date:","Sep 11, 2023 07:51:47 pm"
"Date Range:","Aug 28, 2023 - Sep 11, 2023"

Date,Equipment,Handedness,"Swing Details","Plane Score","Connection Score","Rotation Score","Bat Speed (mph)","Rotational Acceleration (g)","On Plane Efficiency (%)","Attack Angle (deg)","Early Connection (deg)","Connection at Impact (deg)","Vertical Bat Angle (deg)","Power (kW)","Time to Contact (sec)","Peak Hand Speed (mph)","Exit Velocity (mph)","Launch Angle (deg)","Estimated Distance (feet)"
"Sep 08, 2023 01:55:29 pm","5150 BBCOR -3",Right,"General Practice",37,34,44,70,10.5,54,23,131,97,-31,4.01,0.16,20.9,,,
"Sep 08, 2023 01:55:23 pm","5150 BBCOR -3",Right,"General Practice",40,36,39,67.3,8.2,57,22,129,96,-31,3.57,0.16,19.6,,,
"Sep 08, 2023 01:55:18 pm","5150 BBCOR -3",Right,"General Practice",52,41,44,67.1,10.5,68,12,121,96,-37,3.77,0.15,19.6,,,
"Sep 08, 2023 01:52:31 pm","5150 BBCOR -3",Right,"General Practice",47,31,40,66.8,8.7,64,17,131,105,-39,3.7,0.15,19.7,,,
"Sep 08, 2023 01:52:23 pm","5150 BBCOR -3",Right,"General Practice",38,30,45,67.4,10.9,55,20,130,107,-42,3.71,0.16,21.3,,,
"Sep 08, 2023 01:52:08 pm","5150 BBCOR -3",Right,"General Practice",45,42,48,64.9,12.2,61,23,117,98,-37,3.4,0.16,19.8,,,
"Sep 08, 2023 01:50:37 pm","5150 BBCOR -3",Right,"General Practice",42,41,39,69.1,8.2,59,12,120,97,-40,4.06,0.15,19.8,,,
"Sep 08, 2023 01:50:30 pm","5150 BBCOR -3",Right,"General Practice",38,46,41,69,9.1,55,18,116,90,-34,3.84,0.16,19.1,,,
"Sep 08, 2023 01:50:18 pm","5150 BBCOR -3",Right,"General Practice",39,37,40,67.9,9,56,20,127,97,-31,3.63,0.16,19.2,,,
"Sep 08, 2023 01:50:12 pm","5150 BBCOR -3",Right,"General Practice",46,38,38,67.7,7.9,62,16,122,99,-37,3.75,0.16,19.6,,,
"Sep 08, 2023 01:50:06 pm","5150 BBCOR -3",Right,"General Practice",58,42,39,62.9,8.4,75,11,118,97,-37,3.03,0.17,17.4,,,
"Sep 08, 2023 01:48:19 pm","5150 BBCOR -3",Right,"General Practice",38,30,46,68.3,11.1,54,21,130,107,-39,3.86,0.15,20.5,,,
"Sep 08, 2023 01:48:12 pm","5150 BBCOR -3",Right,"General Practice",39,39,46,66.6,11.3,56,24,122,97,-36,3.49,0.16,20.1,,,
"Sep 08, 2023 01:47:57 pm","5150 BBCOR -3",Right,"General Practice",40,36,50,66.5,12.9,57,16,121,104,-47,3.71,0.15,20.6,,,
"Sep 08, 2023 01:47:44 pm","5150 BBCOR -3",Right,"General Practice",39,38,47,63.4,11.6,55,25,124,97,-37,3.01,0.17,19,,,
"Sep 08, 2023 01:47:37 pm","5150 BBCOR -3",Right,"General Practice",43,34,43,66.5,9.9,60,13,124,105,-43,3.75,0.15,19.6,,,
"Sep 08, 2023 01:46:27 pm","5150 BBCOR -3",Right,"General Practice",34,39,42,63.9,9.6,50,16,121,98,-34,3.38,0.15,19.8,,,
"Sep 08, 2023 01:46:02 pm","5150 BBCOR -3",Right,"General Practice",34,41,40,65.5,8.6,50,21,122,95,-34,3.42,0.16,19.5,,,
"Sep 08, 2023 01:45:56 pm","5150 BBCOR -3",Right,"General Practice",40,37,42,66.6,9.4,56,21,128,95,-35,3.62,0.16,20.1,,,
"Sep 08, 2023 01:45:38 pm","5150 BBCOR -3",Right,"General Practice",32,35,42,66.2,9.5,49,21,131,97,-32,3.53,0.16,20.3,,,
"Sep 08, 2023 01:43:16 pm","5150 BBCOR -3",Right,"General Practice",46,34,43,65.3,9.8,63,18,127,101,-39,3.49,0.16,20.1,,,
"Sep 08, 2023 01:43:07 pm","5150 BBCOR -3",Right,"General Practice",39,43,42,66.7,9.5,56,28,121,91,-34,3.5,0.16,20.6,,,
"Sep 08, 2023 01:42:58 pm","5150 BBCOR -3",Right,"General Practice",43,32,39,67.9,8.3,60,30,139,92,-25,3.46,0.17,19.3,,,
"Sep 08, 2023 01:42:50 pm","5150 BBCOR -3",Right,"General Practice",45,36,39,69.2,8.6,61,27,131,94,-28,3.67,0.17,19.1,,,
"Sep 08, 2023 01:42:30 pm","5150 BBCOR -3",Right,"General Practice",50,38,38,67.8,7.9,67,20,124,97,-37,3.71,0.16,19.4,,,
"Sep 08, 2023 01:40:40 pm","5150 BBCOR -3",Right,"General Practice",40,38,44,65.8,10.4,57,16,123,98,-39,3.58,0.15,20.8,,,
"Sep 08, 2023 01:40:35 pm","5150 BBCOR -3",Right,"General Practice",37,35,39,62.8,8.5,54,16,126,100,-38,3.22,0.16,20.4,,,
"Sep 08, 2023 01:40:28 pm","5150 BBCOR -3",Right,"General Practice",48,40,46,67.7,11.2,64,17,120,98,-39,3.74,0.16,20.1,,,
"Sep 08, 2023 01:40:02 pm","5150 BBCOR -3",Right,"General Practice",30,34,44,66.8,10.4,46,19,128,100,-37,3.55,0.16,20,,,
"Sep 08, 2023 01:39:53 pm","5150 BBCOR -3",Right,"General Practice",35,42,42,65.6,9.4,52,21,122,93,-34,3.43,0.16,19.7,,,
"Sep 08, 2023 01:39:48 pm","5150 BBCOR -3",Right,"General Practice",57,43,41,64.8,9.2,74,7,116,98,-45,3.48,0.15,18.9,,,
"Sep 08, 2023 01:36:27 pm","5150 BBCOR -3",Right,"General Practice",44,36,43,64.6,10.2,60,16,125,99,-38,3.45,0.15,19.5,,,
"Sep 08, 2023 01:36:19 pm","5150 BBCOR -3",Right,"General Practice",52,42,44,62.3,10.2,68,24,123,92,-33,2.91,0.17,18.1,,,
"Sep 08, 2023 01:36:11 pm","5150 BBCOR -3",Right,"General Practice",55,39,36,66,7.2,72,24,123,96,-41,3.42,0.16,19.8,,,
"Sep 08, 2023 01:36:02 pm","5150 BBCOR -3",Right,"General Practice",50,40,39,66.8,8.2,66,27,125,94,-36,3.42,0.17,20.2,,,
"Sep 08, 2023 01:34:03 pm","5150 BBCOR -3",Right,"General Practice",41,38,39,62.5,8.2,57,14,125,96,-35,3.16,0.16,20.2,,,
"Sep 08, 2023 01:33:57 pm","5150 BBCOR -3",Right,"General Practice",49,38,48,65,12.1,66,14,122,99,-43,3.64,0.15,21.1,,,
"Sep 08, 2023 01:33:51 pm","5150 BBCOR -3",Right,"General Practice",35,35,41,67.3,9.2,52,20,129,99,-39,3.7,0.16,20.8,,,
"Sep 08, 2023 01:33:39 pm","5150 BBCOR -3",Right,"General Practice",38,35,42,68.2,9.8,55,26,131,95,-32,3.76,0.16,20.5,,,
"Sep 08, 2023 01:33:33 pm","5150 BBCOR -3",Right,"General Practice",55,38,37,61.7,7.4,72,18,126,95,-33,2.82,0.17,18.4,,,
"Sep 08, 2023 01:32:23 pm","5150 BBCOR -3",Right,"General Practice",50,35,40,65.8,8.6,66,22,129,98,-34,3.4,0.16,19.7,,,
"Sep 08, 2023 01:32:15 pm","5150 BBCOR -3",Right,"General Practice",41,33,40,61.9,8.8,57,18,129,101,-37,3.09,0.16,19,,,
"Sep 08, 2023 01:32:07 pm","5150 BBCOR -3",Right,"General Practice",44,44,39,62.5,8.5,61,28,119,91,-36,2.83,0.18,18,,,
"Sep 08, 2023 01:31:50 pm","5150 BBCOR -3",Right,"General Practice",54,43,40,62.6,8.9,71,21,119,94,-37,3.05,0.16,18.2,,,
"Sep 08, 2023 01:31:37 pm","5150 BBCOR -3",Right,"General Practice",58,52,43,58.2,10,75,22,109,90,-35,2.45,0.18,16.6,,,
"Sep 08, 2023 01:30:12 pm","5150 BBCOR -3",Right,"General Practice",40,35,44,67.7,10.2,56,19,126,100,-41,3.85,0.15,20.8,,,
"Sep 08, 2023 01:30:07 pm","5150 BBCOR -3",Right,"General Practice",50,41,32,56.1,5.4,67,12,119,98,-39,2.13,0.19,17,,,
"Sep 08, 2023 01:30:01 pm","5150 BBCOR -3",Right,"General Practice",30,36,38,68,8.1,46,27,128,96,-35,3.63,0.16,20.3,,,
"Sep 08, 2023 01:29:50 pm","5150 BBCOR -3",Right,"General Practice",43,36,43,64.2,10,60,13,122,102,-43,3.37,0.16,19.9,,,
"Sep 08, 2023 01:29:45 pm","5150 BBCOR -3",Right,"General Practice",50,40,43,66,9.9,67,21,121,98,-41,3.47,0.16,19.9,,,
"Sep 07, 2023 02:50:22 pm","5150 BBCOR -3",Right,"General Practice",46,35,41,65,9,63,16,127,100,-41,3.41,0.16,20.7,,,
"Sep 07, 2023 02:50:15 pm","5150 BBCOR -3",Right,"General Practice",62,48,35,49.5,6.6,79,-3,112,95,-49,2,0.16,19.3,,,
"Sep 07, 2023 02:49:52 pm","5150 BBCOR -3",Right,"General Practice",54,40,42,63.9,9.7,71,4,122,95,-40,3.67,0.14,19.6,,,
"Sep 07, 2023 02:48:28 pm","5150 BBCOR -3",Right,"General Practice",31,32,47,67.2,11.7,48,21,129,104,-41,3.69,0.16,21.7,,,
"Sep 07, 2023 02:48:20 pm","5150 BBCOR -3",Right,"General Practice",28,32,49,64.3,12.3,44,21,131,101,-38,3.38,0.16,21.9,,,
"Sep 07, 2023 02:48:13 pm","5150 BBCOR -3",Right,"General Practice",42,37,47,67.3,11.6,58,30,128,95,-32,3.52,0.16,21.8,,,
"Sep 07, 2023 02:48:07 pm","5150 BBCOR -3",Right,"General Practice",43,41,46,67.8,11.4,60,19,118,99,-44,3.76,0.16,21.6,,,
"Sep 07, 2023 02:48:01 pm","5150 BBCOR -3",Right,"General Practice",36,34,46,67.4,11.4,52,19,126,102,-39,3.81,0.15,22,,,
"Sep 07, 2023 02:46:58 pm","5150 BBCOR -3",Right,"General Practice",56,47,38,59.5,8.1,72,-3,115,90,-38,3.13,0.14,18.5,,,
"Sep 07, 2023 02:46:52 pm","5150 BBCOR -3",Right,"General Practice",55,44,37,61.9,7.4,72,4,117,95,-37,3.09,0.16,17.5,,,
"Sep 07, 2023 02:46:45 pm","5150 BBCOR -3",Right,"General Practice",75,44,37,34.3,7.4,92,-28,97,65,-26,1.01,0.15,16.8,,,
"Sep 07, 2023 02:46:31 pm","5150 BBCOR -3",Right,"General Practice",45,45,41,65.2,9.3,62,18,115,96,-41,3.34,0.16,19.2,,,
"Sep 07, 2023 02:46:20 pm","5150 BBCOR -3",Right,"General Practice",57,58,43,60.7,10.1,74,18,104,92,-36,2.79,0.17,18,,,
"Sep 07, 2023 02:43:51 pm","5150 BBCOR -3",Right,"General Practice",42,40,43,66.8,10,59,13,118,100,-44,3.64,0.16,19.8,,,
"Sep 07, 2023 02:43:45 pm","5150 BBCOR -3",Right,"General Practice",41,41,43,67.3,9.9,58,12,116,100,-47,3.7,0.16,20.2,,,
"Sep 07, 2023 02:43:39 pm","5150 BBCOR -3",Right,"General Practice",30,32,44,67.3,10.4,46,22,129,103,-35,3.7,0.16,21.3,,,
"Sep 07, 2023 02:43:30 pm","5150 BBCOR -3",Right,"General Practice",39,35,41,60.4,9.3,56,10,128,100,-36,3.11,0.15,19,,,
"Sep 07, 2023 02:43:24 pm","5150 BBCOR -3",Right,"General Practice",46,37,43,70.4,10,63,24,129,94,-34,4.05,0.16,19.7,,,
"Sep 07, 2023 02:43:18 pm","5150 BBCOR -3",Right,"General Practice",45,42,44,70.5,10.3,62,21,123,92,-34,4.02,0.16,19.5,,,
"Sep 07, 2023 02:43:11 pm","5150 BBCOR -3",Right,"General Practice",46,46,43,70.7,9.9,62,21,116,92,-36,4.08,0.16,19.8,,,
"Sep 07, 2023 02:42:15 pm","5150 BBCOR -3",Right,"General Practice",47,42,41,64.3,9.3,63,21,121,94,-38,3.1,0.17,19.5,,,
"Sep 07, 2023 02:42:07 pm","5150 BBCOR -3",Right,"General Practice",48,45,45,64.9,10.9,65,13,115,95,-39,3.4,0.16,19.5,,,
"Sep 07, 2023 02:41:48 pm","5150 BBCOR -3",Right,"General Practice",47,41,45,65.7,10.9,64,10,119,98,-42,3.67,0.15,20.5,,,
"Sep 07, 2023 02:40:37 pm","5150 BBCOR -3",Right,"General Practice",30,35,48,69.8,12.2,47,26,130,96,-31,3.98,0.16,21.1,,,
"Sep 07, 2023 02:40:26 pm","5150 BBCOR -3",Right,"General Practice",35,40,45,64.8,10.7,52,17,122,97,-39,3.43,0.16,20.6,,,
"Sep 07, 2023 02:40:16 pm","5150 BBCOR -3",Right,"General Practice",45,40,43,65.5,9.9,61,15,120,98,-40,3.42,0.16,19.2,,,
"Sep 07, 2023 02:40:09 pm","5150 BBCOR -3",Right,"General Practice",35,41,47,70.8,11.6,52,21,121,96,-38,4.15,0.15,20.7,,,
"Sep 07, 2023 02:39:59 pm","5150 BBCOR -3",Right,"General Practice",36,39,44,69.9,10.6,52,20,123,98,-36,4.04,0.15,20.7,,,
"Sep 07, 2023 02:39:18 pm","5150 BBCOR -3",Right,"General Practice",39,41,35,60.7,6.7,56,23,124,88,-22,2.58,0.18,18,,,
"Sep 07, 2023 02:39:08 pm","5150 BBCOR -3",Right,"General Practice",47,44,36,63.1,7.1,64,20,119,87,-36,3.02,0.17,18.2,,,
"Sep 07, 2023 02:39:03 pm","5150 BBCOR -3",Right,"General Practice",47,34,42,65.5,9.7,64,9,128,101,-37,3.64,0.15,20.1,,,
"Sep 07, 2023 02:37:04 pm","5150 BBCOR -3",Right,"General Practice",45,38,46,69.7,11.1,62,19,122,100,-41,3.97,0.16,20.9,,,
"Sep 07, 2023 02:36:58 pm","5150 BBCOR -3",Right,"General Practice",51,41,41,68.7,9.3,68,28,125,90,-30,3.66,0.16,21,,,
"Sep 07, 2023 02:36:52 pm","5150 BBCOR -3",Right,"General Practice",34,37,46,70.3,11.3,50,24,127,95,-35,3.98,0.16,20.9,,,
"Sep 07, 2023 02:36:46 pm","5150 BBCOR -3",Right,"General Practice",32,36,48,69,12.1,48,24,128,97,-33,3.85,0.16,21.1,,,
"Sep 07, 2023 02:36:41 pm","5150 BBCOR -3",Right,"General Practice",34,37,47,69.5,11.8,51,21,125,99,-37,4,0.15,20.7,,,
"Sep 07, 2023 02:36:36 pm","5150 BBCOR -3",Right,"General Practice",35,42,48,65.1,11.9,52,21,123,91,-31,3.29,0.16,19.2,,,
"Sep 07, 2023 02:35:19 pm","5150 BBCOR -3",Right,"General Practice",53,49,44,57.9,10.4,69,3,113,90,-46,2.89,0.15,18.4,,,
"Sep 07, 2023 02:34:08 pm","5150 BBCOR -3",Right,"General Practice",34,35,46,70,11.4,51,24,130,97,-32,3.95,0.16,20.3,,,
"Sep 07, 2023 02:34:02 pm","5150 BBCOR -3",Right,"General Practice",35,30,47,69.9,11.5,51,21,133,103,-37,4.04,0.15,20.2,,,
"Sep 07, 2023 02:33:56 pm","5150 BBCOR -3",Right,"General Practice",32,41,44,69.8,10.6,48,20,121,95,-35,3.98,0.16,20.1,,,
"Sep 07, 2023 02:33:50 pm","5150 BBCOR -3",Right,"General Practice",28,38,46,63.8,11.3,44,20,125,97,-35,3.25,0.16,19.6,,,
"Sep 07, 2023 02:33:44 pm","5150 BBCOR -3",Right,"General Practice",45,45,40,58,8.6,62,5,115,96,-38,2.78,0.15,19,,,
"Sep 07, 2023 02:32:31 pm","5150 BBCOR -3",Right,"General Practice",43,42,37,60.4,7.5,59,16,120,95,-42,2.77,0.17,19.8,,,
"Sep 07, 2023 02:31:57 pm","5150 BBCOR -3",Right,"General Practice",44,38,39,60.6,8.2,61,9,121,101,-46,2.82,0.17,18.2,,,
"Sep 07, 2023 02:31:51 pm","5150 BBCOR -3",Right,"General Practice",50,46,45,58.6,10.7,67,7,113,96,-43,2.85,0.15,19.5,,,
"Sep 06, 2023 01:31:43 pm","5150 BBCOR -3",Right,"General Practice",42,36,44,65.9,10.2,59,11,125,100,-45,3.6,0.15,20.6,,,
"Sep 06, 2023 01:31:36 pm","5150 BBCOR -3",Right,"General Practice",36,36,43,67.6,9.9,53,19,128,97,-39,3.69,0.16,20.6,,,
"Sep 06, 2023 01:31:29 pm","5150 BBCOR -3",Right,"General Practice",39,37,36,64.8,7.3,56,17,126,97,-40,3.14,0.17,19.1,,,
"Sep 06, 2023 01:31:22 pm","5150 BBCOR -3",Right,"General Practice",39,40,39,66,8.3,55,17,122,96,-45,3.38,0.16,19.8,,,
"Sep 06, 2023 01:31:16 pm","5150 BBCOR -3",Right,"General Practice",50,45,37,56.1,7.5,66,0,118,93,-44,2.54,0.16,17.5,,,
"Sep 06, 2023 01:31:09 pm","5150 BBCOR -3",Right,"General Practice",45,35,38,64.8,7.9,62,7,126,101,-47,3.48,0.15,19.7,,,
"Sep 06, 2023 01:31:03 pm","5150 BBCOR -3",Right,"General Practice",44,31,41,66.9,9.2,60,11,131,104,-45,3.66,0.16,19.6,,,
"Sep 06, 2023 01:30:58 pm","5150 BBCOR -3",Right,"General Practice",45,39,39,61.8,8.4,61,17,124,95,-41,3,0.16,18.6,,,
"Sep 06, 2023 01:30:52 pm","5150 BBCOR -3",Right,"General Practice",48,44,40,58.8,8.8,65,-4,119,93,-44,2.94,0.15,18.3,,,
"Sep 06, 2023 01:22:42 pm","5150 BBCOR -3",Right,"General Practice",47,41,42,65.7,9.6,63,7,120,96,-43,3.52,0.16,19.2,,,
"Sep 06, 2023 01:22:32 pm","5150 BBCOR -3",Right,"General Practice",44,42,36,60.6,7.2,61,9,117,97,-43,2.89,0.16,19.1,,,
"Sep 06, 2023 01:22:24 pm","5150 BBCOR -3",Right,"General Practice",46,35,42,59.9,9.6,63,2,120,106,-51,2.93,0.16,19.8,,,
"Sep 06, 2023 01:22:17 pm","5150 BBCOR -3",Right,"General Practice",43,41,44,57.9,10.5,59,2,114,102,-53,2.81,0.15,20.3,,,
"Sep 06, 2023 01:22:07 pm","5150 BBCOR -3",Right,"General Practice",47,45,33,60.9,6,64,4,118,93,-37,2.95,0.16,17.9,,,
"Sep 06, 2023 01:21:59 pm","5150 BBCOR -3",Right,"General Practice",52,41,37,60.7,7.6,69,11,120,96,-42,2.83,0.17,19.1,,,
"Sep 06, 2023 01:21:42 pm","5150 BBCOR -3",Right,"General Practice",49,40,34,56.5,6.5,66,0,124,95,-39,2.51,0.16,17.7,,,
"Sep 06, 2023 01:16:37 pm","5150 BBCOR -3",Right,"General Practice",47,48,43,61,10.2,64,29,115,90,-47,2.89,0.16,19.8,,,
"Sep 06, 2023 01:16:28 pm","5150 BBCOR -3",Right,"General Practice",44,38,39,68.9,8.4,60,10,121,100,-49,3.78,0.16,21,,,
"Sep 06, 2023 01:16:20 pm","5150 BBCOR -3",Right,"General Practice",45,42,43,67.5,10,62,2,120,95,-49,3.82,0.15,21,,,
"Sep 06, 2023 01:16:13 pm","5150 BBCOR -3",Right,"General Practice",47,41,34,63.6,6.4,64,-3,120,97,-45,3.11,0.17,19.3,,,
"Sep 06, 2023 01:16:06 pm","5150 BBCOR -3",Right,"General Practice",42,41,40,66.4,8.6,58,3,119,97,-44,3.47,0.16,20,,,
"Sep 06, 2023 01:16:00 pm","5150 BBCOR -3",Right,"General Practice",51,56,37,65.9,7.7,67,-8,104,85,-40,3.55,0.16,19.6,,,
"Sep 05, 2023 02:31:41 pm","5150 BBCOR -3",Right,"General Practice",39,36,42,75.7,9.5,56,21,132,93,-33,4.94,0.15,20.8,,,
"Sep 05, 2023 02:31:35 pm","5150 BBCOR -3",Right,"General Practice",39,30,42,74.6,9.8,56,18,137,99,-35,4.85,0.15,21.4,,,
"Sep 05, 2023 02:31:28 pm","5150 BBCOR -3",Right,"General Practice",38,38,41,72.9,9.1,54,23,127,87,-28,4.46,0.15,20.4,,,
"Sep 05, 2023 02:31:28 pm","5150 BBCOR -3",Right,"General Practice",38,38,41,72.9,9.1,54,23,127,87,-28,4.46,0.15,20.4,,,
"Sep 05, 2023 02:31:22 pm","5150 BBCOR -3",Right,"General Practice",40,42,37,68.1,7.4,57,15,122,88,-32,3.99,0.15,19.7,,,
"Sep 05, 2023 02:31:22 pm","5150 BBCOR -3",Right,"General Practice",40,42,37,68.1,7.4,57,15,122,88,-32,3.99,0.15,19.7,,,
"Sep 05, 2023 02:31:16 pm","5150 BBCOR -3",Right,"General Practice",52,43,39,64.2,8.2,68,-1,120,90,-35,3.81,0.14,19.4,,,
"Sep 05, 2023 02:28:43 pm","5150 BBCOR -3",Right,"General Practice",48,49,40,66.8,8.8,65,9,112,86,-36,3.79,0.15,19,,,
"Sep 05, 2023 02:28:36 pm","5150 BBCOR -3",Right,"General Practice",37,35,43,74.8,9.9,53,24,133,95,-28,4.69,0.15,19.7,,,
"Sep 05, 2023 02:28:30 pm","5150 BBCOR -3",Right,"General Practice",29,32,42,73.7,9.4,46,18,131,101,-30,4.61,0.15,19.4,,,
"Sep 05, 2023 02:28:23 pm","5150 BBCOR -3",Right,"General Practice",37,39,40,72.1,8.9,54,17,124,96,-34,4.42,0.15,19.8,,,
"Sep 05, 2023 02:28:17 pm","5150 BBCOR -3",Right,"General Practice",39,36,42,69.1,9.5,56,14,126,98,-35,4.06,0.15,18.9,,,
"Sep 05, 2023 02:28:11 pm","5150 BBCOR -3",Right,"General Practice",46,39,38,69,8,62,20,127,94,-31,3.89,0.16,19.7,,,
"Sep 05, 2023 02:28:06 pm","5150 BBCOR -3",Right,"General Practice",44,53,42,65.6,9.5,61,4,108,92,-39,3.86,0.14,19.8,,,
"Sep 05, 2023 02:25:32 pm","5150 BBCOR -3",Right,"General Practice",48,38,42,69.9,9.8,64,13,121,101,-38,4.05,0.15,19.8,,,
"Sep 05, 2023 02:25:26 pm","5150 BBCOR -3",Right,"General Practice",29,36,40,70.4,8.9,46,22,127,98,-33,3.95,0.16,20.5,,,
"Sep 05, 2023 02:25:20 pm","5150 BBCOR -3",Right,"General Practice",47,41,44,64.6,10.3,64,6,117,99,-44,3.55,0.15,20.2,,,
"Sep 05, 2023 02:25:13 pm","5150 BBCOR -3",Right,"General Practice",56,39,47,66.5,11.5,73,5,116,104,-52,3.86,0.15,22.1,,,
"Sep 05, 2023 02:25:08 pm","5150 BBCOR -3",Right,"General Practice",55,50,50,63.9,13,72,18,109,95,-42,3.21,0.16,21.1,,,
"Sep 05, 2023 02:24:58 pm","5150 BBCOR -3",Right,"General Practice",53,40,47,64.3,11.6,70,8,120,98,-41,3.61,0.15,20.5,,,
