﻿"©Blast Motion. All rights reserved."
"NOTE: Access to and use of this data is subject to the Blast Motion terms of use and end user license agreement, which can be found at https://blastmotion.com/terms-of-service/"
Email:,jstucki1@live.maryville.edu
Academy:,"Maryville University Baseball"
Sport:,Baseball
"Report Date:","Sep 11, 2023 07:51:48 pm"
"Date Range:","Aug 28, 2023 - Sep 11, 2023"

Date,Equipment,Handedness,"Swing Details","Plane Score","Connection Score","Rotation Score","Bat Speed (mph)","Rotational Acceleration (g)","On Plane Efficiency (%)","Attack Angle (deg)","Early Connection (deg)","Connection at Impact (deg)","Vertical Bat Angle (deg)","Power (kW)","Time to Contact (sec)","Peak Hand Speed (mph)","Exit Velocity (mph)","Launch Angle (deg)","Estimated Distance (feet)"
"Sep 05, 2023 02:41:40 pm",ICON,Right,"Pitching Machine",41,50,39,63,8.5,57,12,112,91,-35,3.05,0.17,17.1,,,
"Sep 05, 2023 02:41:33 pm",ICON,Right,"Pitching Machine",42,51,38,60.6,8.1,58,8,111,89,-37,2.82,0.17,16.8,,,
"Sep 05, 2023 02:41:26 pm",ICON,Right,"Pitching Machine",33,46,38,65.4,7.9,49,23,112,82,-24,3,0.18,17.3,,,
"Sep 05, 2023 02:41:19 pm",ICON,Right,"Pitching Machine",41,48,40,63.6,8.7,57,19,110,84,-28,2.86,0.18,17.5,,,
"Sep 05, 2023 02:41:14 pm",ICON,Right,"Pitching Machine",51,54,45,63.3,11,68,13,103,82,-34,3.04,0.17,18.3,,,
"Sep 05, 2023 02:41:09 pm",ICON,Right,"Pitching Machine",43,50,42,63.4,9.7,59,13,109,84,-31,2.98,0.17,17.5,,,
"Sep 05, 2023 02:41:04 pm",ICON,Right,"Pitching Machine",51,58,45,59.4,10.8,68,16,96,79,-30,2.61,0.17,17,,,
