﻿"©Blast Motion. All rights reserved."
"NOTE: Access to and use of this data is subject to the Blast Motion terms of use and end user license agreement, which can be found at https://blastmotion.com/terms-of-service/"
Email:,jherget2@live.maryville.edu
Academy:,"Maryville University Baseball"
Sport:,Baseball
"Report Date:","Sep 11, 2023 07:51:47 pm"
"Date Range:","Aug 28, 2023 - Sep 11, 2023"

Date,Equipment,Handedness,"Swing Details","Plane Score","Connection Score","Rotation Score","Bat Speed (mph)","Rotational Acceleration (g)","On Plane Efficiency (%)","Attack Angle (deg)","Early Connection (deg)","Connection at Impact (deg)","Vertical Bat Angle (deg)","Power (kW)","Time to Contact (sec)","Peak Hand Speed (mph)","Exit Velocity (mph)","Launch Angle (deg)","Estimated Distance (feet)"
"Sep 11, 2023 02:07:26 pm",demo,Right,"General Practice",54,56,58,72.4,16.3,70,8,102,83,-27,4.7,0.14,20.3,,,
"Sep 11, 2023 02:07:18 pm",demo,Right,"General Practice",43,50,50,69.9,12.9,60,13,102,78,-29,3.94,0.16,18.9,,,
"Sep 11, 2023 02:06:05 pm",demo,Right,"General Practice",44,47,50,69.9,13,60,15,106,78,-25,3.84,0.16,18.6,,,
"Sep 11, 2023 02:05:32 pm",demo,Right,"General Practice",51,49,50,70,12.8,67,15,105,80,-24,3.76,0.17,19.4,,,
"Sep 11, 2023 02:05:23 pm",demo,Right,"General Practice",58,60,64,71,18.5,75,10,98,82,-29,4.4,0.15,20.6,,,
"Sep 11, 2023 02:05:17 pm",demo,Right,"General Practice",46,52,45,68.1,10.8,62,4,107,85,-36,3.99,0.15,20.4,,,
"Sep 11, 2023 02:03:06 pm",demo,Right,"General Practice",58,52,44,67.9,10.6,74,8,98,76,-30,3.67,0.16,19.3,,,
"Sep 11, 2023 02:03:00 pm",demo,Right,"General Practice",50,49,45,70.7,10.9,67,11,104,78,-28,4.08,0.16,19.1,,,
"Sep 11, 2023 02:02:53 pm",demo,Right,"General Practice",52,51,53,71.3,14,69,14,100,77,-27,4.32,0.15,20,,,
"Sep 11, 2023 02:02:46 pm",demo,Right,"General Practice",44,47,57,70.1,15.7,61,21,103,74,-22,3.96,0.16,20.1,,,
"Sep 11, 2023 02:02:40 pm",demo,Right,"General Practice",57,49,46,65.6,11.1,74,14,106,81,-27,3.31,0.17,18.7,,,
"Sep 11, 2023 02:02:33 pm",demo,Right,"General Practice",52,56,54,70,14.7,68,10,101,83,-32,4.22,0.15,20,,,
"Sep 11, 2023 02:02:28 pm",demo,Right,"General Practice",53,53,54,71.5,14.7,70,16,102,81,-24,4.12,0.16,20,,,
"Sep 11, 2023 01:57:14 pm",demo,Right,"General Practice",41,49,48,70.6,12.1,58,14,109,84,-28,4.02,0.16,19.5,,,
"Sep 11, 2023 01:57:08 pm",demo,Right,"General Practice",48,54,54,71.6,14.3,65,13,98,78,-29,4.3,0.15,19.8,,,
"Sep 11, 2023 01:57:00 pm",demo,Right,"General Practice",49,56,57,68.2,15.6,66,2,98,80,-31,4.23,0.14,19.9,,,
"Sep 11, 2023 01:56:54 pm",demo,Right,"General Practice",39,49,50,68.6,12.9,55,12,108,82,-28,3.79,0.16,17.7,,,
"Sep 11, 2023 01:56:48 pm",demo,Right,"General Practice",44,48,46,70.6,11.4,61,15,105,78,-29,3.87,0.16,18.9,,,
"Sep 11, 2023 01:56:38 pm",demo,Right,"General Practice",57,50,53,70.9,14,74,21,98,74,-20,4.06,0.16,19.3,,,
"Sep 11, 2023 01:54:41 pm",demo,Right,"General Practice",46,52,53,67.9,14.1,63,5,108,86,-33,3.97,0.15,19.2,,,
"Sep 11, 2023 01:54:35 pm",demo,Right,"General Practice",40,49,55,66.1,14.9,57,8,113,88,-35,3.71,0.15,18.7,,,
"Sep 11, 2023 01:54:30 pm",demo,Right,"General Practice",50,55,58,65.5,16.2,66,3,102,82,-31,3.69,0.15,18.6,,,
"Sep 11, 2023 01:54:23 pm",demo,Right,"General Practice",45,53,55,66.3,14.8,61,8,107,85,-37,3.74,0.15,19.3,,,
"Sep 11, 2023 01:54:18 pm",demo,Right,"General Practice",53,61,62,63.8,17.8,70,1,94,79,-30,3.65,0.14,18.7,,,
"Sep 11, 2023 01:53:02 pm",demo,Right,"General Practice",51,52,47,72,11.5,68,16,98,75,-30,4.19,0.16,18.5,,,
"Sep 11, 2023 01:52:57 pm",demo,Right,"General Practice",50,51,50,69.1,12.8,66,10,103,80,-30,3.76,0.16,18.4,,,
"Sep 11, 2023 01:52:48 pm",demo,Right,"General Practice",35,45,45,68.2,10.7,52,11,114,84,-29,3.71,0.16,19,,,
"Sep 11, 2023 01:52:43 pm",demo,Right,"General Practice",40,49,52,70,13.6,57,10,109,83,-28,4.05,0.15,19.7,,,
"Sep 11, 2023 01:52:37 pm",demo,Right,"General Practice",41,43,42,69.2,9.5,57,17,112,79,-28,3.55,0.17,19.7,,,
"Sep 11, 2023 01:52:32 pm",demo,Right,"General Practice",39,49,42,69.3,9.6,56,7,113,88,-36,3.98,0.15,19.7,,,
"Sep 11, 2023 01:49:00 pm",demo,Right,"General Practice",38,46,45,67.4,10.6,55,17,108,78,-23,3.4,0.17,17.8,,,
"Sep 11, 2023 01:48:54 pm",demo,Right,"General Practice",32,42,47,66.5,11.6,48,16,118,83,-25,3.24,0.17,18.6,,,
"Sep 11, 2023 01:48:49 pm",demo,Right,"General Practice",37,45,47,69.5,11.8,53,17,115,84,-30,3.67,0.17,19.4,,,
"Sep 11, 2023 01:48:44 pm",demo,Right,"General Practice",46,53,68,69.4,20.2,62,15,100,79,-25,3.93,0.16,19.5,,,
"Sep 11, 2023 01:48:39 pm",demo,Right,"General Practice",42,49,42,64.8,9.6,59,8,108,82,-32,3.19,0.17,17.9,,,
"Sep 08, 2023 02:00:09 pm",demo,Right,"General Practice",52,53,58,71,16.2,69,12,104,83,-25,4.23,0.15,19.7,,,
"Sep 08, 2023 01:59:54 pm",demo,Right,"General Practice",65,61,57,69.3,15.8,81,8,93,79,-32,4.13,0.15,20.5,,,
"Sep 08, 2023 01:59:41 pm",demo,Right,"General Practice",58,57,60,73.4,16.8,75,7,101,83,-36,4.97,0.14,20.4,,,
"Sep 08, 2023 01:59:34 pm",demo,Right,"General Practice",65,63,47,65.6,11.7,81,14,94,80,-29,3.3,0.17,18.7,,,
"Sep 08, 2023 01:59:28 pm",demo,Right,"General Practice",50,53,48,66.5,12,67,2,109,87,-30,4.09,0.14,19.2,,,
"Sep 08, 2023 01:56:54 pm",demo,Right,"General Practice",53,56,67,72.9,20,69,9,99,81,-35,4.91,0.14,20.6,,,
"Sep 08, 2023 01:56:32 pm",demo,Right,"General Practice",56,65,57,68.7,15.7,73,12,91,81,-39,4.07,0.15,20.2,,,
"Sep 08, 2023 01:56:26 pm",demo,Right,"General Practice",41,56,57,66.4,15.7,58,5,106,88,-33,3.96,0.14,19.2,,,
"Sep 08, 2023 01:53:10 pm",demo,Right,"General Practice",58,59,56,69.6,15.3,75,13,99,82,-27,4.06,0.15,19.9,,,
"Sep 08, 2023 01:53:04 pm",demo,Right,"General Practice",54,61,61,70.3,17.4,70,14,93,78,-24,4.2,0.15,20,,,
"Sep 08, 2023 01:52:53 pm",demo,Right,"General Practice",52,58,48,65.6,12.3,69,8,102,84,-27,3.66,0.15,19.4,,,
"Sep 08, 2023 01:52:47 pm",demo,Right,"General Practice",62,61,55,68.2,15.1,79,5,90,78,-28,4.12,0.14,20,,,
"Sep 08, 2023 01:52:37 pm",demo,Right,"General Practice",45,50,47,67.9,11.8,62,15,102,77,-18,3.82,0.15,18.9,,,
"Sep 08, 2023 01:51:43 pm",demo,Right,"General Practice",59,58,49,68.9,12.4,76,10,102,85,-32,3.93,0.15,20.1,,,
"Sep 08, 2023 01:51:37 pm",demo,Right,"General Practice",58,65,68,70.4,20.3,74,16,90,80,-30,4.39,0.14,20.5,,,
"Sep 08, 2023 01:51:22 pm",demo,Right,"General Practice",60,72,60,67.2,17.1,77,9,91,84,-29,4.11,0.14,19.7,,,
"Sep 08, 2023 01:51:13 pm",demo,Right,"General Practice",36,50,48,58.3,12,52,4,113,89,-27,3.01,0.14,17.3,,,
"Sep 08, 2023 01:49:40 pm",demo,Right,"General Practice",32,43,45,64.6,11,49,14,121,91,-33,3.5,0.15,18.7,,,
"Sep 08, 2023 01:49:35 pm",demo,Right,"General Practice",56,58,52,67,13.6,73,13,97,80,-29,3.76,0.15,19.8,,,
"Sep 08, 2023 01:49:30 pm",demo,Right,"General Practice",33,45,44,65.6,10.3,50,12,118,88,-25,3.47,0.16,18.8,,,
"Sep 08, 2023 01:49:24 pm",demo,Right,"General Practice",43,53,52,69,13.7,60,15,104,82,-30,3.89,0.16,19.8,,,
"Sep 08, 2023 01:49:19 pm",demo,Right,"General Practice",31,43,41,60.4,9.4,47,14,121,92,-32,2.77,0.17,17.5,,,
"Sep 08, 2023 01:49:14 pm",demo,Right,"General Practice",56,60,51,66.5,13.3,73,9,101,86,-36,3.71,0.15,19.3,,,
"Sep 08, 2023 01:45:49 pm",demo,Right,"General Practice",39,53,60,71.2,16.9,56,17,105,84,-39,4.31,0.15,20.8,,,
"Sep 08, 2023 01:45:42 pm",demo,Right,"General Practice",54,57,67,75.1,19.9,71,20,94,76,-32,4.79,0.15,20.9,,,
"Sep 08, 2023 01:45:29 pm",demo,Right,"General Practice",39,51,50,67.4,12.9,55,5,111,89,-36,4.02,0.14,19.2,,,
"Sep 08, 2023 01:45:20 pm",demo,Right,"General Practice",62,61,57,64.9,15.9,79,16,97,82,-38,3.49,0.15,19.7,,,
"Sep 08, 2023 01:45:11 pm",demo,Right,"General Practice",55,66,57,66.6,16,71,7,97,85,-34,4.1,0.14,19.6,,,
"Sep 08, 2023 01:43:43 pm",demo,Right,"General Practice",36,47,46,68,11.2,53,14,114,86,-30,3.88,0.15,19.6,,,
"Sep 08, 2023 01:43:38 pm",demo,Right,"General Practice",59,54,43,69.2,10.1,76,9,102,81,-21,3.77,0.16,18.8,,,
"Sep 08, 2023 01:43:33 pm",demo,Right,"General Practice",35,46,49,66.6,12.7,51,13,117,89,-29,3.82,0.15,19.2,,,
"Sep 08, 2023 01:43:26 pm",demo,Right,"General Practice",60,63,44,63.3,10.2,77,8,94,81,-35,3.04,0.17,19.8,,,
"Sep 08, 2023 01:43:21 pm",demo,Right,"General Practice",33,45,43,66.3,9.8,49,20,114,83,-30,3.34,0.17,18.5,,,
"Sep 08, 2023 01:43:16 pm",demo,Right,"General Practice",53,62,56,66.5,15.3,70,9,97,84,-31,3.81,0.15,19.7,,,
"Sep 08, 2023 01:39:26 pm",demo,Right,"General Practice",42,49,45,62.2,10.9,59,5,114,88,-30,3.29,0.15,18,,,
"Sep 08, 2023 01:39:19 pm",demo,Right,"General Practice",51,57,60,67.6,16.9,68,10,105,88,-39,4.11,0.14,20.3,,,
"Sep 08, 2023 01:39:12 pm",demo,Right,"General Practice",45,49,58,70.7,16,61,23,110,84,-30,4.14,0.15,20.3,,,
"Sep 08, 2023 01:39:05 pm",demo,Right,"General Practice",40,54,56,72.7,15.5,57,15,103,83,-35,4.55,0.15,20.1,,,
"Sep 08, 2023 01:38:59 pm",demo,Right,"General Practice",55,59,58,73,16.2,72,11,99,83,-37,4.72,0.14,20.2,,,
"Sep 08, 2023 01:37:59 pm",demo,Right,"General Practice",37,45,51,70,13.4,54,16,114,83,-27,4.05,0.15,19.6,,,
"Sep 08, 2023 01:37:49 pm",demo,Right,"General Practice",55,58,63,72,18,72,13,98,81,-32,4.4,0.15,20.9,,,
"Sep 08, 2023 01:37:40 pm",demo,Right,"General Practice",42,51,56,72.5,15.5,59,18,103,79,-26,4.35,0.15,20.2,,,
"Sep 08, 2023 01:37:18 pm",demo,Right,"General Practice",39,48,53,69.2,13.9,56,18,109,82,-31,4.02,0.15,19.3,,,
"Sep 08, 2023 01:37:13 pm",demo,Right,"General Practice",57,55,59,71,16.8,73,17,97,77,-23,4.23,0.15,19.8,,,
"Sep 08, 2023 01:37:04 pm",demo,Right,"General Practice",36,50,45,65.3,10.7,53,10,111,86,-24,3.53,0.15,18.2,,,
"Sep 08, 2023 01:34:50 pm",demo,Right,"General Practice",54,53,60,72.5,17.1,71,22,98,77,-28,4.59,0.15,20.4,,,
"Sep 08, 2023 01:34:44 pm",demo,Right,"General Practice",52,56,63,71.4,18.3,68,22,98,79,-28,4.58,0.14,20.1,,,
"Sep 08, 2023 01:34:37 pm",demo,Right,"General Practice",48,60,63,71.8,18.4,65,12,96,81,-35,4.56,0.14,20.5,,,
"Sep 08, 2023 01:34:29 pm",demo,Right,"General Practice",59,64,68,69.1,20.4,76,14,90,80,-32,4.11,0.15,20.3,,,
"Sep 08, 2023 01:34:18 pm",demo,Right,"General Practice",62,58,57,68.7,16,79,20,89,75,-32,4.01,0.15,19.8,,,
"Sep 08, 2023 01:32:32 pm",demo,Right,"General Practice",38,50,47,69.7,11.9,55,20,104,79,-21,3.68,0.17,19.5,,,
"Sep 08, 2023 01:32:27 pm",demo,Right,"General Practice",60,64,52,68.7,13.7,77,12,92,80,-30,3.81,0.16,20.1,,,
"Sep 08, 2023 01:32:22 pm",demo,Right,"General Practice",34,50,46,63.6,11.4,51,14,112,88,-25,3.35,0.15,18.6,,,
"Sep 08, 2023 01:32:17 pm",demo,Right,"General Practice",45,51,51,69.6,13.2,62,21,97,74,-18,3.67,0.17,19.4,,,
"Sep 08, 2023 01:32:12 pm",demo,Right,"General Practice",38,49,54,70.4,14.4,55,20,106,80,-29,4.1,0.15,19.9,,,
"Sep 08, 2023 01:32:03 pm",demo,Right,"General Practice",63,64,48,67.8,12,80,8,94,82,-32,3.71,0.16,19.6,,,
"Sep 08, 2023 01:31:14 pm",demo,Right,"General Practice",60,49,62,68.2,17.8,76,25,102,76,-25,3.76,0.16,19.9,,,
"Sep 08, 2023 01:31:08 pm",demo,Right,"General Practice",48,48,49,68,12.6,65,21,107,81,-23,3.82,0.15,18.7,,,
"Sep 08, 2023 01:31:02 pm",demo,Right,"General Practice",43,48,50,69.3,13,60,16,114,87,-30,3.97,0.15,19.1,,,
"Sep 08, 2023 01:30:55 pm",demo,Right,"General Practice",68,48,47,62.8,11.5,85,18,80,74,-31,3.14,0.16,18.2,,,
"Sep 07, 2023 11:51:33 am",demo,Right,"General Practice",43,55,56,69.4,15.3,60,6,102,82,-37,4.38,0.14,19.8,,,
"Sep 07, 2023 11:51:21 am",demo,Right,"General Practice",36,46,42,64.5,9.4,53,19,107,78,-29,3.23,0.16,17.9,,,
"Sep 07, 2023 11:51:10 am",demo,Right,"General Practice",51,51,54,69.1,14.5,67,15,103,80,-22,4,0.15,19,,,
"Sep 07, 2023 11:49:10 am",demo,Right,"General Practice",55,58,49,74.1,12.3,72,9,101,84,-36,4.86,0.14,20,,,
"Sep 07, 2023 11:49:05 am",demo,Right,"General Practice",52,58,58,75,16.2,69,12,96,79,-35,5.04,0.14,20.8,,,
"Sep 07, 2023 11:48:58 am",demo,Right,"General Practice",50,57,49,70.2,12.6,66,11,96,78,-24,4.36,0.14,19.9,,,
"Sep 07, 2023 11:48:45 am",demo,Right,"General Practice",41,46,50,72.1,12.8,58,18,105,76,-21,4.36,0.15,19.6,,,
"Sep 07, 2023 11:48:39 am",demo,Right,"General Practice",49,54,55,73.1,14.8,66,13,99,79,-30,4.73,0.14,20.2,,,
"Sep 07, 2023 11:48:30 am",demo,Right,"General Practice",45,52,53,68,14.3,62,4,110,91,-30,4.4,0.13,19.9,,,
"Sep 07, 2023 11:47:07 am",demo,Right,"General Practice",44,51,51,69.9,13.1,60,14,102,78,-27,4.21,0.15,19.4,,,
"Sep 07, 2023 11:46:57 am",demo,Right,"General Practice",46,51,51,69.6,13.3,63,18,104,81,-29,3.86,0.16,20.1,,,
"Sep 07, 2023 11:46:52 am",demo,Right,"General Practice",54,56,57,70.1,15.8,71,14,99,80,-33,4.41,0.14,20.1,,,
"Sep 07, 2023 11:43:07 am",demo,Right,"General Practice",56,57,48,69.3,12.2,72,12,101,84,-31,4.14,0.15,20.3,,,
"Sep 07, 2023 11:43:02 am",demo,Right,"General Practice",55,58,54,72.5,14.5,72,11,93,76,-25,4.53,0.15,20.3,,,
"Sep 07, 2023 11:42:57 am",demo,Right,"General Practice",46,54,49,69.5,12.5,63,15,96,76,-25,3.95,0.16,19.6,,,
"Sep 07, 2023 11:42:52 am",demo,Right,"General Practice",36,47,47,69.6,11.6,52,17,108,80,-30,3.96,0.16,19.3,,,
"Sep 07, 2023 11:42:47 am",demo,Right,"General Practice",48,55,54,71,14.7,65,14,100,80,-33,4.46,0.14,19.8,,,
"Sep 07, 2023 11:42:43 am",demo,Right,"General Practice",36,49,46,57.9,11.1,53,0,110,84,-32,3.01,0.14,17.3,,,
"Sep 07, 2023 11:41:21 am",demo,Right,"General Practice",62,52,67,67,19.9,79,21,95,73,-20,3.62,0.16,20.4,,,
"Sep 07, 2023 11:41:06 am",demo,Right,"General Practice",52,56,50,66.9,13.1,69,11,97,79,-26,3.62,0.16,18.3,,,
"Sep 07, 2023 11:41:00 am",demo,Right,"General Practice",61,58,46,67.7,11.3,78,7,103,86,-34,3.85,0.15,19.3,,,
"Sep 07, 2023 11:40:55 am",demo,Right,"General Practice",65,57,54,64.6,14.5,82,17,85,77,-31,3.36,0.16,19.2,,,
"Sep 07, 2023 11:37:42 am",demo,Right,"General Practice",35,45,52,69,13.6,51,22,109,78,-20,3.84,0.16,19,,,
"Sep 07, 2023 11:37:32 am",demo,Right,"General Practice",35,46,47,66.7,11.6,51,17,113,83,-27,3.63,0.16,18.6,,,
"Sep 07, 2023 11:37:27 am",demo,Right,"General Practice",36,45,45,67,10.9,53,17,108,77,-29,3.87,0.15,18.8,,,
"Sep 07, 2023 11:37:22 am",demo,Right,"General Practice",47,50,52,68.4,13.8,64,14,103,78,-28,4.08,0.15,19.6,,,
"Sep 07, 2023 11:37:16 am",demo,Right,"General Practice",62,58,38,66.4,7.8,79,-1,101,84,-36,3.51,0.16,19.1,,,
"Sep 07, 2023 11:36:12 am",demo,Right,"General Practice",45,52,51,67.8,13.3,61,5,104,82,-31,3.91,0.15,18.5,,,
"Sep 07, 2023 11:36:07 am",demo,Right,"General Practice",55,57,49,72.3,12.5,71,2,96,78,-42,4.63,0.14,19.6,,,
"Sep 07, 2023 11:36:00 am",demo,Right,"General Practice",55,52,54,71.6,14.5,72,17,95,73,-28,4.3,0.15,19.2,,,
"Sep 07, 2023 11:35:54 am",demo,Right,"General Practice",54,52,58,69.1,16.1,71,19,94,72,-27,3.8,0.16,19.8,,,
"Sep 07, 2023 11:35:48 am",demo,Right,"General Practice",46,53,58,67,16.1,62,11,104,83,-23,3.82,0.15,18.6,,,
"Sep 07, 2023 11:33:31 am",demo,Right,"General Practice",48,50,56,73.4,15.4,64,17,102,78,-30,4.41,0.16,20.7,,,
"Sep 07, 2023 11:33:26 am",demo,Right,"General Practice",49,48,45,71,10.7,66,14,107,81,-25,4.12,0.16,19.8,,,
"Sep 07, 2023 11:33:20 am",demo,Right,"General Practice",42,48,49,65.3,12.3,59,16,108,81,-23,3.49,0.16,18.3,,,
"Sep 07, 2023 11:33:14 am",demo,Right,"General Practice",60,58,41,67.8,9.2,76,7,98,81,-31,3.49,0.17,19.3,,,
"Sep 07, 2023 11:33:08 am",demo,Right,"General Practice",43,49,44,65.9,10.3,59,10,104,79,-23,3.69,0.15,18,,,
"Sep 07, 2023 11:33:03 am",demo,Right,"General Practice",61,59,45,67.5,10.8,78,2,97,81,-35,3.77,0.15,19.2,,,
"Sep 07, 2023 11:24:36 am",demo,Right,"General Practice",33,47,45,68.4,10.7,50,13,113,85,-30,4.03,0.15,19.3,,,
"Sep 07, 2023 11:24:32 am",demo,Right,"General Practice",42,52,49,70.4,12.3,58,10,104,81,-31,4.16,0.15,19.6,,,
"Sep 07, 2023 11:24:26 am",demo,Right,"General Practice",41,49,53,73.3,14.1,58,14,105,79,-26,4.5,0.15,19.7,,,
"Sep 07, 2023 11:24:20 am",demo,Right,"General Practice",50,52,53,73.6,14.2,66,11,101,79,-30,4.61,0.15,20.1,,,
"Sep 07, 2023 11:24:16 am",demo,Right,"General Practice",45,49,53,71.9,14.3,62,18,103,76,-28,4.27,0.15,20.2,,,
"Sep 07, 2023 11:24:11 am",demo,Right,"General Practice",41,48,52,69.6,13.9,57,16,107,81,-26,3.86,0.16,19.8,,,
"Sep 07, 2023 11:24:07 am",demo,Right,"General Practice",54,47,44,68.9,10.3,71,17,108,80,-27,3.73,0.16,19.5,,,
"Sep 07, 2023 11:19:36 am",demo,Right,"General Practice",55,59,51,69.7,13.3,72,1,99,83,-20,4.02,0.15,19.9,,,
"Sep 07, 2023 11:19:30 am",demo,Right,"General Practice",55,57,51,70,13.3,72,3,91,75,-19,4.11,0.15,19.1,,,
"Sep 07, 2023 11:19:25 am",demo,Right,"General Practice",59,56,52,69.9,13.6,76,5,98,79,-21,4.09,0.15,19.6,,,
"Sep 07, 2023 11:19:11 am",demo,Right,"General Practice",60,56,48,69.5,12.2,77,4,100,81,-19,3.94,0.16,19.5,,,
"Sep 07, 2023 11:19:06 am",demo,Right,"General Practice",59,56,50,69.9,13.1,75,5,99,81,-19,3.79,0.16,19.4,,,
"Sep 07, 2023 11:19:01 am",demo,Right,"General Practice",58,62,51,68.4,13.2,75,4,95,81,-23,3.78,0.16,18.9,,,
"Sep 07, 2023 11:18:55 am",demo,Right,"General Practice",63,62,46,66.4,11.2,80,6,98,84,-23,3.6,0.16,18.9,,,
"Sep 05, 2023 02:29:22 pm",demo,Right,"Pitching Machine",50,57,57,68.8,15.7,67,9,99,82,-34,4.13,0.15,19.8,,,
"Sep 05, 2023 02:29:18 pm",demo,Right,"Pitching Machine",49,55,61,72.8,17.6,65,13,100,81,-30,4.56,0.15,20.9,,,
"Sep 05, 2023 02:29:13 pm",demo,Right,"Pitching Machine",55,62,61,72.8,17.6,72,13,95,82,-32,4.57,0.15,20.5,,,
"Sep 05, 2023 02:29:08 pm",demo,Right,"Pitching Machine",45,54,58,67.3,16,61,9,103,82,-32,3.75,0.15,19,,,
"Sep 05, 2023 02:29:03 pm",demo,Right,"Pitching Machine",56,67,69,71.6,20.5,72,6,92,81,-36,4.73,0.14,20.5,,,
"Sep 05, 2023 02:28:59 pm",demo,Right,"Pitching Machine",49,59,62,70.7,17.8,66,9,94,78,-29,4.62,0.14,20.2,,,
"Sep 05, 2023 02:28:54 pm",demo,Right,"Pitching Machine",62,56,52,71.9,13.8,79,7,98,79,-32,4.51,0.15,20.5,,,
"Sep 05, 2023 02:26:22 pm",demo,Right,"Pitching Machine",47,54,60,73,17,64,14,94,74,-29,4.65,0.15,19.9,,,
"Sep 05, 2023 02:26:17 pm",demo,Right,"Pitching Machine",44,52,48,69.9,12.1,61,10,98,75,-27,4.21,0.15,18.9,,,
"Sep 05, 2023 02:26:13 pm",demo,Right,"Pitching Machine",42,46,50,70.2,12.9,58,8,102,72,-27,4.31,0.15,18.8,,,
"Sep 05, 2023 02:26:08 pm",demo,Right,"Pitching Machine",48,51,54,72.2,14.5,65,9,96,73,-22,4.68,0.14,19.6,,,
"Sep 05, 2023 02:26:04 pm",demo,Right,"Pitching Machine",51,51,46,68.7,11.4,67,8,94,71,-24,4.17,0.14,19.2,,,
