﻿"©Blast Motion. All rights reserved."
"NOTE: Access to and use of this data is subject to the Blast Motion terms of use and end user license agreement, which can be found at https://blastmotion.com/terms-of-service/"
Email:,mschuler2@live.maryville.edu
Academy:,"Maryville University Baseball"
Sport:,Baseball
"Report Date:","Sep 11, 2023 07:51:48 pm"
"Date Range:","Aug 28, 2023 - Sep 11, 2023"

Date,Equipment,Handedness,"Swing Details","Plane Score","Connection Score","Rotation Score","Bat Speed (mph)","Rotational Acceleration (g)","On Plane Efficiency (%)","Attack Angle (deg)","Early Connection (deg)","Connection at Impact (deg)","Vertical Bat Angle (deg)","Power (kW)","Time to Contact (sec)","Peak Hand Speed (mph)","Exit Velocity (mph)","Launch Angle (deg)","Estimated Distance (feet)"
"Sep 08, 2023 01:55:23 pm",demo,Left,"General Practice",57,49,61,67.3,17.5,74,18,91,67,-24,4.81,0.12,20.8,,,
"Sep 08, 2023 01:55:15 pm",demo,Left,"General Practice",64,55,61,73.5,17.3,81,4,95,76,-20,5.92,0.12,19.7,,,
"Sep 08, 2023 01:55:08 pm",demo,Left,"General Practice",60,53,62,75.5,17.7,77,9,95,74,-19,5.95,0.13,20.3,,,
"Sep 08, 2023 01:54:56 pm",demo,Left,"General Practice",62,60,61,73.6,17.4,79,15,94,78,-23,5.32,0.13,22,,,
"Sep 08, 2023 01:54:40 pm",demo,Left,"General Practice",64,63,64,71.8,18.9,81,6,88,79,-25,5.76,0.12,20.1,,,
"Sep 08, 2023 01:51:37 pm",demo,Left,"General Practice",69,56,61,70.3,17.6,85,6,85,76,-29,4.93,0.13,21.7,,,
"Sep 08, 2023 01:51:31 pm",demo,Left,"General Practice",65,72,71,72.9,21.6,82,7,89,84,-30,5.83,0.12,20.8,,,
"Sep 08, 2023 01:51:15 pm",demo,Left,"General Practice",60,46,53,74,14.3,76,13,102,74,-20,5.55,0.13,19.2,,,
"Sep 08, 2023 01:51:08 pm",demo,Left,"General Practice",65,49,60,74,17.1,82,8,91,67,-23,5.82,0.12,20.7,,,
"Sep 08, 2023 01:51:02 pm",demo,Left,"General Practice",63,65,64,74.7,18.6,80,3,89,80,-32,6.13,0.12,20.5,,,
"Sep 08, 2023 01:49:22 pm",demo,Left,"General Practice",52,48,54,77.5,14.7,69,13,89,66,-22,5.34,0.15,22,,,
"Sep 08, 2023 01:49:13 pm",demo,Left,"General Practice",52,53,65,81.1,19.1,68,17,89,71,-19,6.37,0.14,21.5,,,
"Sep 08, 2023 01:48:48 pm",demo,Left,"General Practice",64,54,64,72.9,18.8,80,12,87,72,-25,5.74,0.12,21.2,,,
"Sep 08, 2023 01:48:41 pm",demo,Left,"General Practice",69,61,58,75.1,16.4,86,-1,86,79,-35,6.19,0.12,21.3,,,
"Sep 08, 2023 01:47:01 pm",demo,Left,"General Practice",47,59,27,47.7,3.5,64,-15,87,77,-54,1.44,0.21,15.8,,,
"Sep 08, 2023 01:46:50 pm",demo,Left,"General Practice",58,56,60,77.3,16.8,75,16,91,74,-21,5.55,0.14,21.4,,,
"Sep 08, 2023 01:46:42 pm",demo,Left,"General Practice",59,57,65,75.2,19,75,15,88,75,-25,5.56,0.13,21.6,,,
"Sep 08, 2023 01:46:34 pm",demo,Left,"General Practice",61,54,71,74.4,21.5,78,18,84,75,-26,5.69,0.13,21.2,,,
"Sep 08, 2023 01:46:22 pm",demo,Left,"General Practice",66,60,70,69.4,21.2,83,-1,87,77,-23,5.66,0.11,20.4,,,
"Sep 08, 2023 01:46:15 pm",demo,Left,"General Practice",65,49,63,73.1,18.3,82,11,81,74,-26,5.5,0.13,21.1,,,
"Sep 08, 2023 01:44:58 pm",demo,Left,"General Practice",64,52,47,71.5,11.8,80,11,86,71,-20,4.8,0.14,19.7,,,
"Sep 08, 2023 01:44:52 pm",demo,Left,"General Practice",69,53,64,73.3,18.6,86,9,84,75,-31,5.53,0.13,21.4,,,
"Sep 08, 2023 01:44:36 pm",demo,Left,"General Practice",66,55,53,71.9,14,82,8,87,73,-29,5.01,0.14,21.2,,,
"Sep 08, 2023 01:44:30 pm",demo,Left,"General Practice",61,63,62,75.9,17.7,78,15,90,79,-33,5.67,0.13,20.9,,,
"Sep 08, 2023 01:44:11 pm",demo,Left,"General Practice",62,73,74,75,22.8,79,10,89,84,-33,5.97,0.12,21.4,,,
"Sep 08, 2023 01:44:05 pm",demo,Left,"General Practice",68,50,55,74.1,15,85,6,78,78,-41,5.31,0.14,22.1,,,
"Sep 08, 2023 01:40:18 pm",demo,Left,"General Practice",56,52,56,76.5,15.5,73,12,88,70,-26,5.51,0.14,22.4,,,
"Sep 08, 2023 01:40:12 pm",demo,Left,"General Practice",65,56,67,78,19.8,82,6,88,74,-28,6.46,0.12,22.6,,,
"Sep 08, 2023 01:39:58 pm",demo,Left,"General Practice",58,54,57,74.8,15.8,74,16,88,72,-24,5.34,0.14,22.1,,,
"Sep 08, 2023 01:39:50 pm",demo,Left,"General Practice",61,61,63,75.3,18.3,78,10,87,78,-24,5.83,0.13,20.8,,,
"Sep 08, 2023 01:39:42 pm",demo,Left,"General Practice",58,64,69,76.1,20.6,75,14,87,81,-30,5.86,0.13,22.7,,,
"Sep 08, 2023 01:37:45 pm",demo,Left,"General Practice",51,50,66,79.4,19.3,68,23,93,69,-18,5.94,0.14,21.5,,,
"Sep 08, 2023 01:37:31 pm",demo,Left,"General Practice",53,53,73,75.2,22.2,69,15,81,77,-29,6.11,0.12,21.4,,,
"Sep 08, 2023 01:37:25 pm",demo,Left,"General Practice",64,50,59,76.7,16.5,81,10,80,75,-29,6.05,0.13,21.2,,,
"Sep 08, 2023 01:35:41 pm",demo,Left,"General Practice",64,56,61,73.2,17.3,80,10,86,76,-23,5.27,0.13,20.5,,,
"Sep 08, 2023 01:35:35 pm",demo,Left,"General Practice",61,63,67,72.2,19.8,78,8,93,79,-21,5.37,0.13,20,,,
"Sep 08, 2023 01:35:23 pm",demo,Left,"General Practice",68,57,68,73.4,20.4,85,11,85,78,-32,5.55,0.13,21.9,,,
"Sep 08, 2023 01:35:12 pm",demo,Left,"General Practice",69,55,55,78.7,15.1,86,10,83,78,-30,6.38,0.13,21.1,,,
"Sep 08, 2023 01:35:06 pm",demo,Left,"General Practice",60,50,59,71,16.6,77,17,83,73,-23,4.61,0.14,21.5,,,
"Sep 08, 2023 01:33:15 pm",demo,Left,"General Practice",59,63,66,75.6,19.3,76,14,88,79,-30,5.46,0.14,22,,,
"Sep 08, 2023 01:33:07 pm",demo,Left,"General Practice",51,52,65,77.7,19.2,68,18,83,74,-26,5.52,0.14,22.1,,,
"Sep 08, 2023 01:32:37 pm",demo,Left,"General Practice",62,49,61,69.1,17.5,78,13,78,76,-30,4.49,0.14,20.2,,,
"Sep 07, 2023 11:50:56 am",demo,Left,"General Practice",60,52,58,69.3,16.1,77,11,83,75,-22,4.64,0.14,20.6,,,
"Sep 07, 2023 11:50:49 am",demo,Left,"General Practice",71,52,57,70.9,15.7,87,0,80,78,-29,5.26,0.13,20.9,,,
"Sep 07, 2023 11:50:40 am",demo,Left,"General Practice",70,54,50,68,13.1,87,-2,82,77,-27,4.76,0.13,20,,,
"Sep 07, 2023 11:50:12 am",demo,Left,"General Practice",62,62,64,71.8,18.5,79,10,84,82,-26,4.86,0.14,21.7,,,
"Sep 07, 2023 11:46:58 am",demo,Left,"General Practice",62,49,58,80.2,16.2,79,16,87,67,-24,6.41,0.13,20.9,,,
"Sep 07, 2023 11:46:53 am",demo,Left,"General Practice",67,56,60,75,17.1,84,14,89,74,-29,5.71,0.13,21.1,,,
"Sep 07, 2023 11:46:21 am",demo,Left,"General Practice",69,64,67,70.3,19.8,86,6,89,80,-30,5.43,0.12,20.6,,,
"Sep 07, 2023 11:46:14 am",demo,Left,"General Practice",64,58,54,67.4,14.6,81,7,86,77,-19,4.53,0.13,19.1,,,
"Sep 07, 2023 11:46:10 am",demo,Left,"General Practice",67,59,63,72.9,18.3,84,5,87,77,-26,5.73,0.12,21.2,,,
"Sep 07, 2023 11:44:48 am",demo,Left,"General Practice",57,58,65,74.4,18.9,74,13,85,78,-26,5.44,0.13,21.9,,,
"Sep 07, 2023 11:44:33 am",demo,Left,"General Practice",61,64,57,71.3,15.6,78,11,87,81,-22,4.78,0.14,20.5,,,
"Sep 07, 2023 11:44:26 am",demo,Left,"General Practice",60,61,71,74.5,21.5,77,8,85,80,-29,5.9,0.12,21.6,,,
"Sep 07, 2023 11:42:28 am",demo,Left,"General Practice",56,48,61,72.7,17.3,73,12,92,66,-14,5.52,0.13,18.7,,,
"Sep 07, 2023 11:42:22 am",demo,Left,"General Practice",61,47,55,73.3,14.7,78,16,87,65,-21,5.2,0.14,20,,,
"Sep 07, 2023 11:42:13 am",demo,Left,"General Practice",54,52,68,75.3,20.3,71,19,91,71,-16,5.57,0.13,20,,,
"Sep 07, 2023 11:42:06 am",demo,Left,"General Practice",65,63,65,74.9,19.1,82,9,87,80,-27,5.87,0.13,20.9,,,
"Sep 07, 2023 11:42:01 am",demo,Left,"General Practice",62,53,63,73.6,18.2,78,13,85,74,-19,5.49,0.13,20.2,,,
"Sep 07, 2023 11:41:56 am",demo,Left,"General Practice",70,61,61,71.3,17.3,87,0,85,80,-34,5.58,0.12,20.1,,,
"Sep 07, 2023 11:40:25 am",demo,Left,"General Practice",68,53,56,72.9,15.2,85,6,82,76,-32,5.15,0.14,20.9,,,
"Sep 07, 2023 11:40:19 am",demo,Left,"General Practice",70,55,63,71.9,18.4,86,3,77,84,-41,5.32,0.13,22.3,,,
"Sep 07, 2023 11:40:04 am",demo,Left,"General Practice",66,62,53,72.1,14.2,82,5,83,83,-35,4.82,0.14,21.3,,,
"Sep 07, 2023 11:36:33 am",demo,Left,"General Practice",64,50,62,77.3,17.7,81,13,97,73,-25,6.35,0.12,21.8,,,
"Sep 07, 2023 11:36:27 am",demo,Left,"General Practice",49,32,55,70.1,14.9,66,18,68,59,-20,4.83,0.13,19.5,,,
"Sep 07, 2023 11:36:21 am",demo,Left,"General Practice",66,45,60,67.6,17,83,4,79,71,-20,4.85,0.12,19.7,,,
"Sep 07, 2023 11:36:14 am",demo,Left,"General Practice",70,56,46,72.2,11.2,87,3,85,76,-37,5.12,0.13,19.4,,,
"Sep 07, 2023 11:35:25 am",demo,Left,"General Practice",62,57,65,73,19.1,79,1,95,78,-25,6.06,0.12,20.6,,,
"Sep 07, 2023 11:35:18 am",demo,Left,"General Practice",56,54,65,73.5,19.1,72,13,88,72,-21,5.48,0.13,20.9,,,
"Sep 07, 2023 11:35:11 am",demo,Left,"General Practice",68,60,72,73.6,22,84,2,85,80,-34,5.85,0.12,21.6,,,
"Sep 07, 2023 11:34:52 am",demo,Left,"General Practice",68,62,66,72.8,19.6,85,1,85,80,-33,5.82,0.12,21,,,
"Sep 07, 2023 11:32:45 am",demo,Left,"General Practice",66,55,60,72.2,16.9,83,11,82,78,-35,5.28,0.13,21.6,,,
"Sep 07, 2023 11:32:33 am",demo,Left,"General Practice",70,48,63,72.6,18.4,87,6,74,78,-35,5.42,0.13,21.4,,,
"Sep 07, 2023 11:32:27 am",demo,Left,"General Practice",67,47,57,69.4,15.7,84,9,76,76,-28,4.67,0.14,20.9,,,
"Sep 07, 2023 11:32:23 am",demo,Left,"General Practice",66,49,57,71,16,82,9,75,80,-30,5.03,0.13,20.9,,,
"Sep 05, 2023 02:27:09 pm",demo,Left,"Pitching Machine",63,55,62,69.3,17.9,80,6,83,78,-27,4.8,0.13,21.1,,,
"Sep 05, 2023 02:27:03 pm",demo,Left,"Pitching Machine",58,69,63,70.7,18.4,75,10,90,82,-29,5.07,0.13,20.8,,,
"Sep 05, 2023 02:26:56 pm",demo,Left,"Pitching Machine",63,61,69,69.9,20.6,80,9,85,80,-27,5.27,0.12,20.1,,,
"Sep 05, 2023 02:26:51 pm",demo,Left,"Pitching Machine",69,47,54,68.1,14.5,86,10,79,73,-31,4.37,0.14,20,,,
"Sep 05, 2023 02:26:45 pm",demo,Left,"Pitching Machine",64,57,60,70.1,16.9,81,8,84,78,-28,4.83,0.13,21.4,,,
"Sep 05, 2023 02:26:40 pm",demo,Left,"Pitching Machine",61,54,65,72,19,78,13,81,78,-28,5.02,0.14,21.2,,,
"Sep 05, 2023 02:23:34 pm",demo,Left,"Pitching Machine",66,50,60,70.3,17.1,83,5,82,74,-27,5.09,0.13,20.3,,,
"Sep 05, 2023 02:23:29 pm",demo,Left,"Pitching Machine",59,56,66,72,19.6,76,11,85,76,-26,5.25,0.13,21.3,,,
"Sep 05, 2023 02:23:25 pm",demo,Left,"Pitching Machine",66,57,69,69.7,20.7,83,1,84,78,-29,5.33,0.12,21.7,,,
"Sep 05, 2023 02:23:17 pm",demo,Left,"Pitching Machine",68,55,63,71,18.3,84,4,81,80,-36,5.02,0.13,22.1,,,
"Sep 05, 2023 02:23:13 pm",demo,Left,"Pitching Machine",65,58,62,71.1,17.7,82,5,82,81,-34,5.21,0.13,21.9,,,
