﻿"©Blast Motion. All rights reserved."
"NOTE: Access to and use of this data is subject to the Blast Motion terms of use and end user license agreement, which can be found at https://blastmotion.com/terms-of-service/"
Email:,marnold7@live.maryville.edu
Academy:,"Maryville University Baseball"
Sport:,Baseball
"Report Date:","Sep 11, 2023 07:51:46 pm"
"Date Range:","Aug 28, 2023 - Sep 11, 2023"

Date,Equipment,Handedness,"Swing Details","Plane Score","Connection Score","Rotation Score","Bat Speed (mph)","Rotational Acceleration (g)","On Plane Efficiency (%)","Attack Angle (deg)","Early Connection (deg)","Connection at Impact (deg)","Vertical Bat Angle (deg)","Power (kW)","Time to Contact (sec)","Peak Hand Speed (mph)","Exit Velocity (mph)","Launch Angle (deg)","Estimated Distance (feet)"
"Sep 08, 2023 10:39:44 am",ALX,Right,"General Practice",34,55,46,68.6,11.4,50,15,93,74,-26,4,0.15,18.7,,,
"Sep 08, 2023 10:39:35 am",ALX,Right,"General Practice",37,57,43,66.1,9.8,54,16,95,77,-26,3.76,0.15,18.6,,,
"Sep 08, 2023 10:39:30 am",ALX,Right,"General Practice",35,55,44,70.1,10.3,51,15,95,76,-28,4.23,0.15,18.8,,,
"Sep 08, 2023 10:39:19 am",ALX,Right,"General Practice",28,47,47,68,11.8,44,20,100,72,-16,3.73,0.16,17.8,,,
"Sep 08, 2023 10:39:14 am",ALX,Right,"General Practice",37,53,50,67.5,12.8,53,13,98,77,-23,3.93,0.15,18.7,,,
"Sep 08, 2023 10:39:08 am",ALX,Right,"General Practice",29,48,42,69.2,9.8,46,17,105,78,-23,4.07,0.15,18.5,,,
"Sep 07, 2023 10:54:47 am",ALX,Right,"General Practice",34,51,46,69.3,11.2,50,20,99,76,-25,3.98,0.15,18.8,,,
"Sep 07, 2023 10:54:41 am",ALX,Right,"General Practice",34,49,45,68.6,10.9,50,21,99,73,-23,3.8,0.16,18.4,,,
"Sep 07, 2023 10:54:37 am",ALX,Right,"General Practice",43,59,45,67.8,10.7,60,5,89,77,-37,4.18,0.14,19.3,,,
"Sep 07, 2023 10:54:32 am",ALX,Right,"General Practice",30,50,44,70.3,10.4,47,21,100,75,-21,4.04,0.16,19.2,,,
"Sep 07, 2023 10:54:26 am",ALX,Right,"General Practice",29,57,50,67.8,12.9,45,15,100,82,-32,4.01,0.15,19.3,,,
"Sep 07, 2023 10:52:21 am",ALX,Right,"General Practice",39,59,46,67.5,11.1,56,12,93,77,-26,3.93,0.15,18.8,,,
"Sep 07, 2023 10:52:11 am",ALX,Right,"General Practice",29,53,42,71.1,9.8,45,21,96,75,-25,4.08,0.16,19.5,,,
"Sep 07, 2023 10:52:04 am",ALX,Right,"General Practice",31,61,45,66,10.9,48,9,97,82,-33,3.86,0.14,18.9,,,
"Sep 07, 2023 10:51:59 am",ALX,Right,"General Practice",29,55,38,64.9,7.8,45,14,98,78,-24,3.4,0.16,19.1,,,
"Sep 07, 2023 10:51:52 am",ALX,Right,"General Practice",35,55,44,66.1,10.3,52,8,102,83,-30,4.03,0.14,18.6,,,
"Sep 07, 2023 10:51:32 am",ALX,Right,"General Practice",42,56,49,67.8,12.4,59,12,95,76,-31,4.12,0.14,19.6,,,
"Sep 07, 2023 10:50:37 am",ALX,Right,"General Practice",37,55,43,70.5,9.9,54,17,95,75,-31,4.22,0.15,18.8,,,
"Sep 07, 2023 10:50:31 am",ALX,Right,"General Practice",47,61,44,71.8,10.6,64,6,90,78,-37,4.5,0.15,19.4,,,
"Sep 07, 2023 10:47:05 am",ALX,Right,"General Practice",34,55,39,67.5,8.5,51,14,93,73,-26,3.87,0.15,18.8,,,
"Sep 07, 2023 10:47:00 am",ALX,Right,"General Practice",31,51,46,67.3,11.3,47,22,99,75,-22,3.75,0.15,18.9,,,
"Sep 07, 2023 10:46:55 am",ALX,Right,"General Practice",34,51,43,65.4,9.9,50,18,101,78,-23,3.59,0.15,18.4,,,
"Sep 07, 2023 10:46:44 am",ALX,Right,"General Practice",31,48,42,69,9.5,48,22,105,79,-22,4.05,0.15,18.5,,,
"Sep 07, 2023 10:46:40 am",ALX,Right,"General Practice",41,56,45,63.1,10.8,57,5,98,79,-26,3.57,0.14,17.9,,,
"Sep 07, 2023 10:45:25 am",ALX,Right,"General Practice",37,56,47,69.9,11.7,54,17,93,75,-29,4.1,0.15,18.8,,,
"Sep 07, 2023 10:45:07 am",ALX,Right,"General Practice",38,56,47,67.5,11.8,54,12,95,77,-26,3.92,0.15,18.8,,,
"Sep 07, 2023 10:43:08 am",ALX,Right,"General Practice",44,57,48,64.2,12.1,60,13,101,83,-27,3.55,0.15,18.2,,,
"Sep 07, 2023 10:42:58 am",ALX,Right,"General Practice",31,53,46,70.9,11.4,48,20,100,79,-24,4.27,0.15,18.7,,,
"Sep 07, 2023 10:42:49 am",ALX,Right,"General Practice",35,56,47,69.1,11.7,51,17,98,79,-31,4.06,0.15,18.7,,,
"Sep 07, 2023 10:42:41 am",ALX,Right,"General Practice",39,58,47,69.6,11.5,56,17,96,78,-30,4.17,0.15,19.1,,,
"Sep 07, 2023 10:42:36 am",ALX,Right,"General Practice",43,59,44,67,10.2,59,13,95,78,-33,4.03,0.14,18.9,,,
"Sep 07, 2023 10:41:46 am",ALX,Right,"General Practice",45,62,43,71.3,10,62,12,92,78,-31,4.37,0.15,19.5,,,
"Sep 07, 2023 10:41:34 am",ALX,Right,"General Practice",48,57,48,67.4,12,65,11,89,74,-34,3.97,0.15,19.3,,,
"Sep 07, 2023 10:41:28 am",ALX,Right,"General Practice",55,49,45,42,10.7,71,-2,87,67,-23,1.42,0.16,16.1,,,
"Sep 07, 2023 10:41:21 am",ALX,Right,"General Practice",43,61,44,71.1,10.6,60,12,90,78,-35,4.3,0.15,19.7,,,
"Sep 07, 2023 10:41:16 am",ALX,Right,"General Practice",40,53,39,70.1,8.4,56,16,96,75,-25,4.06,0.15,18.9,,,
"Sep 07, 2023 10:39:12 am",ALX,Right,"General Practice",34,55,50,67.3,12.9,51,20,96,77,-27,3.7,0.16,18.7,,,
"Sep 07, 2023 10:39:06 am",ALX,Right,"General Practice",46,61,46,66.8,11.1,63,9,92,78,-31,3.95,0.14,18.9,,,
"Sep 07, 2023 10:38:57 am",ALX,Right,"General Practice",31,52,46,68.8,11.4,47,21,97,74,-20,3.82,0.16,18.8,,,
"Sep 07, 2023 10:38:52 am",ALX,Right,"General Practice",21,47,40,66.7,8.9,38,20,101,73,-14,3.5,0.16,18.1,,,
"Sep 07, 2023 10:38:48 am",ALX,Right,"General Practice",44,59,48,64.4,12.2,61,10,95,79,-27,3.68,0.14,18,,,
"Sep 07, 2023 10:38:44 am",ALX,Right,"General Practice",46,56,45,60.3,10.6,63,13,99,81,-26,3.26,0.14,17.9,,,
"Sep 07, 2023 10:37:24 am",ALX,Right,"General Practice",36,56,43,68,9.8,52,14,94,75,-29,3.77,0.16,18.9,,,
"Sep 07, 2023 10:37:18 am",ALX,Right,"General Practice",43,55,45,68.2,10.6,59,15,88,73,-30,3.9,0.15,19.3,,,
"Sep 07, 2023 10:37:12 am",ALX,Right,"General Practice",27,52,46,50.2,11.1,43,11,84,74,-37,1.91,0.17,19.5,,,
"Sep 07, 2023 10:37:00 am",ALX,Right,"General Practice",40,56,44,67.2,10.5,57,16,91,74,-30,3.6,0.16,19.1,,,
"Sep 07, 2023 10:36:56 am",ALX,Right,"General Practice",47,59,43,68,10.1,64,12,90,76,-32,3.93,0.15,18.7,,,
"Sep 07, 2023 10:30:58 am",ALX,Right,"General Practice",34,53,46,67.8,11.1,50,15,99,77,-21,3.81,0.15,18.8,,,
"Sep 07, 2023 10:30:53 am",ALX,Right,"General Practice",40,58,50,68.1,12.7,56,15,96,80,-27,3.99,0.15,18.9,,,
"Sep 07, 2023 10:30:49 am",ALX,Right,"General Practice",37,57,47,65.9,11.5,53,15,96,78,-31,3.79,0.15,19.3,,,
"Sep 07, 2023 10:28:33 am",ALX,Right,"General Practice",36,55,44,68.7,10.4,52,16,99,80,-25,3.9,0.15,19.1,,,
"Sep 07, 2023 10:28:24 am",ALX,Right,"General Practice",39,61,45,69.1,10.7,55,11,93,78,-32,4.01,0.15,19.5,,,
"Sep 07, 2023 10:28:20 am",ALX,Right,"General Practice",33,58,43,69.6,10,50,12,89,76,-38,4.06,0.15,19.8,,,
"Sep 07, 2023 10:28:15 am",ALX,Right,"General Practice",32,54,44,67.5,10.6,49,16,98,78,-30,3.82,0.15,18.9,,,
"Sep 07, 2023 10:28:10 am",ALX,Right,"General Practice",37,59,44,68.4,10.2,53,17,93,77,-34,3.98,0.15,19.9,,,
"Sep 07, 2023 10:28:06 am",ALX,Right,"General Practice",37,57,45,66.9,10.7,53,17,95,77,-29,3.66,0.16,19.7,,,
"Sep 07, 2023 10:28:02 am",ALX,Right,"General Practice",31,53,41,65.3,9,48,21,98,77,-21,3.31,0.16,18.6,,,
"Sep 07, 2023 10:24:46 am",ALX,Right,"General Practice",38,63,49,68.7,12.3,55,15,89,79,-34,4.01,0.15,19.8,,,
"Sep 07, 2023 10:24:40 am",ALX,Right,"General Practice",43,62,50,69.3,13.1,60,16,92,78,-36,4.13,0.15,19.6,,,
"Sep 07, 2023 10:24:34 am",ALX,Right,"General Practice",39,57,46,67.4,11.2,55,14,97,79,-34,3.86,0.15,19.9,,,
"Sep 07, 2023 10:24:28 am",ALX,Right,"General Practice",37,62,48,69.1,12.2,53,15,94,80,-35,4.06,0.15,20.3,,,
"Sep 07, 2023 10:24:22 am",ALX,Right,"General Practice",38,63,51,70,13.5,54,16,91,79,-36,4.01,0.16,20.1,,,
"Sep 07, 2023 10:24:16 am",ALX,Right,"General Practice",36,58,50,70.2,13.1,53,14,95,78,-32,4.3,0.15,20,,,
"Sep 06, 2023 04:33:00 pm",ALX,Right,"General Practice",44,58,47,68.2,11.8,61,10,95,78,-34,4.07,0.15,19.1,,,
"Sep 06, 2023 04:32:54 pm",ALX,Right,"General Practice",45,58,43,66.2,9.9,61,5,96,79,-35,3.83,0.15,18.8,,,
"Sep 06, 2023 04:32:48 pm",ALX,Right,"General Practice",47,62,46,67.4,11,63,10,96,82,-37,3.96,0.15,19.5,,,
"Sep 06, 2023 04:32:42 pm",ALX,Right,"Pitching Machine",40,58,45,66.1,10.7,57,17,93,76,-30,3.61,0.15,19.5,,,
"Sep 06, 2023 04:32:36 pm",ALX,Right,"Pitching Machine",37,53,47,69.8,11.8,53,19,98,77,-28,4.08,0.15,18.6,,,
"Sep 06, 2023 04:32:26 pm",ALX,Right,"Pitching Machine",35,65,41,62.1,9.3,52,2,94,82,-37,3.19,0.15,18.5,,,
"Sep 06, 2023 04:32:20 pm",ALX,Right,"Pitching Machine",36,55,40,60.3,8.8,53,5,99,79,-27,3.01,0.15,17.4,,,
"Sep 06, 2023 04:27:37 pm",ALX,Right,"Pitching Machine",45,59,46,67,11.4,62,9,97,80,-33,3.97,0.14,18.8,,,
"Sep 06, 2023 04:27:27 pm",ALX,Right,"Pitching Machine",47,60,47,65.2,11.7,63,3,92,77,-36,3.76,0.14,18.7,,,
"Sep 06, 2023 04:27:15 pm",ALX,Right,"Pitching Machine",38,57,45,65.3,11,55,12,98,80,-33,3.68,0.15,18.2,,,
"Sep 06, 2023 04:26:50 pm",ALX,Right,"Pitching Machine",41,60,43,64.8,10,57,9,95,80,-34,3.62,0.15,18.5,,,
"Sep 06, 2023 04:26:45 pm",ALX,Right,"Pitching Machine",44,58,40,65,8.7,60,7,97,80,-31,3.79,0.14,18.1,,,
"Sep 06, 2023 04:26:39 pm",ALX,Right,"Pitching Machine",33,55,44,68.3,10.5,49,15,97,78,-31,3.91,0.15,19.6,,,
"Sep 06, 2023 04:26:28 pm",ALX,Right,"Pitching Machine",38,56,49,64.7,12.3,55,10,98,79,-30,3.56,0.15,18.9,,,
"Sep 06, 2023 04:26:19 pm",ALX,Right,"Pitching Machine",45,59,47,41.1,11.8,61,6,95,79,-33,1.17,0.18,16.5,,,
"Sep 06, 2023 04:26:11 pm",ALX,Right,"Pitching Machine",45,63,45,66.2,11,62,7,96,83,-34,3.83,0.15,18.6,,,
"Sep 06, 2023 04:26:03 pm",ALX,Right,"Pitching Machine",53,63,48,62.8,12,70,-2,94,81,-37,3.81,0.13,18.6,,,
"Sep 06, 2023 04:25:57 pm",ALX,Right,"Pitching Machine",45,59,42,61,9.7,62,16,95,79,-29,2.97,0.16,18.3,,,
"Sep 06, 2023 04:20:57 pm",ALX,Right,"Pitching Machine",34,56,46,62.9,11.3,51,15,97,78,-28,3.28,0.15,18.8,,,
"Sep 06, 2023 04:20:49 pm",ALX,Right,"Pitching Machine",42,59,44,65.7,10.5,59,10,95,79,-33,3.82,0.14,18.2,,,
"Sep 06, 2023 04:20:41 pm",ALX,Right,"Pitching Machine",38,55,43,67,10.1,54,12,99,79,-30,3.87,0.15,19.3,,,
"Sep 06, 2023 04:20:35 pm",ALX,Right,"Pitching Machine",42,58,48,67.5,11.9,59,9,97,80,-35,3.98,0.15,19.2,,,
"Sep 06, 2023 04:20:30 pm",ALX,Right,"Pitching Machine",42,59,46,63.7,11.3,59,8,94,78,-35,3.6,0.14,18.6,,,
"Sep 06, 2023 04:20:24 pm",ALX,Right,"Pitching Machine",46,65,48,64.6,12.2,62,3,94,81,-39,3.91,0.14,19.1,,,
"Sep 06, 2023 04:20:19 pm",ALX,Right,"Pitching Machine",41,57,48,67.1,12.1,57,16,92,75,-32,3.83,0.15,18.8,,,
"Sep 06, 2023 04:12:31 pm",ALX,Right,"Pitching Machine",33,54,47,69,11.5,49,17,100,80,-32,3.99,0.15,19.5,,,
"Sep 06, 2023 04:12:20 pm",ALX,Right,"Pitching Machine",43,61,47,66.9,11.5,60,13,93,78,-35,3.91,0.15,19.4,,,
"Sep 06, 2023 04:12:14 pm",ALX,Right,"Pitching Machine",41,55,43,66.4,9.8,57,17,94,75,-29,3.61,0.16,18.8,,,
"Sep 06, 2023 04:12:09 pm",ALX,Right,"Pitching Machine",38,55,43,65.7,10,55,13,99,79,-32,3.67,0.15,18.2,,,
"Sep 06, 2023 04:12:02 pm",ALX,Right,"Pitching Machine",43,57,47,64.4,11.6,60,9,97,79,-31,3.73,0.14,18.4,,,
"Sep 06, 2023 04:11:57 pm",ALX,Right,"Pitching Machine",47,59,48,66.5,12.1,64,9,95,80,-34,3.97,0.14,18.7,,,
"Sep 06, 2023 04:11:50 pm",ALX,Right,"Pitching Machine",38,56,43,66.8,10,55,14,95,77,-31,3.79,0.15,18.6,,,
"Sep 06, 2023 04:11:45 pm",ALX,Right,"Pitching Machine",42,60,44,66.7,10.3,58,12,94,79,-33,3.83,0.15,18.6,,,
"Sep 06, 2023 04:08:04 pm",ALX,Right,"Pitching Machine",39,56,42,66.2,9.7,55,14,98,79,-31,3.67,0.15,18.6,,,
"Sep 06, 2023 04:07:57 pm",ALX,Right,"Pitching Machine",38,56,45,67.2,10.7,54,9,88,74,-37,4,0.14,18.6,,,
"Sep 06, 2023 04:07:51 pm",ALX,Right,"Pitching Machine",44,59,38,65.3,8,61,15,92,77,-34,3.53,0.15,18.6,,,
"Sep 06, 2023 04:07:23 pm",ALX,Right,"Pitching Machine",44,58,47,66.8,11.5,60,15,94,77,-31,3.79,0.15,19.1,,,
"Sep 06, 2023 04:07:18 pm",ALX,Right,"Pitching Machine",41,56,45,64,10.9,57,11,96,78,-29,3.48,0.15,18.7,,,
"Sep 06, 2023 04:07:12 pm",ALX,Right,"Pitching Machine",42,54,50,67.3,13,59,10,87,72,-32,4.01,0.14,18.5,,,
"Sep 06, 2023 04:07:07 pm",ALX,Right,"Pitching Machine",41,55,42,65.5,9.7,57,15,95,76,-30,3.65,0.15,18.6,,,
"Sep 06, 2023 03:55:08 pm",ALX,Right,"Pitching Machine",41,60,44,65.9,10.6,57,8,95,79,-34,3.85,0.14,18.6,,,
"Sep 06, 2023 03:55:03 pm",ALX,Right,"Pitching Machine",48,60,46,65.9,11.3,64,8,90,77,-37,3.9,0.14,19.2,,,
"Sep 06, 2023 03:54:57 pm",ALX,Right,"Pitching Machine",37,56,47,69.5,11.8,54,13,98,80,-31,4.21,0.15,19.2,,,
"Sep 06, 2023 03:54:52 pm",ALX,Right,"Pitching Machine",37,60,48,70.4,12.2,53,13,98,82,-36,4.27,0.15,19.7,,,
"Sep 06, 2023 03:54:45 pm",ALX,Right,"Pitching Machine",52,59,47,64.7,11.8,69,2,91,77,-36,3.99,0.13,19.2,,,
"Sep 06, 2023 03:54:39 pm",ALX,Right,"Pitching Machine",36,52,45,69.9,10.9,52,18,100,78,-27,4.16,0.15,18.8,,,
"Sep 06, 2023 03:54:34 pm",ALX,Right,"Pitching Machine",42,59,47,68.6,11.8,58,13,96,80,-33,4.17,0.14,19.1,,,
"Sep 06, 2023 03:52:59 pm",ALX,Right,"Pitching Machine",42,67,50,68.3,13,59,9,92,81,-38,4.13,0.14,19.5,,,
"Sep 06, 2023 03:52:53 pm",ALX,Right,"Pitching Machine",32,60,42,70,9.6,49,13,96,81,-35,4.1,0.15,18.5,,,
"Sep 06, 2023 03:52:47 pm",ALX,Right,"Pitching Machine",43,60,44,66.2,10.3,59,12,93,78,-34,3.78,0.15,18.5,,,
"Sep 06, 2023 03:52:42 pm",ALX,Right,"Pitching Machine",31,57,47,68.2,11.8,47,17,95,77,-31,3.8,0.16,18.4,,,
"Sep 06, 2023 03:52:36 pm",ALX,Right,"Pitching Machine",53,59,50,63.8,12.7,70,2,91,77,-33,3.82,0.14,18.6,,,
"Sep 06, 2023 03:52:30 pm",ALX,Right,"Pitching Machine",43,59,46,68.4,11.2,59,12,91,77,-35,3.97,0.15,19.2,,,
"Sep 06, 2023 03:52:17 pm",ALX,Right,"Pitching Machine",41,56,43,70.3,9.9,57,13,98,79,-31,4.5,0.14,18.7,,,
"Sep 06, 2023 03:48:56 pm",ALX,Right,"Pitching Machine",35,58,47,65,11.6,52,17,94,77,-30,3.46,0.16,19.4,,,
"Sep 06, 2023 03:48:36 pm",ALX,Right,"Pitching Machine",46,50,46,38.3,11.4,62,6,88,69,-28,1.14,0.16,17.3,,,
"Sep 06, 2023 03:48:29 pm",ALX,Right,"Pitching Machine",37,61,43,66.9,10.1,54,8,98,83,-35,3.86,0.15,18.6,,,
"Sep 06, 2023 03:48:23 pm",ALX,Right,"Pitching Machine",41,60,46,64.6,11.3,58,8,96,80,-32,3.75,0.14,19.2,,,
"Sep 06, 2023 03:48:17 pm",ALX,Right,"Pitching Machine",46,59,49,62.7,12.6,63,7,96,80,-31,3.53,0.14,18.7,,,
"Sep 06, 2023 03:48:11 pm",ALX,Right,"Pitching Machine",35,59,46,68.9,11.4,52,15,93,78,-32,4.04,0.15,19.7,,,
"Sep 06, 2023 03:48:06 pm",ALX,Right,"Pitching Machine",39,61,49,67.3,12.3,56,10,92,78,-32,4,0.14,19.5,,,
"Sep 06, 2023 03:48:01 pm",ALX,Right,"Pitching Machine",37,55,43,67.2,10,54,16,91,73,-30,3.79,0.15,19,,,
"Sep 06, 2023 03:46:49 pm",ALX,Right,"Pitching Machine",36,59,46,67.2,11.2,52,12,94,78,-34,3.74,0.15,19.3,,,
"Sep 06, 2023 03:46:43 pm",ALX,Right,"Pitching Machine",37,59,45,67.1,10.9,54,16,93,77,-33,3.73,0.15,19.6,,,
"Sep 06, 2023 03:46:38 pm",ALX,Right,"Pitching Machine",33,56,44,65.3,10.3,50,11,95,76,-32,3.62,0.15,19.2,,,
"Sep 06, 2023 03:46:32 pm",ALX,Right,"Pitching Machine",50,62,46,62.2,11.3,67,0,91,78,-33,3.47,0.14,18.5,,,
"Sep 06, 2023 03:46:15 pm",ALX,Right,"Pitching Machine",40,66,48,67.7,11.9,57,13,94,82,-36,3.89,0.15,19.8,,,
"Sep 06, 2023 03:46:02 pm",ALX,Right,"Pitching Machine",41,58,45,64.6,10.8,57,12,88,75,-32,3.45,0.15,18.6,,,
"Sep 06, 2023 03:45:56 pm",ALX,Right,"Pitching Machine",39,54,42,66.5,9.7,56,13,92,72,-28,3.52,0.16,17.8,,,
"Sep 05, 2023 10:02:04 pm",demo,Right,"Pitching Machine",45,59,43,61.8,9.9,62,3,98,82,-33,3.33,0.15,18.4,,,
"Sep 05, 2023 10:01:56 pm",demo,Right,"Pitching Machine",40,53,45,66.8,10.9,56,14,99,77,-29,3.65,0.16,18.6,,,
"Sep 05, 2023 10:01:46 pm",demo,Right,"Pitching Machine",46,57,46,64.1,11.3,63,6,99,82,-34,3.74,0.14,19.1,,,
"Sep 05, 2023 10:01:38 pm",demo,Right,"Pitching Machine",39,60,47,70.1,11.5,55,10,102,87,-37,4.29,0.15,19.9,,,
"Sep 05, 2023 10:01:29 pm",demo,Right,"Pitching Machine",43,61,48,66.1,12.1,60,7,97,83,-37,3.87,0.14,19.1,,,
"Sep 05, 2023 10:01:20 pm",demo,Right,"Pitching Machine",39,58,46,66.1,11.2,56,10,96,79,-33,3.71,0.15,19.2,,,
"Sep 05, 2023 10:01:11 pm",demo,Right,"Pitching Machine",40,56,49,68,12.5,57,14,99,80,-31,3.93,0.15,19.6,,,
"Sep 05, 2023 10:01:02 pm",demo,Right,"Pitching Machine",37,55,45,69,10.9,53,16,100,80,-30,4.1,0.15,19.4,,,
"Sep 05, 2023 10:00:53 pm",demo,Right,"Pitching Machine",38,53,50,69.8,12.7,54,15,100,79,-30,4.19,0.15,19.2,,,
"Sep 05, 2023 10:00:44 pm",demo,Right,"Pitching Machine",42,56,44,67.7,10.5,59,5,97,79,-31,4.12,0.14,18.6,,,
"Sep 05, 2023 10:00:35 pm",demo,Right,"Pitching Machine",50,63,41,54.5,9,66,-3,93,80,-32,2.59,0.15,16,,,
"Sep 05, 2023 09:58:45 pm",demo,Right,"Pitching Machine",36,61,48,62.9,12.2,53,11,98,83,-28,3.08,0.16,18.7,,,
"Sep 05, 2023 09:58:36 pm",demo,Right,"Pitching Machine",38,60,43,65.6,10.1,55,10,96,81,-32,3.57,0.15,18.5,,,
"Sep 05, 2023 09:58:28 pm",demo,Right,"Pitching Machine",41,56,47,65.3,11.9,58,9,96,77,-28,3.58,0.15,18.6,,,
"Sep 05, 2023 09:58:18 pm",demo,Right,"Pitching Machine",39,56,50,66.4,13.1,56,11,98,79,-29,3.75,0.15,19,,,
"Sep 05, 2023 09:58:10 pm",demo,Right,"Pitching Machine",42,60,48,67,11.9,59,11,101,85,-35,3.87,0.15,19.3,,,
"Sep 05, 2023 09:58:00 pm",demo,Right,"Pitching Machine",40,56,46,63.1,11.1,56,7,96,78,-32,3.47,0.15,18.6,,,
"Sep 05, 2023 09:57:51 pm",demo,Right,"Pitching Machine",42,58,50,67.4,12.8,58,9,99,82,-33,4.02,0.14,19.4,,,
"Sep 05, 2023 09:57:43 pm",demo,Right,"Pitching Machine",40,59,48,66,12,56,9,98,82,-34,3.75,0.15,19.1,,,
"Sep 05, 2023 09:57:34 pm",demo,Right,"Pitching Machine",43,55,46,64.4,11.1,60,9,97,78,-29,3.63,0.15,18.7,,,
"Sep 05, 2023 09:57:25 pm",demo,Right,"Pitching Machine",49,57,46,66.2,11,65,3,101,84,-34,4.05,0.14,19,,,
"Sep 05, 2023 09:53:32 pm",demo,Right,"Pitching Machine",33,57,47,70.4,11.7,49,20,94,76,-33,4.05,0.16,19.8,,,
"Sep 05, 2023 09:53:23 pm",demo,Right,"Pitching Machine",38,58,49,66.3,12.5,55,14,97,81,-30,3.64,0.15,19.3,,,
"Sep 05, 2023 09:53:15 pm",demo,Right,"Pitching Machine",37,59,46,67.5,11,53,11,95,79,-32,3.87,0.15,18.7,,,
"Sep 05, 2023 09:53:06 pm",demo,Right,"Pitching Machine",41,54,45,68.1,10.8,57,9,102,81,-31,3.95,0.15,19.1,,,
"Sep 05, 2023 09:52:56 pm",demo,Right,"Pitching Machine",54,61,44,60.7,10.2,71,-2,94,79,-34,3.31,0.14,18.9,,,
"Sep 05, 2023 09:52:48 pm",demo,Right,"Pitching Machine",36,59,45,68.7,10.9,52,15,97,81,-33,3.91,0.15,18.9,,,
"Sep 05, 2023 09:52:39 pm",demo,Right,"Pitching Machine",45,62,44,64.8,10.4,62,8,93,79,-32,3.67,0.15,18.8,,,
"Sep 05, 2023 09:52:30 pm",demo,Right,"Pitching Machine",39,58,45,68.6,11,55,13,94,77,-31,3.94,0.15,18.9,,,
"Sep 05, 2023 09:52:21 pm",demo,Right,"Pitching Machine",39,56,42,65,9.5,55,10,97,78,-29,3.49,0.15,18.6,,,
"Sep 05, 2023 09:52:12 pm",demo,Right,"Pitching Machine",45,54,44,65.7,10.4,62,5,100,80,-31,3.82,0.14,18.6,,,
"Sep 05, 2023 09:51:54 pm",demo,Right,"Pitching Machine",41,58,49,69.1,12.5,57,14,97,80,-31,4.06,0.15,19.2,,,
"Sep 05, 2023 09:51:45 pm",demo,Right,"Pitching Machine",43,60,48,65.7,12.2,59,10,96,81,-32,3.88,0.14,19.5,,,
"Sep 05, 2023 09:51:36 pm",demo,Right,"Pitching Machine",31,64,34,55.9,6.4,48,13,87,81,-34,2.24,0.18,16.6,,,
"Sep 05, 2023 09:49:37 pm",demo,Right,"Pitching Machine",36,61,45,67.8,10.8,53,13,98,83,-33,3.76,0.16,19.6,,,
"Sep 05, 2023 09:49:28 pm",demo,Right,"Pitching Machine",31,50,45,67.7,10.8,48,20,100,76,-25,3.7,0.16,19,,,
"Sep 05, 2023 09:49:19 pm",demo,Right,"Pitching Machine",35,54,48,67.3,11.9,51,16,99,78,-30,3.85,0.15,19.2,,,
"Sep 05, 2023 09:49:02 pm",demo,Right,"Pitching Machine",38,53,43,65.9,10.1,55,7,102,81,-30,3.79,0.15,18.3,,,
"Sep 05, 2023 09:48:52 pm",demo,Right,"Pitching Machine",46,57,49,65.7,12.4,63,11,97,79,-31,3.71,0.15,18.6,,,
"Sep 05, 2023 09:48:44 pm",demo,Right,"Pitching Machine",42,57,46,65.9,11.3,58,10,102,84,-31,3.79,0.15,19,,,
"Sep 05, 2023 09:46:35 pm",demo,Right,"Pitching Machine",41,60,47,67.6,11.8,58,9,98,83,-35,3.99,0.15,19.8,,,
"Sep 05, 2023 09:46:26 pm",demo,Right,"Pitching Machine",39,57,45,68.2,10.9,55,14,96,79,-32,3.85,0.15,19.1,,,
"Sep 05, 2023 09:46:17 pm",demo,Right,"Pitching Machine",43,60,46,62.2,11.1,60,3,97,81,-30,3.43,0.14,18.8,,,
"Sep 05, 2023 09:46:08 pm",demo,Right,"Pitching Machine",29,51,48,70.8,12,46,19,100,77,-25,4.1,0.16,19.8,,,
"Sep 05, 2023 09:45:59 pm",demo,Right,"Pitching Machine",31,51,50,70.3,13,47,15,102,78,-28,4.14,0.15,19.3,,,
"Sep 05, 2023 09:45:50 pm",demo,Right,"Pitching Machine",44,57,47,65.4,11.6,60,4,99,81,-32,3.84,0.14,18.7,,,
"Sep 05, 2023 09:45:41 pm",demo,Right,"Pitching Machine",40,59,48,65.7,12.2,56,9,103,88,-35,3.93,0.14,19.3,,,
"Sep 05, 2023 09:45:32 pm",demo,Right,"Pitching Machine",27,59,51,68.6,13.3,44,20,97,81,-28,3.94,0.15,19.8,,,
"Sep 05, 2023 09:43:17 pm",demo,Right,"Pitching Machine",44,62,48,64.7,12.1,61,11,96,82,-31,3.61,0.15,19.5,,,
"Sep 05, 2023 09:43:08 pm",demo,Right,"Pitching Machine",32,55,50,66.3,12.9,48,14,100,81,-28,3.74,0.15,19.3,,,
"Sep 05, 2023 09:42:59 pm",demo,Right,"Pitching Machine",40,57,45,65.3,10.9,56,7,102,84,-31,3.83,0.14,19.2,,,
"Sep 05, 2023 09:42:50 pm",demo,Right,"Pitching Machine",40,58,50,67.4,12.9,56,11,101,84,-33,3.96,0.15,19.6,,,
"Sep 05, 2023 09:42:41 pm",demo,Right,"Pitching Machine",47,60,41,65,9,63,5,96,81,-34,3.79,0.14,18.8,,,
"Sep 05, 2023 09:42:32 pm",demo,Right,"Pitching Machine",39,58,49,68.5,12.4,56,14,99,83,-31,3.94,0.15,19.7,,,
"Sep 05, 2023 09:42:23 pm",demo,Right,"Pitching Machine",41,66,49,65.2,12.5,57,13,94,83,-36,3.66,0.15,19.1,,,
"Sep 05, 2023 09:42:15 pm",demo,Right,"Pitching Machine",37,60,47,63.8,11.8,53,12,98,83,-27,3.51,0.15,18.6,,,
"Sep 05, 2023 09:42:05 pm",demo,Right,"Pitching Machine",26,55,52,66.9,13.8,42,18,97,77,-22,3.71,0.15,18.8,,,
"Sep 05, 2023 09:39:36 pm",demo,Right,"Pitching Machine",38,58,43,65.9,10.2,54,16,98,81,-27,3.5,0.16,19.3,,,
"Sep 05, 2023 09:39:19 pm",demo,Right,"Pitching Machine",37,58,48,65,12.1,54,13,96,78,-26,3.46,0.16,18.7,,,
"Sep 05, 2023 09:39:00 pm",demo,Right,"Pitching Machine",45,59,46,63.5,11.2,61,13,90,77,-30,3.34,0.15,18.7,,,
"Sep 05, 2023 09:38:51 pm",demo,Right,"Pitching Machine",39,57,45,66,10.8,56,12,92,75,-26,3.56,0.16,18.3,,,
"Sep 05, 2023 09:38:43 pm",demo,Right,"Pitching Machine",43,51,45,62.9,10.7,59,6,101,78,-27,3.4,0.15,16.9,,,
"Sep 05, 2023 09:38:33 pm",demo,Right,"Pitching Machine",56,51,40,57,8.8,73,-9,94,71,-25,2.95,0.14,16.8,,,
"Sep 05, 2023 02:30:54 pm",demo,Right,"General Practice",47,58,40,70,9,63,12,98,81,-32,4.16,0.15,19,,,
"Sep 05, 2023 02:30:49 pm",demo,Right,"General Practice",47,59,46,70.3,11,64,9,101,85,-32,4.37,0.14,18.7,,,
"Sep 05, 2023 02:30:43 pm",demo,Right,"General Practice",42,72,47,68.9,11.8,59,8,96,87,-40,4.26,0.14,20,,,
"Sep 05, 2023 02:30:38 pm",demo,Right,"General Practice",47,69,45,71.8,10.9,64,7,92,82,-34,4.63,0.14,19.1,,,
"Sep 05, 2023 02:30:33 pm",demo,Right,"General Practice",49,61,43,70.9,10,66,12,93,78,-29,4.45,0.14,18.1,,,
"Sep 05, 2023 02:27:54 pm",demo,Right,"General Practice",41,59,49,68.3,12.3,58,9,91,77,-35,4.02,0.15,19.8,,,
"Sep 05, 2023 02:27:47 pm",demo,Right,"Pitching Machine",43,53,46,69.2,11.1,60,14,87,72,-35,4.07,0.15,19.3,,,
"Sep 05, 2023 02:27:42 pm",demo,Right,"Pitching Machine",48,54,46,68,11.2,64,18,96,75,-26,3.93,0.15,18.7,,,
"Sep 05, 2023 02:27:42 pm",demo,Right,"General Practice",48,54,46,68,11.2,64,18,96,75,-26,3.93,0.15,18.7,,,
"Sep 05, 2023 02:27:37 pm",demo,Right,"Pitching Machine",45,60,49,66.6,12.5,62,9,95,80,-33,3.92,0.14,18.9,,,
"Sep 05, 2023 02:27:33 pm",demo,Right,"Pitching Machine",40,52,46,71.3,11.1,57,15,86,72,-30,4.26,0.15,19.7,,,
"Sep 05, 2023 02:27:28 pm",demo,Right,"Pitching Machine",43,58,45,71.9,11,60,15,92,76,-30,4.4,0.15,18.9,,,
"Sep 05, 2023 02:24:40 pm",demo,Right,"General Practice",38,58,45,66.8,10.8,54,16,90,75,-26,3.7,0.15,18.9,,,
"Sep 05, 2023 02:24:33 pm",demo,Right,"Pitching Machine",43,60,48,63.4,12,60,10,93,78,-28,3.46,0.15,18.5,,,
"Sep 05, 2023 02:24:28 pm",demo,Right,"Pitching Machine",49,58,51,68.6,13.2,65,10,88,76,-32,4,0.15,19.1,,,
"Sep 05, 2023 02:24:22 pm",demo,Right,"Pitching Machine",49,58,49,64.7,12.4,66,10,91,76,-26,3.7,0.14,18.8,,,
"Sep 05, 2023 02:24:17 pm",demo,Right,"Pitching Machine",39,54,43,64,10.2,56,14,93,73,-27,3.31,0.16,18.5,,,
"Sep 05, 2023 02:24:12 pm",demo,Right,"Pitching Machine",51,60,46,65.4,11.1,68,8,89,77,-35,3.74,0.15,18.9,,,
"Sep 05, 2023 02:24:07 pm",demo,Right,"Pitching Machine",48,63,46,64.9,11.1,65,14,90,79,-33,3.67,0.15,18.7,,,
