﻿"©Blast Motion. All rights reserved."
"NOTE: Access to and use of this data is subject to the Blast Motion terms of use and end user license agreement, which can be found at https://blastmotion.com/terms-of-service/"
Email:,mlong8@live.maryville.edu
Academy:,"Maryville University Baseball"
Sport:,Baseball
"Report Date:","Sep 11, 2023 07:51:46 pm"
"Date Range:","Aug 28, 2023 - Sep 11, 2023"

Date,Equipment,Handedness,"Swing Details","Plane Score","Connection Score","Rotation Score","Bat Speed (mph)","Rotational Acceleration (g)","On Plane Efficiency (%)","Attack Angle (deg)","Early Connection (deg)","Connection at Impact (deg)","Vertical Bat Angle (deg)","Power (kW)","Time to Contact (sec)","Peak Hand Speed (mph)","Exit Velocity (mph)","Launch Angle (deg)","Estimated Distance (feet)"
"Sep 11, 2023 03:00:02 pm",ALX,Right,"Pitching Machine",51,49,67,68.2,19.8,68,33,103,77,-26,4.06,0.15,18,,,
"Sep 11, 2023 02:59:55 pm",ALX,Right,"Pitching Machine",43,51,66,68.8,19.5,60,31,103,79,-25,4.19,0.14,18.3,,,
"Sep 11, 2023 02:59:40 pm",ALX,Right,"Pitching Machine",42,50,63,78.6,18.3,59,-3,106,81,-24,5.71,0.14,24.2,,,
"Sep 11, 2023 02:59:35 pm",ALX,Right,"Pitching Machine",39,52,63,77.5,18.1,55,1,103,81,-37,5.4,0.14,23.2,,,
"Sep 11, 2023 02:59:30 pm",ALX,Right,"Pitching Machine",43,47,59,79.1,16.6,59,4,114,86,-29,5.46,0.15,24,,,
"Sep 11, 2023 02:58:08 pm",ALX,Right,"Pitching Machine",42,48,75,76.9,23.1,58,-3,114,89,-42,5.47,0.14,22.4,,,
"Sep 11, 2023 02:57:56 pm",ALX,Right,"Pitching Machine",46,46,72,71.9,22.1,63,27,110,80,-44,4.84,0.14,19.5,,,
"Sep 11, 2023 02:57:46 pm",ALX,Right,"Pitching Machine",47,65,69,65.5,20.6,63,15,100,88,-53,4.35,0.13,19.1,,,
"Sep 11, 2023 02:57:40 pm",ALX,Right,"Pitching Machine",39,77,74,67.6,22.7,56,28,91,85,-41,4.63,0.13,19.1,,,
"Sep 11, 2023 02:54:58 pm",ALX,Right,"Pitching Machine",40,41,72,76.8,21.9,57,23,115,78,-21,5.09,0.15,23,,,
"Sep 11, 2023 02:54:51 pm",ALX,Right,"Pitching Machine",41,46,57,71.9,16,57,4,114,85,-30,4.85,0.14,20,,,
"Sep 11, 2023 02:54:45 pm",ALX,Right,"Pitching Machine",47,45,58,76.1,16,63,10,113,83,-33,5.28,0.14,21.3,,,
"Sep 11, 2023 02:54:39 pm",ALX,Right,"Pitching Machine",42,45,61,75.7,17.2,59,18,115,84,-29,4.94,0.15,22.7,,,
"Sep 11, 2023 02:54:34 pm",ALX,Right,"Pitching Machine",41,44,59,75.7,16.6,58,20,115,82,-26,5.07,0.14,22,,,
"Sep 11, 2023 02:54:24 pm",ALX,Right,"Pitching Machine",42,45,55,71.9,14.9,58,10,117,86,-30,4.99,0.13,20.2,,,
"Sep 11, 2023 02:51:50 pm",ALX,Right,"Pitching Machine",26,50,77,76.1,24.2,42,-5,111,87,-23,5.43,0.14,21.5,,,
"Sep 11, 2023 02:51:44 pm",ALX,Right,"Pitching Machine",41,50,58,71.1,16.1,57,-4,110,85,-19,4.6,0.14,21.3,,,
"Sep 11, 2023 02:51:37 pm",ALX,Right,"Pitching Machine",45,47,62,76,17.8,62,-8,113,85,-41,5.66,0.13,22.3,,,
"Sep 11, 2023 02:51:31 pm",ALX,Right,"Pitching Machine",49,43,62,71.6,17.8,66,-13,109,76,-40,5.11,0.13,21.9,,,
"Sep 11, 2023 02:51:25 pm",ALX,Right,"Pitching Machine",64,35,63,60,18.3,81,-27,113,68,-35,4.02,0.11,20.4,,,
"Sep 11, 2023 02:48:50 pm",ALX,Right,"Pitching Machine",45,48,65,75.3,19.2,62,17,112,85,-29,5.02,0.14,21.3,,,
"Sep 11, 2023 02:48:44 pm",ALX,Right,"Pitching Machine",44,50,65,71.3,19.2,61,7,110,86,-34,4.84,0.13,21.2,,,
"Sep 11, 2023 02:48:38 pm",ALX,Right,"Pitching Machine",38,49,73,76.9,22.2,54,15,113,88,-35,5.47,0.14,21.5,,,
"Sep 11, 2023 02:48:33 pm",ALX,Right,"Pitching Machine",44,47,68,77,20.2,61,20,108,80,-27,5.32,0.14,21.5,,,
"Sep 11, 2023 02:48:21 pm",ALX,Right,"Pitching Machine",43,49,61,73.9,17.3,59,13,109,84,-35,4.97,0.14,20.4,,,
"Sep 11, 2023 02:48:16 pm",ALX,Right,"Pitching Machine",42,52,63,70.5,18.2,59,2,110,88,-37,4.8,0.13,20.7,,,
"Sep 11, 2023 02:46:45 pm",ALX,Right,"General Practice",52,54,64,71,18.7,69,21,98,77,-33,4.34,0.15,21,,,
"Sep 11, 2023 02:46:44 pm",ALX,Right,"General Practice",53,49,75,72.7,23.1,69,22,103,78,-28,4.75,0.14,19.7,,,
"Sep 11, 2023 02:46:43 pm",ALX,Right,"General Practice",47,52,74,70,22.8,63,16,101,79,-31,4.4,0.14,19.3,,,
"Sep 11, 2023 02:46:42 pm",ALX,Right,"General Practice",54,50,63,69.3,18.2,70,25,97,73,-33,4.03,0.15,20.6,,,
"Sep 11, 2023 02:46:41 pm",ALX,Right,"General Practice",56,59,75,71.7,23.1,73,16,98,82,-36,4.67,0.14,20.4,,,
"Sep 11, 2023 02:46:40 pm",ALX,Right,"General Practice",49,51,63,72.5,18.1,66,18,105,81,-34,4.53,0.15,19.9,,,
"Sep 11, 2023 02:46:40 pm",ALX,Right,"General Practice",58,54,68,71.8,20.3,75,16,97,76,-37,4.38,0.15,20.4,,,
"Sep 11, 2023 02:46:39 pm",ALX,Right,"General Practice",59,56,68,73.4,20.4,76,15,97,78,-35,4.84,0.14,20.7,,,
"Sep 11, 2023 02:46:38 pm",ALX,Right,"General Practice",56,52,66,70.3,19.4,73,13,103,81,-32,4.5,0.14,19.8,,,
"Sep 11, 2023 02:46:37 pm",ALX,Right,"General Practice",57,55,65,71.5,19,74,18,98,79,-32,4.34,0.15,19.4,,,
"Sep 11, 2023 02:46:36 pm",ALX,Right,"General Practice",59,58,68,72.4,20.4,76,14,99,82,-36,4.57,0.15,20.4,,,
"Sep 11, 2023 02:46:35 pm",ALX,Right,"General Practice",42,47,58,70.2,16.4,59,15,109,81,-38,4.36,0.14,19.3,,,
"Sep 11, 2023 02:46:35 pm",ALX,Right,"General Practice",41,45,57,71.8,15.9,58,17,112,81,-37,4.45,0.15,20.9,,,
"Sep 11, 2023 02:46:34 pm",ALX,Right,"General Practice",46,44,56,73.2,15.4,63,16,111,79,-36,4.38,0.16,20.6,,,
"Sep 11, 2023 02:46:33 pm",ALX,Right,"General Practice",44,44,55,70.3,14.9,61,15,113,82,-36,4.15,0.15,19.3,,,
"Sep 11, 2023 02:46:32 pm",ALX,Right,"General Practice",45,46,61,73.6,17.4,61,16,115,85,-34,4.6,0.15,20.9,,,
"Sep 11, 2023 02:46:31 pm",ALX,Right,"General Practice",39,47,53,70.1,14.3,55,15,112,84,-40,4.01,0.16,19.2,,,
"Sep 11, 2023 02:45:27 pm",ALX,Right,"General Practice",56,58,71,72.3,21.5,72,21,93,76,-27,4.63,0.14,21,,,
"Sep 11, 2023 02:45:22 pm",ALX,Right,"General Practice",60,62,72,71.8,22.1,77,9,90,79,-36,4.62,0.14,20.7,,,
"Sep 11, 2023 02:45:11 pm",ALX,Right,"General Practice",56,56,73,72.3,22.4,72,14,98,79,-33,4.97,0.13,20.1,,,
"Sep 11, 2023 02:45:06 pm",ALX,Right,"General Practice",59,57,73,71.6,22.4,75,14,98,80,-31,4.88,0.13,19.7,,,
"Sep 11, 2023 02:45:01 pm",ALX,Right,"General Practice",60,55,63,68.8,18.3,77,14,95,76,-32,4.08,0.15,19,,,
"Sep 08, 2023 11:54:43 am",ALX,Right,"General Practice",41,48,70,75,21.1,58,41,102,75,-29,5.12,0.14,20.6,,,
"Sep 08, 2023 11:54:36 am",ALX,Right,"General Practice",64,80,68,58.5,20.3,81,5,92,91,-49,3.82,0.11,19.2,,,
"Sep 08, 2023 11:52:12 am",ALX,Right,"General Practice",38,44,67,75,20.1,54,2,119,87,-41,5.35,0.13,21.5,,,
"Sep 08, 2023 11:52:06 am",ALX,Right,"General Practice",30,41,66,75.7,19.5,47,22,120,84,-36,5.15,0.14,21.2,,,
"Sep 08, 2023 11:51:58 am",ALX,Right,"General Practice",44,57,73,76.5,22.4,60,23,99,82,-47,5.65,0.13,21.5,,,
"Sep 08, 2023 11:51:50 am",ALX,Right,"General Practice",40,48,69,74.9,20.7,57,47,89,66,-28,4.97,0.14,20.2,,,
"Sep 08, 2023 11:51:39 am",ALX,Right,"General Practice",47,46,71,73.2,21.4,63,47,87,63,-12,4.62,0.15,19,,,
"Sep 08, 2023 11:51:30 am",ALX,Right,"General Practice",48,62,74,67,22.6,65,26,101,92,-30,4.47,0.13,18.7,,,
"Sep 08, 2023 11:48:53 am",ALX,Right,"General Practice",51,64,68,66.8,20.3,68,31,86,81,-35,4.18,0.14,19.3,,,
"Sep 08, 2023 11:48:43 am",ALX,Right,"General Practice",49,80,62,65.9,17.8,66,22,93,88,-30,4.02,0.14,18.9,,,
"Sep 08, 2023 11:48:36 am",ALX,Right,"General Practice",43,54,70,72.5,21.2,60,18,107,87,-19,4.59,0.15,21.3,,,
"Sep 08, 2023 11:46:38 am",ALX,Right,"General Practice",34,43,71,77,21.5,51,26,116,83,-25,5.1,0.15,23.5,,,
"Sep 08, 2023 11:46:19 am",ALX,Right,"General Practice",42,47,71,80.3,21.6,59,18,114,86,-30,6.04,0.14,22.5,,,
"Sep 08, 2023 11:46:13 am",ALX,Right,"General Practice",40,48,69,71.3,20.9,57,14,112,85,-24,4.7,0.14,20.5,,,
"Sep 08, 2023 11:44:26 am",ALX,Right,"General Practice",44,51,62,71.9,17.7,61,10,107,83,-37,4.99,0.13,20.9,,,
"Sep 08, 2023 11:44:21 am",ALX,Right,"General Practice",44,52,58,73.1,16.2,61,21,101,78,-33,4.73,0.14,20.9,,,
"Sep 08, 2023 11:44:10 am",ALX,Right,"General Practice",44,39,54,62.8,14.4,61,2,126,87,-23,3.81,0.13,18.6,,,
"Sep 08, 2023 11:44:06 am",ALX,Right,"General Practice",39,42,56,66.2,15.4,56,9,118,83,-29,4.04,0.14,19.1,,,
"Sep 08, 2023 11:41:29 am",ALX,Right,"General Practice",42,55,65,73.2,18.9,59,20,107,87,-35,4.82,0.14,21.4,,,
"Sep 08, 2023 11:41:15 am",ALX,Right,"General Practice",44,51,72,75,21.8,61,11,109,86,-37,5.35,0.13,20.9,,,
"Sep 08, 2023 11:41:06 am",ALX,Right,"General Practice",47,54,67,75.4,19.9,63,11,106,86,-38,5.32,0.14,21.1,,,
"Sep 08, 2023 11:40:59 am",ALX,Right,"General Practice",39,46,70,75.9,21,55,24,114,85,-27,4.9,0.15,22.9,,,
"Sep 08, 2023 11:40:53 am",ALX,Right,"General Practice",46,53,69,69.4,20.5,62,10,107,86,-35,4.65,0.13,20.3,,,
"Sep 08, 2023 11:39:31 am",ALX,Right,"General Practice",49,53,59,71.8,16.8,66,14,109,88,-38,4.69,0.14,21,,,
"Sep 08, 2023 11:39:26 am",ALX,Right,"General Practice",39,49,61,70.6,17.5,56,15,113,89,-40,4.6,0.14,21.1,,,
"Sep 08, 2023 11:39:21 am",ALX,Right,"General Practice",38,49,69,71.1,20.6,55,16,113,89,-30,4.66,0.14,20.2,,,
"Sep 08, 2023 11:39:16 am",ALX,Right,"General Practice",47,59,59,69.9,16.4,63,13,104,89,-38,4.45,0.14,20.8,,,
"Sep 08, 2023 11:36:03 am",ALX,Right,"General Practice",59,74,71,70.1,21.4,76,1,96,87,-39,5.06,0.12,21,,,
"Sep 08, 2023 11:35:55 am",ALX,Right,"General Practice",59,71,72,73.7,22,76,18,93,83,-36,5.01,0.14,20.9,,,
"Sep 08, 2023 11:35:46 am",ALX,Right,"General Practice",54,59,69,74.6,20.7,70,22,96,80,-32,4.93,0.14,21.9,,,
"Sep 08, 2023 11:35:40 am",ALX,Right,"General Practice",52,64,80,72.8,25.9,68,13,98,85,-32,5.04,0.13,20.7,,,
"Sep 08, 2023 11:35:00 am",ALX,Right,"General Practice",62,62,58,69,16.2,79,1,95,81,-40,4.46,0.14,20.7,,,
"Sep 08, 2023 11:34:52 am",ALX,Right,"General Practice",55,51,71,73.3,21.6,72,11,109,86,-29,5.53,0.12,21.1,,,
"Sep 08, 2023 11:34:47 am",ALX,Right,"General Practice",60,59,73,75.1,22.5,77,14,100,83,-38,5.36,0.13,21.8,,,
"Sep 08, 2023 11:34:23 am",ALX,Right,"General Practice",63,60,56,68.6,15.5,80,15,85,79,-39,3.95,0.15,21.8,,,
"Sep 08, 2023 11:34:18 am",ALX,Right,"General Practice",64,62,70,71,21.3,81,9,97,83,-36,4.87,0.13,22.1,,,
"Sep 08, 2023 11:34:10 am",ALX,Right,"General Practice",58,59,75,70.3,23,75,20,100,83,-28,4.57,0.14,21.3,,,
"Sep 08, 2023 11:31:39 am",ALX,Right,"General Practice",60,46,71,71.6,21.3,76,27,105,75,-21,4.24,0.15,20.8,,,
"Sep 08, 2023 11:31:31 am",ALX,Right,"General Practice",63,52,75,64.1,23.4,80,1,105,83,-30,4.36,0.12,19.7,,,
"Sep 08, 2023 11:31:25 am",ALX,Right,"General Practice",56,51,74,71.7,22.9,72,17,110,88,-28,4.68,0.14,20.5,,,
"Sep 08, 2023 11:31:19 am",ALX,Right,"General Practice",55,80,64,69.5,18.5,72,17,94,90,-38,4.33,0.14,20.9,,,
"Sep 08, 2023 11:29:46 am",ALX,Right,"General Practice",65,62,73,70.5,22.2,81,12,95,81,-40,4.47,0.14,19.7,,,
"Sep 08, 2023 11:29:36 am",ALX,Right,"General Practice",63,57,78,72.8,24.6,80,20,97,79,-32,4.9,0.14,21,,,
"Sep 08, 2023 11:29:32 am",ALX,Right,"General Practice",56,59,78,70,24.2,72,14,99,83,-31,4.8,0.13,20.4,,,
"Sep 08, 2023 11:29:28 am",ALX,Right,"General Practice",55,72,61,65.6,17.5,72,9,96,87,-32,3.81,0.14,19.9,,,
"Sep 08, 2023 11:29:23 am",ALX,Right,"General Practice",63,67,70,73.7,21.2,80,14,90,82,-43,4.95,0.14,21,,,
"Sep 07, 2023 12:29:03 pm","demo bat",Right,"Pitching Machine",50,46,53,65.6,14.2,67,15,117,88,-33,3.86,0.14,19.7,,,
"Sep 07, 2023 12:28:53 pm","demo bat",Right,"Pitching Machine",46,41,63,70.6,18.2,63,12,124,92,-31,4.54,0.14,20.1,,,
"Sep 07, 2023 12:28:33 pm","demo bat",Right,"Pitching Machine",49,34,59,67.3,16.5,65,6,128,100,-36,4.37,0.13,19.7,,,
"Sep 07, 2023 12:28:24 pm","demo bat",Right,"Pitching Machine",52,46,62,66.7,17.9,69,19,114,86,-33,3.94,0.14,20.1,,,
"Sep 07, 2023 12:27:34 pm","demo bat",Right,"Pitching Machine",53,41,56,70,15.4,70,17,124,90,-30,4.59,0.14,19.9,,,
"Sep 07, 2023 12:27:28 pm","demo bat",Right,"Pitching Machine",50,47,48,61,12.2,66,14,116,88,-35,3.08,0.15,18.2,,,
"Sep 07, 2023 12:24:00 pm","demo bat",Right,"Pitching Machine",55,46,50,64.2,12.7,72,11,116,86,-32,3.64,0.14,18.8,,,
"Sep 07, 2023 12:23:42 pm","demo bat",Right,"Pitching Machine",62,45,48,63.7,12.1,78,5,116,95,-42,3.44,0.15,19,,,
"Sep 07, 2023 12:23:34 pm","demo bat",Right,"Pitching Machine",56,48,52,59.5,13.6,72,17,115,92,-37,2.72,0.17,19.1,,,
"Sep 07, 2023 12:23:26 pm","demo bat",Right,"Pitching Machine",58,43,59,67.4,16.7,75,8,120,93,-36,3.91,0.15,18.9,,,
"Sep 07, 2023 12:22:51 pm","demo bat",Right,"Pitching Machine",54,48,57,62.8,15.8,71,18,114,92,-36,3.19,0.16,19.4,,,
"Sep 07, 2023 12:22:25 pm","demo bat",Right,"Pitching Machine",66,55,51,62.2,13.5,83,2,107,89,-41,3.47,0.14,19.1,,,
"Sep 07, 2023 12:16:31 pm","demo bat",Right,"Pitching Machine",59,42,58,64.6,16.1,76,2,123,90,-32,4.15,0.13,20,,,
"Sep 07, 2023 12:16:25 pm","demo bat",Right,"Pitching Machine",56,48,52,66.4,13.8,73,15,115,89,-33,3.6,0.16,19.6,,,
"Sep 07, 2023 12:16:17 pm","demo bat",Right,"Pitching Machine",49,39,52,66.9,13.9,66,5,126,93,-37,4.07,0.14,19.6,,,
"Sep 07, 2023 12:12:22 pm","demo bat",Right,"Pitching Machine",54,40,52,67.2,13.8,71,5,125,91,-30,4.29,0.13,19,,,
"Sep 07, 2023 12:12:14 pm","demo bat",Right,"Pitching Machine",56,43,56,64.3,15.5,73,-1,121,90,-35,3.93,0.13,18.6,,,
"Sep 07, 2023 12:11:30 pm","demo bat",Right,"Pitching Machine",53,42,58,65.3,16,70,7,122,90,-37,3.67,0.15,18.4,,,
"Sep 07, 2023 12:10:54 pm","demo bat",Right,"Pitching Machine",53,39,51,66.4,13.3,70,-5,125,95,-40,4.32,0.13,19.5,,,
"Sep 07, 2023 12:10:48 pm","demo bat",Right,"Pitching Machine",60,47,37,51.9,7.6,77,-7,113,95,-36,2.18,0.16,14.5,,,
"Sep 07, 2023 11:54:53 am","demo bat",Right,"General Practice",45,37,68,66.5,20.1,61,10,128,95,-33,3.96,0.14,19.2,,,
"Sep 07, 2023 11:54:42 am","demo bat",Right,"General Practice",47,41,58,68.8,16.3,63,17,124,91,-34,4.02,0.15,19.4,,,
"Sep 07, 2023 11:53:44 am","demo bat",Right,"General Practice",63,42,74,65.4,22.8,80,2,123,93,-38,4.19,0.13,20.2,,,
"Sep 07, 2023 11:53:29 am","demo bat",Right,"General Practice",56,44,58,70.1,16.4,73,2,119,89,-40,4.74,0.13,19.8,,,
"Sep 07, 2023 11:53:10 am","demo bat",Right,"General Practice",35,36,64,68.7,18.6,51,15,130,95,-32,4.24,0.14,19.8,,,
"Sep 07, 2023 11:49:51 am","demo bat",Right,"General Practice",50,39,67,70.3,19.9,66,12,128,91,-26,4.64,0.14,19.5,,,
"Sep 07, 2023 11:49:46 am","demo bat",Right,"General Practice",46,39,67,69.7,19.7,63,15,127,89,-21,4.49,0.14,18.8,,,
"Sep 07, 2023 11:49:32 am","demo bat",Right,"General Practice",41,37,66,71.9,19.3,58,21,131,88,-20,4.85,0.14,19.7,,,
"Sep 07, 2023 11:47:56 am","demo bat",Right,"General Practice",45,45,69,74.3,20.6,62,19,118,88,-33,5.34,0.13,20.7,,,
"Sep 07, 2023 11:47:38 am","demo bat",Right,"General Practice",48,42,72,69.7,21.8,65,12,122,90,-28,4.43,0.14,19.9,,,
"Sep 07, 2023 11:47:33 am","demo bat",Right,"General Practice",46,43,76,73,23.8,63,17,121,90,-29,5.15,0.13,20.6,,,
"Sep 07, 2023 11:44:44 am","demo bat",Right,"General Practice",43,37,62,71.3,17.8,60,18,131,89,-20,4.51,0.14,19.2,,,
"Sep 07, 2023 11:44:40 am","demo bat",Right,"General Practice",56,41,65,71.4,19.2,73,11,123,93,-36,4.85,0.13,20.9,,,
"Sep 07, 2023 11:44:26 am","demo bat",Right,"General Practice",57,43,57,70.3,15.6,73,15,121,91,-29,4.32,0.15,19.6,,,
"Sep 07, 2023 11:44:17 am","demo bat",Right,"General Practice",56,41,65,70.6,19.3,73,9,121,96,-34,4.82,0.13,20.5,,,
"Sep 07, 2023 11:43:06 am","demo bat",Right,"General Practice",50,38,63,71.3,18.4,67,11,125,95,-34,4.91,0.13,20.3,,,
"Sep 07, 2023 11:43:00 am","demo bat",Right,"General Practice",52,46,55,71.9,15,69,17,117,89,-33,4.45,0.15,19.9,,,
"Sep 07, 2023 11:42:47 am","demo bat",Right,"General Practice",46,36,70,71.2,21.2,63,6,127,98,-34,4.97,0.13,20.3,,,
"Sep 07, 2023 11:42:42 am","demo bat",Right,"General Practice",56,50,68,68.9,20.5,73,9,113,87,-34,4.58,0.13,20.5,,,
"Sep 07, 2023 11:39:52 am","demo bat",Right,"General Practice",63,54,80,70.4,25.3,80,9,106,86,-31,4.79,0.13,19.8,,,
"Sep 07, 2023 11:39:43 am","demo bat",Right,"General Practice",65,46,75,68.7,23.2,81,9,113,84,-18,5.1,0.12,20.5,,,
"Sep 07, 2023 11:39:38 am","demo bat",Right,"General Practice",67,46,79,66.8,24.7,84,1,113,85,-21,4.74,0.12,20.1,,,
"Sep 07, 2023 11:39:20 am","demo bat",Right,"General Practice",60,47,73,71.7,22.3,77,14,115,90,-26,4.62,0.14,20.3,,,
"Sep 07, 2023 11:37:39 am","demo bat",Right,"General Practice",67,49,72,69.5,22.1,84,0,113,90,-30,4.89,0.13,20.6,,,
"Sep 07, 2023 11:37:21 am","demo bat",Right,"General Practice",67,54,79,69.6,25,84,10,104,84,-34,4.68,0.13,19.8,,,
"Sep 07, 2023 11:37:16 am","demo bat",Right,"General Practice",61,53,80,72.1,25.3,77,18,107,86,-25,4.74,0.14,20.7,,,
"Sep 07, 2023 11:35:20 am","demo bat",Right,"General Practice",62,40,73,71.6,22.4,79,20,122,84,-13,5.1,0.13,21.6,,,
"Sep 07, 2023 11:35:15 am","demo bat",Right,"General Practice",63,40,67,74.1,19.8,79,23,121,82,-17,5.47,0.13,21.6,,,
"Sep 07, 2023 11:35:03 am","demo bat",Right,"General Practice",54,40,71,71.3,21.6,70,16,125,90,-26,4.69,0.14,19.7,,,
"Sep 07, 2023 11:33:24 am","demo bat",Right,"General Practice",60,55,71,69.1,21.5,77,9,107,89,-38,4.69,0.13,20.2,,,
"Sep 07, 2023 11:30:23 am","demo bat",Right,"General Practice",58,48,64,70.3,18.6,75,19,115,89,-32,4.15,0.15,19.4,,,
"Sep 07, 2023 11:30:13 am","demo bat",Right,"General Practice",45,46,60,64.9,16.8,61,12,117,92,-30,3.58,0.15,18,,,
"Sep 07, 2023 11:30:08 am","demo bat",Right,"General Practice",58,50,68,71,20.3,75,18,111,87,-33,4.23,0.15,20,,,
"Sep 07, 2023 11:30:00 am","demo bat",Right,"General Practice",58,55,55,67.7,14.9,74,14,107,89,-38,3.84,0.15,19,,,
"Sep 07, 2023 11:29:55 am","demo bat",Right,"General Practice",58,51,64,66.1,18.5,74,9,111,91,-35,3.98,0.14,18.7,,,
"Sep 07, 2023 11:29:51 am","demo bat",Right,"General Practice",54,50,62,63.7,17.7,70,12,111,93,-36,3.49,0.15,18,,,
"Sep 07, 2023 11:29:43 am","demo bat",Right,"General Practice",55,52,63,69.8,18.3,72,18,110,89,-36,3.98,0.16,18.6,,,
"Sep 07, 2023 11:25:05 am","demo bat",Right,"General Practice",60,52,66,71.9,19.3,77,14,107,85,-36,4.4,0.15,20.2,,,
"Sep 07, 2023 11:24:59 am","demo bat",Right,"General Practice",60,53,62,68.7,17.9,77,13,108,89,-36,4.01,0.15,20,,,
"Sep 07, 2023 11:24:54 am","demo bat",Right,"General Practice",64,57,66,70.8,19.4,81,13,105,87,-40,4.31,0.15,20.1,,,
"Sep 07, 2023 11:24:49 am","demo bat",Right,"General Practice",58,62,60,65.5,17.1,75,19,101,88,-36,3.41,0.16,18.8,,,
"Sep 07, 2023 11:20:54 am","demo bat",Right,"General Practice",67,64,47,63.7,11.6,84,24,89,80,-30,3.15,0.16,17.3,,,
"Sep 07, 2023 11:20:49 am","demo bat",Right,"General Practice",61,65,48,63.6,12.2,77,25,92,80,-30,3.11,0.17,17.4,,,
"Sep 07, 2023 11:20:38 am","demo bat",Right,"General Practice",61,67,50,64.6,12.9,78,24,93,82,-28,3.25,0.16,17.3,,,
"Sep 07, 2023 11:20:29 am","demo bat",Right,"General Practice",58,63,56,63.6,15.4,75,21,90,79,-32,3.22,0.16,17.7,,,
"Sep 07, 2023 11:20:23 am","demo bat",Right,"General Practice",67,75,67,64.7,19.8,84,14,92,85,-37,3.71,0.14,19.3,,,
"Sep 07, 2023 11:20:16 am","demo bat",Right,"General Practice",70,74,67,65,20,87,12,88,84,-37,3.85,0.14,19.3,,,
"Sep 07, 2023 11:20:11 am","demo bat",Right,"General Practice",66,78,62,65.6,17.8,83,15,91,85,-38,3.76,0.15,19.4,,,
"Sep 07, 2023 11:20:06 am","demo bat",Right,"General Practice",68,80,62,65,18,85,13,93,87,-38,3.63,0.15,18.9,,,
"Sep 06, 2023 04:34:39 pm","demo bat",Right,"Pitching Machine",41,54,72,75.6,22.1,58,19,108,88,-34,4.99,0.15,22.5,,,
"Sep 06, 2023 04:34:26 pm","demo bat",Right,"Pitching Machine",39,48,64,72.4,18.8,56,6,112,95,-40,4.99,0.13,22,,,
"Sep 06, 2023 04:34:17 pm","demo bat",Right,"Pitching Machine",40,60,74,69.2,22.9,57,0,103,88,-39,5.01,0.12,22.2,,,
"Sep 06, 2023 04:29:17 pm","demo bat",Right,"Pitching Machine",44,51,62,69.8,17.8,60,5,105,82,-36,4.7,0.13,20,,,
"Sep 06, 2023 04:28:48 pm","demo bat",Right,"Pitching Machine",52,47,57,70.2,15.8,69,10,115,89,-33,4.62,0.14,20.7,,,
"Sep 06, 2023 04:28:40 pm","demo bat",Right,"Pitching Machine",38,50,67,70.9,20,55,13,112,92,-37,4.57,0.14,21.9,,,
"Sep 06, 2023 04:22:43 pm","demo bat",Right,"Pitching Machine",33,34,57,77.2,15.6,49,19,129,81,-20,5.35,0.14,21.7,,,
"Sep 06, 2023 04:22:37 pm","demo bat",Right,"Pitching Machine",45,39,61,73.6,17.3,61,12,122,82,-28,5.23,0.13,20.9,,,
"Sep 06, 2023 04:22:29 pm","demo bat",Right,"Pitching Machine",42,40,58,71.7,16.4,58,9,124,93,-34,4.89,0.13,20.6,,,
"Sep 06, 2023 04:22:20 pm","demo bat",Right,"Pitching Machine",46,45,60,72.4,17.1,63,16,118,91,-30,4.78,0.14,21.5,,,
"Sep 06, 2023 04:22:11 pm","demo bat",Right,"Pitching Machine",50,55,64,70.3,18.4,67,10,103,96,-41,4.63,0.14,22.7,,,
"Sep 06, 2023 04:16:03 pm","demo bat",Right,"Pitching Machine",55,48,80,75.8,25,72,14,104,77,-27,5.23,0.14,21.1,,,
"Sep 06, 2023 04:15:57 pm","demo bat",Right,"Pitching Machine",56,46,75,73.4,23,73,7,104,75,-24,5.63,0.12,21.1,,,
"Sep 06, 2023 04:15:48 pm","demo bat",Right,"Pitching Machine",59,46,72,73.2,21.9,75,12,109,79,-24,5.5,0.12,20.7,,,
"Sep 06, 2023 04:15:40 pm","demo bat",Right,"Pitching Machine",62,55,69,70.9,20.6,79,10,102,83,-30,4.86,0.13,21.6,,,
"Sep 06, 2023 04:15:23 pm","demo bat",Right,"Pitching Machine",58,61,70,74.8,21,75,18,98,83,-33,4.89,0.15,22.6,,,
"Sep 06, 2023 04:15:17 pm","demo bat",Right,"Pitching Machine",60,80,69,71.8,20.7,77,17,93,89,-34,4.69,0.14,22.5,,,
"Sep 06, 2023 04:15:10 pm","demo bat",Right,"Pitching Machine",62,80,68,67.4,20.2,79,13,88,87,-37,4.19,0.14,22.2,,,
"Sep 06, 2023 04:15:04 pm","demo bat",Right,"Pitching Machine",56,80,70,68.8,21.1,72,11,93,92,-42,4.44,0.14,22.3,,,
"Sep 06, 2023 04:14:59 pm","demo bat",Right,"Pitching Machine",52,68,65,70.2,19.1,69,17,98,92,-35,4.43,0.14,22.4,,,
"Sep 06, 2023 04:09:43 pm","demo bat",Right,"Pitching Machine",61,56,80,68,25.9,78,1,95,76,-31,4.82,0.12,20.8,,,
"Sep 06, 2023 04:09:37 pm","demo bat",Right,"Pitching Machine",58,58,79,73.1,24.9,74,16,95,78,-32,4.87,0.14,20.9,,,
"Sep 06, 2023 03:57:10 pm","demo bat",Right,"Pitching Machine",53,49,76,75,23.7,70,20,105,80,-19,5.19,0.14,21.1,,,
"Sep 06, 2023 03:57:01 pm","demo bat",Right,"Pitching Machine",55,59,77,76.2,23.9,72,15,101,84,-29,5.52,0.13,21.7,,,
"Sep 06, 2023 03:56:49 pm","demo bat",Right,"Pitching Machine",58,66,74,70.5,22.6,74,6,97,85,-37,4.87,0.13,21.3,,,
"Sep 06, 2023 03:56:41 pm","demo bat",Right,"Pitching Machine",59,60,65,70.3,19,76,8,99,84,-36,4.63,0.14,20.2,,,
"Sep 06, 2023 03:56:31 pm","demo bat",Right,"Pitching Machine",58,58,77,73.2,23.9,74,7,101,84,-37,5.17,0.13,20.8,,,
"Sep 06, 2023 03:56:26 pm","demo bat",Right,"Pitching Machine",53,58,79,75.2,25,70,10,97,80,-34,5.38,0.13,21.3,,,
"Sep 06, 2023 03:56:20 pm","demo bat",Right,"Pitching Machine",61,62,71,71.8,21.5,77,9,95,81,-32,4.91,0.13,21,,,
"Sep 06, 2023 03:56:15 pm","demo bat",Right,"Pitching Machine",55,63,70,70.1,21.3,72,5,98,85,-41,4.82,0.13,20.8,,,
"Sep 06, 2023 03:51:51 pm","demo bat",Right,"Pitching Machine",57,60,80,73.8,25.1,74,9,98,83,-29,5.35,0.13,21.1,,,
"Sep 06, 2023 03:51:43 pm","demo bat",Right,"Pitching Machine",64,58,74,66,22.9,81,-1,95,78,-30,4.48,0.12,21,,,
"Sep 06, 2023 03:51:37 pm","demo bat",Right,"Pitching Machine",55,59,78,75.6,24.5,72,13,99,83,-33,5.43,0.13,21.6,,,
"Sep 06, 2023 03:51:10 pm","demo bat",Right,"Pitching Machine",56,20,71,72.3,21.7,72,-31,57,38,19,4.9,0.14,19.4,,,
"Sep 06, 2023 03:49:43 pm","demo bat",Right,"Pitching Machine",59,60,62,71.7,17.9,76,10,101,86,-36,4.75,0.14,20.7,,,
"Sep 06, 2023 03:49:36 pm","demo bat",Right,"Pitching Machine",59,54,79,73.4,24.6,75,15,105,84,-28,5.05,0.14,21,,,
"Sep 06, 2023 03:49:30 pm","demo bat",Right,"Pitching Machine",60,56,76,70,23.6,77,-1,101,83,-36,5.03,0.12,21.6,,,
"Sep 06, 2023 03:49:25 pm","demo bat",Right,"Pitching Machine",54,59,78,71.1,24.6,71,3,104,87,-35,5.37,0.12,21,,,
"Sep 06, 2023 03:49:20 pm","demo bat",Right,"Pitching Machine",57,62,78,74.5,24.5,73,10,101,88,-34,5.44,0.13,21.5,,,
"Sep 06, 2023 03:45:26 pm","demo bat",Right,"Pitching Machine",60,60,80,73.7,26,77,11,99,83,-33,5.24,0.13,21.1,,,
"Sep 06, 2023 03:45:20 pm","demo bat",Right,"Pitching Machine",59,64,65,72.3,19.1,76,10,97,84,-34,4.89,0.14,20.9,,,
"Sep 06, 2023 03:45:14 pm","demo bat",Right,"Pitching Machine",58,61,65,71.7,19.1,75,16,97,82,-35,4.48,0.15,20.9,,,
"Sep 06, 2023 03:45:09 pm","demo bat",Right,"Pitching Machine",56,60,78,74.4,24.4,72,7,102,87,-38,5.35,0.13,21.1,,,
"Sep 06, 2023 03:43:56 pm","demo bat",Right,"Pitching Machine",60,60,61,71.2,17.2,77,2,101,86,-36,4.96,0.13,20.7,,,
"Sep 06, 2023 03:43:50 pm","demo bat",Right,"Pitching Machine",61,60,69,71.3,20.7,78,2,99,84,-36,5.06,0.13,21,,,
"Sep 06, 2023 03:43:44 pm","demo bat",Right,"Pitching Machine",62,63,69,71.5,20.5,79,2,96,83,-38,5.02,0.13,21.4,,,
"Sep 06, 2023 03:43:38 pm","demo bat",Right,"Pitching Machine",50,55,78,72.8,24.4,67,22,101,82,-26,4.97,0.14,21.3,,,
"Sep 06, 2023 03:43:33 pm","demo bat",Right,"Pitching Machine",60,60,65,67.2,19.1,77,-3,102,87,-37,4.56,0.13,20.2,,,
"Sep 05, 2023 02:18:55 pm","demo bat",Right,"Pitching Machine",54,36,73,70.2,22.3,71,-4,77,57,-20,4.84,0.13,18.2,,,
"Sep 05, 2023 02:18:50 pm","demo bat",Right,"Pitching Machine",47,44,68,70.3,20.3,64,8,97,64,-19,5.16,0.12,18.5,,,
"Sep 05, 2023 02:16:20 pm","demo bat",Right,"Pitching Machine",56,58,80,70.2,26.4,73,9,102,85,-33,5.06,0.12,20.5,,,
"Sep 05, 2023 02:16:06 pm","demo bat",Right,"Pitching Machine",55,59,75,75.9,23.3,71,13,102,86,-38,5.4,0.14,21.8,,,
"Sep 05, 2023 02:16:01 pm","demo bat",Right,"Pitching Machine",52,65,80,74,26.1,69,5,100,89,-43,5.37,0.13,21.3,,,
"Sep 05, 2023 02:13:58 pm","demo bat",Right,"Pitching Machine",56,50,78,77.2,24.5,73,18,102,78,-30,5.35,0.14,21.8,,,
"Sep 05, 2023 02:13:49 pm","demo bat",Right,"Pitching Machine",60,55,69,72.6,20.8,76,3,103,84,-35,5.17,0.13,21,,,
"Sep 05, 2023 02:13:45 pm","demo bat",Right,"Pitching Machine",55,54,76,76.7,23.6,72,16,103,83,-33,5.36,0.14,22.9,,,
"Sep 05, 2023 02:13:36 pm","demo bat",Right,"Pitching Machine",60,63,72,68,21.8,77,4,101,91,-37,4.47,0.13,21,,,
