﻿"©Blast Motion. All rights reserved."
"NOTE: Access to and use of this data is subject to the Blast Motion terms of use and end user license agreement, which can be found at https://blastmotion.com/terms-of-service/"
Email:,mgould3@live.maryville.edu
Academy:,"Maryville University Baseball"
Sport:,Baseball
"Report Date:","Sep 11, 2023 07:51:47 pm"
"Date Range:","Aug 28, 2023 - Sep 11, 2023"

Date,Equipment,Handedness,"Swing Details","Plane Score","Connection Score","Rotation Score","Bat Speed (mph)","Rotational Acceleration (g)","On Plane Efficiency (%)","Attack Angle (deg)","Early Connection (deg)","Connection at Impact (deg)","Vertical Bat Angle (deg)","Power (kW)","Time to Contact (sec)","Peak Hand Speed (mph)","Exit Velocity (mph)","Launch Angle (deg)","Estimated Distance (feet)"
"Sep 11, 2023 11:03:15 am",alx,Right,"Pitching Machine",48,48,55,68.2,14.8,65,13,112,95,-28,4.43,0.13,22.4,,,
"Sep 11, 2023 11:03:07 am",alx,Right,"Pitching Machine",54,68,54,62.8,14.3,71,16,98,91,-34,3.35,0.15,22,,,
"Sep 11, 2023 11:02:57 am",alx,Right,"Pitching Machine",47,46,56,70.4,15.3,64,17,112,82,-23,4.45,0.14,21.4,,,
"Sep 11, 2023 11:02:49 am",alx,Right,"Pitching Machine",47,44,49,66.3,12.3,64,14,120,92,-25,3.89,0.14,20.8,,,
"Sep 11, 2023 11:01:45 am",alx,Right,"Pitching Machine",52,49,61,66.1,17.5,69,16,110,96,-27,3.92,0.14,22.2,,,
"Sep 11, 2023 11:01:12 am",alx,Right,"Pitching Machine",52,47,60,63.8,17.1,69,12,114,94,-31,3.7,0.14,20.5,,,
"Sep 11, 2023 10:59:32 am",alx,Right,"Pitching Machine",52,38,59,65.6,16.6,69,1,115,105,-38,4.22,0.13,22.6,,,
"Sep 11, 2023 10:57:14 am",alx,Right,"Pitching Machine",46,49,55,63.2,14.8,63,11,107,98,-38,3.69,0.14,22,,,
"Sep 11, 2023 10:57:06 am",alx,Right,"Pitching Machine",51,63,60,62.4,17,67,23,101,90,-22,3.06,0.16,22.1,,,
"Sep 11, 2023 10:56:58 am",alx,Right,"Pitching Machine",53,51,67,60.5,20,69,5,110,94,-32,3.64,0.13,21.5,,,
"Sep 11, 2023 10:56:50 am",alx,Right,"Pitching Machine",43,47,63,71.8,18.1,60,19,107,79,-19,4.63,0.14,21.2,,,
"Sep 11, 2023 10:56:44 am",alx,Right,"Pitching Machine",47,45,53,72.8,14.2,64,16,118,89,-27,4.82,0.14,22.8,,,
"Sep 11, 2023 10:56:35 am",alx,Right,"Pitching Machine",43,43,64,65.7,18.8,60,11,113,100,-33,4.29,0.13,22,,,
"Sep 11, 2023 10:55:23 am",alx,Right,"Pitching Machine",54,50,63,64.5,18.3,70,12,112,90,-33,3.96,0.13,21.4,,,
"Sep 11, 2023 10:55:13 am",alx,Right,"Pitching Machine",46,44,64,72.2,18.7,63,18,119,91,-22,4.82,0.14,22,,,
"Sep 11, 2023 10:55:04 am",alx,Right,"Pitching Machine",45,45,67,70.7,20,61,11,116,94,-27,4.76,0.13,21.9,,,
"Sep 11, 2023 10:54:58 am",alx,Right,"Pitching Machine",52,49,58,67.6,16,68,8,113,89,-31,4.41,0.13,21.9,,,
"Sep 11, 2023 10:54:48 am",alx,Right,"Pitching Machine",51,48,52,65.6,13.5,68,8,114,92,-30,3.98,0.14,20.8,,,
"Sep 11, 2023 10:53:32 am",alx,Right,"Pitching Machine",47,48,62,68.6,17.8,64,11,110,97,-29,4.41,0.14,22.4,,,
"Sep 11, 2023 10:53:25 am",alx,Right,"Pitching Machine",49,48,67,66.4,19.9,66,12,109,98,-31,4.01,0.14,22.9,,,
"Sep 11, 2023 10:53:11 am",alx,Right,"Pitching Machine",43,40,58,72.1,16.3,60,16,122,96,-24,4.81,0.14,22.1,,,
"Sep 11, 2023 10:53:05 am",alx,Right,"Pitching Machine",54,52,56,66,15.2,70,3,110,91,-32,4.34,0.13,21.6,,,
"Sep 11, 2023 10:52:06 am",alx,Right,"Pitching Machine",47,49,70,70.8,21.3,63,14,112,94,-23,4.69,0.14,22.8,,,
"Sep 11, 2023 10:52:00 am",alx,Right,"Pitching Machine",50,60,63,65.9,18.4,67,11,103,91,-29,4.02,0.14,21.9,,,
"Sep 11, 2023 10:51:54 am",alx,Right,"Pitching Machine",50,53,57,66,15.7,66,12,109,93,-32,3.97,0.14,21.6,,,
"Sep 11, 2023 10:51:48 am",alx,Right,"Pitching Machine",39,41,55,69.3,14.8,55,14,119,98,-26,4.25,0.14,21.8,,,
"Sep 11, 2023 10:51:41 am",alx,Right,"Pitching Machine",46,40,65,67.8,19.1,63,11,117,101,-29,4.38,0.13,22.5,,,
"Sep 11, 2023 10:51:36 am",alx,Right,"Pitching Machine",49,44,51,66.2,13.4,66,5,115,96,-33,4.17,0.13,21.5,,,
"Sep 11, 2023 10:50:14 am",alx,Right,"Pitching Machine",47,49,62,68.6,17.7,64,15,113,88,-23,4.16,0.14,22.2,,,
"Sep 11, 2023 10:50:08 am",alx,Right,"Pitching Machine",56,57,64,67.8,18.7,72,9,105,92,-32,4.51,0.13,22.4,,,
"Sep 11, 2023 10:50:01 am",alx,Right,"Pitching Machine",56,50,54,63.9,14.4,73,8,110,94,-31,3.67,0.14,21.4,,,
"Sep 11, 2023 10:49:55 am",alx,Right,"Pitching Machine",48,45,61,68.3,17.2,64,15,115,96,-29,4.25,0.14,22.5,,,
"Sep 11, 2023 10:49:48 am",alx,Right,"Pitching Machine",58,53,57,67,15.8,75,7,109,93,-34,4.21,0.14,21.6,,,
"Sep 11, 2023 10:49:43 am",alx,Right,"Pitching Machine",53,47,55,65.7,15.1,70,13,110,99,-32,3.82,0.14,22.5,,,
"Sep 08, 2023 10:47:34 am","The Goods",Right,"General Practice",54,43,67,60.6,20,71,7,105,108,-39,3.66,0.13,22.8,,,
"Sep 08, 2023 10:47:16 am","The Goods",Right,"General Practice",48,49,61,64,17.3,64,12,102,103,-28,3.68,0.14,22.2,,,
"Sep 08, 2023 10:47:11 am","The Goods",Right,"General Practice",48,53,56,59.2,15.2,65,9,100,101,-39,3.1,0.14,21.4,,,
"Sep 08, 2023 10:46:56 am","The Goods",Right,"General Practice",42,48,63,61.6,18.1,59,11,103,104,-33,3.61,0.13,22.5,,,
"Sep 08, 2023 10:45:45 am","The Goods",Right,"General Practice",45,42,80,66.1,26.3,61,17,108,107,-34,4.1,0.14,24.2,,,
"Sep 08, 2023 10:45:37 am","The Goods",Right,"General Practice",51,44,80,63,26.1,68,12,103,109,-38,3.83,0.13,24.2,,,
"Sep 08, 2023 10:45:29 am","The Goods",Right,"General Practice",50,46,78,65.3,24.4,66,15,103,106,-36,3.99,0.14,23.9,,,
"Sep 08, 2023 10:45:22 am","The Goods",Right,"General Practice",50,49,71,64.7,21.6,67,16,103,103,-34,3.86,0.14,23.6,,,
"Sep 08, 2023 10:45:15 am","The Goods",Right,"General Practice",45,49,71,67.2,21.6,62,21,107,98,-25,4.11,0.14,23.9,,,
"Sep 08, 2023 10:43:21 am","The Goods",Right,"General Practice",51,46,64,64.5,18.7,67,18,108,102,-33,3.9,0.14,22.8,,,
"Sep 08, 2023 10:43:16 am","The Goods",Right,"General Practice",56,50,65,64.6,18.9,73,13,103,102,-37,3.85,0.14,23,,,
"Sep 08, 2023 10:43:10 am","The Goods",Right,"General Practice",54,50,64,63.3,18.8,71,6,100,104,-34,3.93,0.13,22.1,,,
"Sep 08, 2023 10:43:04 am","The Goods",Right,"General Practice",55,53,53,60.7,14.2,72,6,100,102,-36,3.22,0.15,20.9,,,
"Sep 08, 2023 10:42:59 am","The Goods",Right,"General Practice",56,53,53,61.1,13.9,73,9,100,102,-33,3.22,0.15,20.8,,,
"Sep 08, 2023 10:42:55 am","The Goods",Right,"General Practice",50,48,68,65.3,20.1,66,8,104,103,-34,4.18,0.13,22.9,,,
"Sep 08, 2023 10:39:29 am","The Goods",Right,"General Practice",43,41,80,66.4,25.1,60,17,112,104,-28,3.95,0.14,23.8,,,
"Sep 08, 2023 10:39:18 am","The Goods",Right,"General Practice",48,59,65,62.8,19,64,18,101,95,-35,3.45,0.15,24,,,
"Sep 08, 2023 10:39:11 am","The Goods",Right,"General Practice",48,47,80,66.3,26.7,65,13,104,104,-38,4.24,0.13,24.4,,,
"Sep 08, 2023 10:39:02 am","The Goods",Right,"General Practice",51,57,66,61.5,19.7,68,19,104,93,-30,3.26,0.15,23.9,,,
"Sep 08, 2023 10:38:55 am","The Goods",Right,"General Practice",41,54,66,61.4,19.5,57,22,108,92,-23,3.16,0.15,23.2,,,
"Sep 08, 2023 10:38:48 am","The Goods",Right,"General Practice",40,49,59,67.6,16.5,56,22,111,95,-21,4.05,0.14,22.6,,,
"Sep 08, 2023 10:38:42 am","The Goods",Right,"General Practice",47,53,67,67.1,19.8,64,16,103,98,-27,4.16,0.14,22.5,,,
"Sep 08, 2023 10:37:48 am","The Goods",Right,"General Practice",53,50,63,63.7,18,69,19,105,100,-28,3.8,0.14,22.6,,,
"Sep 08, 2023 10:37:42 am","The Goods",Right,"General Practice",57,39,74,66.8,22.7,73,6,111,109,-40,4.51,0.13,23.6,,,
"Sep 08, 2023 10:37:37 am","The Goods",Right,"General Practice",59,48,65,66.7,19,76,11,105,102,-37,4.17,0.14,22.8,,,
"Sep 08, 2023 10:37:27 am","The Goods",Right,"General Practice",51,45,62,66.9,18,68,10,108,102,-34,4.46,0.13,22.9,,,
"Sep 08, 2023 10:37:22 am","The Goods",Right,"General Practice",57,42,65,61.4,19.3,74,11,110,106,-37,3.64,0.13,22.2,,,
"Sep 08, 2023 10:37:17 am","The Goods",Right,"General Practice",45,47,60,67.5,17.2,62,14,108,99,-31,4.34,0.13,22.8,,,
"Sep 08, 2023 10:32:01 am",demo,Right,"General Practice",38,46,59,68.8,16.7,55,18,112,97,-26,4.19,0.14,22.9,,,
"Sep 08, 2023 10:31:54 am",demo,Right,"General Practice",49,49,63,66.8,18.2,65,21,110,96,-23,3.95,0.14,23.2,,,
"Sep 08, 2023 10:31:46 am",demo,Right,"General Practice",43,50,65,68.6,19.2,60,20,112,93,-21,4.23,0.14,23.1,,,
"Sep 08, 2023 10:31:40 am",demo,Right,"General Practice",48,49,59,68.3,16.7,65,18,109,96,-26,4.19,0.14,23,,,
"Sep 08, 2023 10:31:34 am",demo,Right,"General Practice",56,59,69,60.4,20.7,73,16,99,97,-32,3.14,0.15,20.5,,,
"Sep 08, 2023 10:30:56 am",demo,Right,"General Practice",58,49,55,66.4,15.1,75,12,107,99,-37,4.02,0.14,21.7,,,
"Sep 08, 2023 10:30:51 am",demo,Right,"General Practice",50,53,61,66.4,17.3,67,15,104,97,-30,3.95,0.14,22.2,,,
"Sep 08, 2023 10:30:37 am",demo,Right,"General Practice",49,46,68,66.1,20.2,66,16,108,101,-30,4.15,0.13,23.1,,,
"Sep 08, 2023 10:30:28 am",demo,Right,"General Practice",50,51,59,67.3,16.6,67,15,107,97,-36,4.19,0.14,22.4,,,
"Sep 08, 2023 10:30:23 am",demo,Right,"General Practice",57,42,60,49,17.1,74,-2,110,106,-38,2.39,0.13,19.9,,,
"Sep 08, 2023 10:27:21 am",demo,Right,"General Practice",45,38,64,66.8,18.7,62,16,119,103,-30,3.94,0.14,23.5,,,
"Sep 08, 2023 10:27:16 am",demo,Right,"General Practice",40,38,60,68.2,17.1,56,13,118,103,-28,4.29,0.14,22.4,,,
"Sep 08, 2023 10:27:02 am",demo,Right,"General Practice",47,53,62,64.1,18,63,21,107,94,-28,3.54,0.15,23.3,,,
"Sep 08, 2023 10:26:56 am",demo,Right,"General Practice",50,46,59,65.8,16.5,67,18,111,98,-30,3.83,0.14,22.4,,,
"Sep 08, 2023 10:26:50 am",demo,Right,"General Practice",51,60,55,60.9,15,67,19,102,93,-31,2.99,0.16,23.5,,,
"Sep 08, 2023 10:25:33 am",demo,Right,"General Practice",62,50,60,59.6,17,79,10,107,97,-28,3.48,0.13,20.7,,,
"Sep 08, 2023 10:25:23 am",demo,Right,"General Practice",53,56,51,61,13.1,69,10,101,97,-32,3.16,0.15,20.5,,,
"Sep 08, 2023 10:25:18 am",demo,Right,"General Practice",51,45,60,65.9,16.9,68,15,109,101,-31,3.95,0.14,23.7,,,
"Sep 08, 2023 10:25:13 am",demo,Right,"General Practice",56,42,61,60.8,17.6,73,7,108,107,-34,3.74,0.13,22.2,,,
"Sep 08, 2023 10:25:08 am",demo,Right,"General Practice",51,52,56,62.6,15.5,68,12,103,99,-39,3.42,0.15,21.3,,,
"Sep 08, 2023 10:25:03 am",demo,Right,"General Practice",45,58,52,60.1,13.8,62,16,101,96,-29,2.99,0.15,20.6,,,
"Sep 07, 2023 03:35:23 pm",demo,Right,"General Practice",47,50,64,71.7,18.5,63,17,112,89,-22,4.96,0.13,22.4,,,
"Sep 07, 2023 03:34:02 pm",demo,Right,"General Practice",45,48,62,70.9,18,62,12,114,90,-25,5.01,0.13,22.1,,,
"Sep 07, 2023 03:33:48 pm",demo,Right,"General Practice",49,49,63,67.5,18.1,66,13,113,90,-29,4.33,0.13,21.4,,,
"Sep 07, 2023 03:33:43 pm",demo,Right,"General Practice",39,45,59,71.4,16.7,56,19,119,88,-21,4.93,0.13,22.1,,,
"Sep 07, 2023 03:33:37 pm",demo,Right,"General Practice",54,49,69,70.6,20.8,70,13,113,93,-30,5.13,0.12,22.2,,,
"Sep 07, 2023 03:33:31 pm",demo,Right,"General Practice",54,50,60,67.8,17.1,71,10,111,93,-30,4.25,0.14,21.1,,,
"Sep 07, 2023 03:33:25 pm",demo,Right,"General Practice",41,41,63,72.9,18.3,58,18,121,94,-24,5.29,0.13,22.5,,,
"Sep 07, 2023 03:33:20 pm",demo,Right,"General Practice",60,47,61,68.9,17.3,76,3,114,94,-34,4.81,0.13,21.2,,,
"Sep 07, 2023 03:31:17 pm",demo,Right,"General Practice",41,43,58,68.4,16.2,58,18,121,92,-19,4.52,0.13,21.9,,,
"Sep 07, 2023 03:31:12 pm",demo,Right,"General Practice",46,47,62,67.6,17.8,63,5,114,95,-27,4.77,0.12,21.5,,,
"Sep 07, 2023 03:29:44 pm",demo,Right,"General Practice",51,45,64,70.8,18.6,67,12,117,93,-28,4.83,0.13,21.8,,,
"Sep 07, 2023 03:29:37 pm",demo,Right,"General Practice",54,45,69,70.6,20.9,71,8,113,97,-33,5.21,0.12,22,,,
"Sep 07, 2023 03:29:31 pm",demo,Right,"General Practice",49,45,70,70.3,21,66,18,118,93,-29,4.63,0.14,22.5,,,
"Sep 07, 2023 03:29:25 pm",demo,Right,"General Practice",41,46,72,72.7,21.9,58,19,115,86,-18,5.26,0.13,22.5,,,
"Sep 07, 2023 03:29:20 pm",demo,Right,"General Practice",39,43,57,71.7,15.7,55,15,118,95,-25,5.12,0.13,21.8,,,
"Sep 07, 2023 03:28:45 pm",demo,Right,"General Practice",47,48,65,67.9,18.9,64,17,114,90,-23,4.45,0.13,22,,,
"Sep 07, 2023 03:28:26 pm",demo,Right,"General Practice",52,43,59,68.3,16.6,69,3,117,96,-27,5.04,0.12,21.3,,,
"Sep 07, 2023 03:28:17 pm",demo,Right,"General Practice",45,47,65,71.6,19,62,13,116,91,-20,5.1,0.13,22.5,,,
"Sep 07, 2023 03:28:11 pm",demo,Right,"General Practice",50,55,59,66,16.7,67,17,107,88,-27,3.75,0.15,22.2,,,
"Sep 07, 2023 03:26:58 pm",demo,Right,"General Practice",44,45,69,72.3,20.6,61,18,118,92,-26,5.21,0.13,21.9,,,
"Sep 07, 2023 03:26:49 pm",demo,Right,"General Practice",49,46,56,67.4,15.3,66,16,116,91,-30,4.02,0.14,21,,,
"Sep 07, 2023 03:26:42 pm",demo,Right,"General Practice",53,48,63,70,18.2,70,18,114,91,-28,4.46,0.14,21.7,,,
"Sep 07, 2023 03:26:36 pm",demo,Right,"General Practice",52,46,65,71,19.1,69,15,117,93,-25,4.72,0.14,21.6,,,
"Sep 07, 2023 03:26:30 pm",demo,Right,"General Practice",57,47,55,65.8,15.1,73,-2,113,95,-30,4.46,0.12,20,,,
"Sep 07, 2023 03:26:25 pm",demo,Right,"General Practice",47,50,64,70.5,18.7,63,11,112,90,-25,4.87,0.13,21.1,,,
"Sep 07, 2023 03:25:52 pm",demo,Right,"General Practice",45,47,68,69.2,20.4,62,19,115,88,-18,4.55,0.13,21.7,,,
"Sep 07, 2023 03:25:42 pm",demo,Right,"General Practice",41,47,61,69.2,17.4,57,15,116,88,-21,4.48,0.14,22.4,,,
"Sep 07, 2023 03:25:35 pm",demo,Right,"General Practice",51,48,56,70.2,15.3,68,4,115,91,-29,5.16,0.12,21.7,,,
"Sep 07, 2023 03:25:27 pm",demo,Right,"General Practice",46,51,55,68.4,14.8,63,12,110,86,-24,4.33,0.14,21.5,,,
"Sep 07, 2023 03:25:20 pm",demo,Right,"General Practice",51,52,69,70.2,20.9,67,10,110,89,-26,5.07,0.12,21.7,,,
"Sep 07, 2023 03:25:14 pm",demo,Right,"General Practice",52,51,60,65.4,16.9,69,14,111,93,-23,3.79,0.14,21,,,
"Sep 07, 2023 03:23:26 pm",demo,Right,"General Practice",56,47,64,73.3,18.5,72,16,116,90,-26,5.04,0.14,21.2,,,
"Sep 07, 2023 03:23:20 pm",demo,Right,"General Practice",47,47,74,71.4,22.8,64,15,115,91,-25,5.24,0.12,21.6,,,
"Sep 07, 2023 03:23:14 pm",demo,Right,"General Practice",56,45,67,72.9,19.8,73,10,116,94,-29,5.21,0.13,21.7,,,
"Sep 07, 2023 03:23:09 pm",demo,Right,"General Practice",43,48,60,71.8,17.1,60,13,114,90,-20,5.21,0.13,21.4,,,
"Sep 07, 2023 03:23:04 pm",demo,Right,"General Practice",54,45,63,70.4,18.2,71,10,116,95,-29,4.79,0.13,21,,,
"Sep 07, 2023 03:22:59 pm",demo,Right,"General Practice",46,48,68,70.7,20.3,63,13,113,93,-26,5.14,0.12,21.2,,,
"Sep 07, 2023 03:21:29 pm",demo,Right,"Pitching Machine",48,51,59,70.1,16.6,65,9,111,91,-27,5.06,0.12,21.8,,,
"Sep 07, 2023 03:21:21 pm",demo,Right,"Pitching Machine",39,41,53,70.5,14.2,55,18,123,89,-18,4.67,0.14,22.2,,,
"Sep 07, 2023 03:21:14 pm",demo,Right,"Pitching Machine",49,49,71,70.2,21.5,65,6,112,94,-29,5.33,0.12,22.2,,,
"Sep 07, 2023 03:21:07 pm",demo,Right,"Pitching Machine",52,50,70,68.2,21,69,4,112,93,-26,5.39,0.11,21.9,,,
"Sep 07, 2023 03:21:00 pm",demo,Right,"Pitching Machine",45,50,56,69,15.5,62,17,112,86,-19,4.6,0.13,20.1,,,
"Sep 07, 2023 03:18:35 pm",demo,Right,"Pitching Machine",50,49,60,68.2,17.1,67,10,113,90,-24,4.94,0.12,21,,,
"Sep 07, 2023 03:18:28 pm",demo,Right,"Pitching Machine",46,40,60,69.4,17.2,62,13,121,97,-24,4.79,0.13,21.9,,,
"Sep 07, 2023 03:18:13 pm",demo,Right,"Pitching Machine",48,36,58,63.4,16.1,65,2,123,102,-32,4.27,0.12,21.8,,,
"Sep 07, 2023 03:18:07 pm",demo,Right,"Pitching Machine",56,39,57,62,15.9,73,3,122,98,-26,3.95,0.12,20.8,,,
"Sep 06, 2023 12:49:15 pm",demo,Right,"Pitching Machine",49,47,58,66,16,66,15,112,96,-27,3.7,0.15,22.4,,,
"Sep 06, 2023 12:49:07 pm",demo,Right,"Pitching Machine",48,40,54,65.3,14.4,64,14,116,102,-28,3.72,0.15,22.2,,,
"Sep 06, 2023 12:48:58 pm",demo,Right,"Pitching Machine",50,50,59,67.4,16.7,66,8,106,99,-32,4.26,0.14,22.7,,,
"Sep 06, 2023 12:45:40 pm",demo,Right,"Pitching Machine",48,50,61,65.8,17.6,64,22,111,94,-25,3.73,0.15,23.1,,,
"Sep 06, 2023 12:45:33 pm",demo,Right,"Pitching Machine",49,52,56,67.8,15.3,66,17,106,96,-32,4.25,0.14,22.7,,,
"Sep 06, 2023 12:45:22 pm",demo,Right,"Pitching Machine",55,59,64,67.9,18.8,71,15,102,94,-33,4.32,0.14,22.6,,,
"Sep 06, 2023 12:45:15 pm",demo,Right,"Pitching Machine",43,56,70,68.8,21.2,60,19,104,95,-28,4.31,0.14,23.4,,,
"Sep 06, 2023 12:45:08 pm",demo,Right,"Pitching Machine",50,55,54,63.4,14.6,67,17,105,94,-28,3.37,0.15,21.7,,,
"Sep 06, 2023 12:45:00 pm",demo,Right,"Pitching Machine",53,67,64,66.8,18.7,69,19,99,90,-25,4,0.14,23.1,,,
"Sep 06, 2023 12:44:53 pm",demo,Right,"Pitching Machine",53,53,65,66.8,18.9,70,9,103,99,-33,4.32,0.13,22.2,,,
"Sep 06, 2023 12:44:47 pm",demo,Right,"Pitching Machine",49,44,62,65.4,18,66,15,112,100,-26,3.69,0.15,22.2,,,
"Sep 06, 2023 12:41:10 pm",demo,Right,"Pitching Machine",50,55,55,64.4,15,66,16,105,95,-29,3.62,0.15,21.5,,,
"Sep 06, 2023 12:41:03 pm",demo,Right,"Pitching Machine",45,44,52,66.9,13.5,62,15,113,99,-30,3.97,0.14,21.7,,,
"Sep 06, 2023 12:40:55 pm",demo,Right,"Pitching Machine",54,47,50,61.2,13,70,15,108,100,-30,3.1,0.15,20.7,,,
"Sep 06, 2023 12:40:48 pm",demo,Right,"Pitching Machine",50,50,60,62.5,16.9,66,7,102,102,-36,3.56,0.14,21.6,,,
"Sep 06, 2023 12:40:31 pm",demo,Right,"Pitching Machine",54,46,46,57.4,11.1,71,13,107,103,-31,2.56,0.16,20.3,,,
"Sep 05, 2023 02:17:56 pm",demo,Right,"Pitching Machine",48,50,75,74.2,23.4,64,14,112,87,-26,5.24,0.13,22.6,,,
"Sep 05, 2023 02:17:51 pm",demo,Right,"Pitching Machine",52,41,61,74.8,17.5,68,14,119,83,-23,5.58,0.13,22.5,,,
"Sep 05, 2023 02:17:46 pm",demo,Right,"Pitching Machine",40,45,67,76.1,19.9,57,15,119,88,-20,5.76,0.13,21.9,,,
"Sep 05, 2023 02:17:41 pm",demo,Right,"Pitching Machine",51,40,53,73.5,14.3,67,12,125,92,-24,5.07,0.14,21.5,,,
"Sep 05, 2023 02:17:37 pm",demo,Right,"Pitching Machine",45,40,63,71.5,18.3,61,13,121,97,-26,4.79,0.14,21.4,,,
"Sep 05, 2023 02:13:18 pm",demo,Right,"Pitching Machine",52,45,66,71.1,19.5,69,9,107,104,-37,4.8,0.13,23.4,,,
"Sep 05, 2023 02:13:13 pm",demo,Right,"Pitching Machine",39,47,79,68.1,24.8,56,16,106,102,-31,4.29,0.14,24.3,,,
