﻿"©Blast Motion. All rights reserved."
"NOTE: Access to and use of this data is subject to the Blast Motion terms of use and end user license agreement, which can be found at https://blastmotion.com/terms-of-service/"
Email:,ndaugherty1@live.maryville.edu
Academy:,"Maryville University Baseball"
Sport:,Baseball
"Report Date:","Sep 11, 2023 07:51:48 pm"
"Date Range:","Aug 28, 2023 - Sep 11, 2023"

Date,Equipment,Handedness,"Swing Details","Plane Score","Connection Score","Rotation Score","Bat Speed (mph)","Rotational Acceleration (g)","On Plane Efficiency (%)","Attack Angle (deg)","Early Connection (deg)","Connection at Impact (deg)","Vertical Bat Angle (deg)","Power (kW)","Time to Contact (sec)","Peak Hand Speed (mph)","Exit Velocity (mph)","Launch Angle (deg)","Estimated Distance (feet)"
"Sep 11, 2023 11:52:26 am",dorts,Right,"General Practice",55,59,49,66.7,12.4,71,20,96,79,-24,3.22,0.18,21.3,,,
"Sep 11, 2023 11:52:18 am",dorts,Right,"General Practice",55,48,45,70,10.9,72,15,104,77,-22,3.68,0.17,20.4,,,
"Sep 11, 2023 11:52:11 am",dorts,Right,"General Practice",49,80,47,61.7,11.6,65,1,94,89,-35,2.96,0.16,19.6,,,
"Sep 11, 2023 11:52:02 am",dorts,Right,"General Practice",53,55,42,70.5,9.5,70,5,92,73,-24,4.11,0.15,19.8,,,
"Sep 11, 2023 11:51:54 am",dorts,Right,"General Practice",60,50,45,62.7,11,77,-7,94,70,-23,3.53,0.14,18.8,,,
"Sep 11, 2023 11:51:45 am",dorts,Right,"General Practice",64,52,44,69.4,10.5,80,8,95,73,-21,3.74,0.16,21.1,,,
"Sep 11, 2023 11:47:01 am",dorts,Right,"General Practice",53,49,35,69.6,6.6,69,12,102,76,-22,3.72,0.17,20.3,,,
"Sep 11, 2023 11:46:54 am",dorts,Right,"General Practice",60,48,46,68.9,11.4,77,3,104,78,-23,3.78,0.16,20.3,,,
"Sep 11, 2023 11:46:48 am",dorts,Right,"General Practice",62,48,41,66.7,9.1,79,9,102,75,-23,3.34,0.17,20.4,,,
"Sep 11, 2023 11:46:42 am",dorts,Right,"General Practice",53,51,50,71.8,12.7,70,8,105,81,-24,4.16,0.16,20.7,,,
"Sep 11, 2023 11:46:37 am",dorts,Right,"General Practice",54,51,51,69.8,13.2,70,14,100,77,-25,3.75,0.17,20.7,,,
"Sep 11, 2023 11:43:08 am",dorts,Right,"General Practice",50,68,41,67.2,9,67,7,90,82,-29,3.47,0.17,18.7,,,
"Sep 11, 2023 11:43:01 am",dorts,Right,"General Practice",60,80,46,65.7,11.2,77,9,88,86,-37,3.2,0.17,20.9,,,
"Sep 11, 2023 11:42:53 am",dorts,Right,"General Practice",51,43,43,69.9,9.9,68,19,104,71,-15,3.5,0.18,21.1,,,
"Sep 11, 2023 11:42:47 am",dorts,Right,"General Practice",61,49,45,69,10.6,78,7,104,78,-22,3.89,0.16,20.1,,,
"Sep 11, 2023 11:42:40 am",dorts,Right,"General Practice",60,49,44,68.2,10.3,76,8,102,76,-28,3.8,0.16,20.5,,,
"Sep 11, 2023 11:42:35 am",dorts,Right,"General Practice",58,54,42,71.6,9.7,75,10,100,80,-26,4.08,0.16,22.1,,,
"Sep 08, 2023 11:46:56 am",dorts,Right,"General Practice",56,61,39,70.8,8.3,73,9,99,84,-34,3.81,0.17,21.9,,,
"Sep 08, 2023 11:46:51 am",dorts,Right,"General Practice",53,61,44,63.8,10.6,70,7,102,92,-34,3.16,0.16,21.1,,,
"Sep 08, 2023 11:46:44 am",dorts,Right,"General Practice",50,74,43,64.1,10,67,12,96,91,-38,3.09,0.17,21.3,,,
"Sep 08, 2023 11:46:40 am",dorts,Right,"General Practice",63,80,42,63.5,9.5,80,8,90,88,-31,2.89,0.18,21.5,,,
"Sep 08, 2023 11:46:36 am",dorts,Right,"General Practice",54,64,44,66.5,10.6,71,11,84,83,-42,3.35,0.17,21.3,,,
"Sep 08, 2023 11:42:26 am",dorts,Right,"General Practice",63,53,38,64.6,8,79,14,98,77,-26,2.93,0.18,21.4,,,
"Sep 08, 2023 11:42:22 am",dorts,Right,"General Practice",60,59,49,67.9,12.4,77,17,91,77,-23,3.42,0.17,22.2,,,
"Sep 08, 2023 11:42:13 am",dorts,Right,"General Practice",55,60,48,61.9,12,72,12,99,84,-25,3.05,0.16,20,,,
"Sep 08, 2023 11:42:09 am",dorts,Right,"General Practice",51,66,42,65.3,9.5,67,11,97,85,-37,3.2,0.17,21.6,,,
"Sep 08, 2023 11:42:05 am",dorts,Right,"General Practice",50,80,46,57,11.4,67,2,93,90,-41,2.66,0.16,20.2,,,
"Sep 08, 2023 11:36:16 am",dorts,Right,"General Practice",65,53,45,65.3,10.8,81,0,79,80,-41,3.32,0.16,20.3,,,
"Sep 08, 2023 11:36:11 am",dorts,Right,"General Practice",58,63,43,67.5,10.1,75,4,84,83,-41,3.54,0.16,21.2,,,
"Sep 08, 2023 11:36:02 am",dorts,Right,"General Practice",58,56,44,66.9,10.4,74,8,82,79,-35,3.61,0.16,20.5,,,
"Sep 08, 2023 11:35:57 am",dorts,Right,"General Practice",60,56,41,60.3,9,77,4,86,75,-21,2.69,0.17,18.5,,,
"Sep 08, 2023 11:35:53 am",dorts,Right,"General Practice",59,49,47,65.1,11.7,76,1,83,71,-28,3.42,0.16,19,,,
"Sep 08, 2023 11:32:55 am",dorts,Right,"General Practice",56,45,36,72.6,7.1,73,19,97,67,-21,4.05,0.17,21.2,,,
"Sep 08, 2023 11:32:49 am",dorts,Right,"General Practice",57,56,49,71,12.4,73,10,99,80,-26,4.17,0.15,21,,,
"Sep 08, 2023 11:31:24 am",dorts,Right,"General Practice",57,49,46,68.3,11.1,74,4,84,70,-28,3.82,0.16,19.6,,,
"Sep 08, 2023 11:31:19 am",dorts,Right,"General Practice",55,47,48,70.9,12,72,13,85,66,-27,3.96,0.16,19.9,,,
"Sep 08, 2023 11:31:13 am",dorts,Right,"General Practice",62,50,41,67.2,9.1,78,8,91,68,-31,3.31,0.17,21.6,,,
"Sep 08, 2023 11:31:08 am",dorts,Right,"General Practice",53,47,42,69.9,9.6,70,18,97,69,-26,3.84,0.16,19.3,,,
"Sep 08, 2023 11:31:04 am",dorts,Right,"General Practice",49,44,40,68.3,8.9,65,20,99,67,-22,3.68,0.16,20,,,
"Sep 08, 2023 11:30:59 am",dorts,Right,"General Practice",55,47,40,66.2,8.8,71,8,100,72,-35,3.45,0.16,19.6,,,
"Sep 08, 2023 11:29:34 am",dorts,Right,"General Practice",60,56,46,63.3,11.4,77,4,78,84,-37,3.32,0.15,20,,,
"Sep 08, 2023 11:29:27 am",dorts,Right,"General Practice",56,43,51,67.2,13.1,73,11,74,72,-31,3.64,0.16,20.5,,,
"Sep 08, 2023 11:29:20 am",dorts,Right,"General Practice",41,57,51,66.8,13.3,58,20,92,75,-20,3.52,0.16,17.5,,,
"Sep 08, 2023 11:29:14 am",dorts,Right,"General Practice",65,43,48,64.6,12.1,82,11,75,71,-29,3.6,0.15,19.1,,,
"Sep 08, 2023 11:29:08 am",dorts,Right,"General Practice",52,45,45,69.1,10.7,69,23,85,64,-14,3.39,0.18,19.5,,,
"Sep 07, 2023 01:45:34 pm",dorts,Right,"General Practice",52,46,40,68.9,8.8,68,14,107,78,-17,3.7,0.16,19.5,,,
"Sep 07, 2023 01:45:28 pm",dorts,Right,"General Practice",52,45,41,67.1,9.1,68,16,111,79,-18,3.38,0.17,19.1,,,
"Sep 07, 2023 01:45:23 pm",dorts,Right,"General Practice",52,46,42,68.5,9.7,69,20,103,74,-22,3.48,0.17,20.1,,,
"Sep 07, 2023 01:45:18 pm",dorts,Right,"General Practice",63,61,45,68,10.9,80,11,94,79,-34,3.63,0.16,22.1,,,
"Sep 07, 2023 01:45:08 pm",dorts,Right,"General Practice",55,60,45,67.3,10.7,72,14,95,80,-26,3.56,0.16,22,,,
"Sep 07, 2023 01:44:22 pm",dorts,Right,"General Practice",54,66,43,63.6,10.1,70,3,90,81,-30,3.39,0.15,19.2,,,
"Sep 07, 2023 01:44:16 pm",dorts,Right,"General Practice",55,64,41,66.5,9.2,72,10,91,80,-28,3.24,0.17,19.8,,,
"Sep 07, 2023 01:44:10 pm",dorts,Right,"General Practice",54,51,48,67.8,11.9,70,12,85,72,-25,3.66,0.16,19.7,,,
"Sep 07, 2023 01:41:05 pm",dorts,Right,"General Practice",57,53,41,71.6,9.1,74,6,96,75,-28,4.24,0.15,20.6,,,
"Sep 07, 2023 01:40:59 pm",dorts,Right,"General Practice",60,50,41,68.4,9.1,77,16,94,69,-18,3.73,0.16,21.5,,,
"Sep 07, 2023 01:40:53 pm",dorts,Right,"General Practice",66,53,43,67.1,10.1,83,6,90,71,-23,3.59,0.16,21.3,,,
"Sep 07, 2023 01:40:43 pm",dorts,Right,"General Practice",60,55,48,66.2,11.9,77,11,95,76,-30,3.63,0.15,21.3,,,
"Sep 07, 2023 01:40:39 pm",dorts,Right,"General Practice",57,58,44,65.2,10.5,74,10,98,81,-30,3.22,0.17,20.9,,,
"Sep 07, 2023 01:39:41 pm",dorts,Right,"General Practice",43,51,46,63.7,11.2,60,15,109,85,-23,3,0.17,18.6,,,
"Sep 07, 2023 01:39:29 pm",dorts,Right,"General Practice",61,74,56,62.3,15.2,78,7,94,85,-28,3.21,0.15,20.2,,,
"Sep 07, 2023 01:39:23 pm",dorts,Right,"General Practice",57,65,49,62.2,12.5,74,8,89,81,-35,3.24,0.15,21.2,,,
"Sep 07, 2023 01:39:17 pm",dorts,Right,"General Practice",54,73,48,64.4,11.9,71,9,94,85,-33,3.19,0.17,21.1,,,
"Sep 07, 2023 01:36:42 pm",dorts,Right,"General Practice",64,52,43,65,9.8,81,4,98,76,-21,3.37,0.16,20.2,,,
"Sep 07, 2023 01:36:34 pm",dorts,Right,"General Practice",57,53,40,66.2,8.9,74,8,100,79,-19,3.54,0.16,20.9,,,
"Sep 07, 2023 01:36:28 pm",dorts,Right,"General Practice",55,52,49,68.4,12.7,71,19,98,76,-24,3.5,0.17,21.1,,,
"Sep 07, 2023 01:36:19 pm",dorts,Right,"General Practice",67,56,47,65.3,11.5,84,13,85,77,-32,3.44,0.16,21.7,,,
"Sep 07, 2023 01:35:31 pm",dorts,Right,"General Practice",55,60,41,67.6,9.3,72,10,87,78,-33,3.47,0.17,20.3,,,
"Sep 07, 2023 01:35:24 pm",dorts,Right,"General Practice",50,59,44,67.3,10.6,67,10,90,76,-22,3.61,0.16,19.4,,,
"Sep 07, 2023 01:35:19 pm",dorts,Right,"General Practice",59,55,47,63.5,11.7,76,-1,89,73,-26,3.52,0.15,19.1,,,
"Sep 07, 2023 01:35:14 pm",dorts,Right,"General Practice",53,53,47,65.7,11.4,70,9,86,73,-31,3.31,0.17,18.7,,,
"Sep 07, 2023 01:35:08 pm",dorts,Right,"General Practice",60,57,53,65,13.9,77,3,91,75,-28,3.74,0.14,18.9,,,
"Sep 07, 2023 01:31:50 pm",dorts,Right,"General Practice",53,62,49,68.5,12.3,70,12,93,79,-28,3.69,0.16,19.5,,,
"Sep 07, 2023 01:31:45 pm",dorts,Right,"General Practice",65,51,42,62.7,9.4,82,5,84,73,-26,2.73,0.18,19.9,,,
"Sep 07, 2023 01:31:40 pm",dorts,Right,"General Practice",59,51,44,69,10.5,76,3,83,73,-30,3.99,0.15,20.5,,,
"Sep 07, 2023 01:31:24 pm",dorts,Right,"General Practice",52,52,46,72.9,11.4,69,13,95,73,-25,4.18,0.16,20.7,,,
"Sep 07, 2023 01:31:15 pm",dorts,Right,"General Practice",54,50,47,68.8,11.8,70,11,96,72,-19,3.86,0.16,19.8,,,
"Sep 07, 2023 01:30:22 pm",dorts,Right,"General Practice",57,63,48,57.3,12.2,74,-3,96,83,-37,2.68,0.16,20.4,,,
"Sep 07, 2023 01:30:17 pm",dorts,Right,"General Practice",58,71,45,66.1,10.8,75,7,93,84,-30,3.32,0.17,22.5,,,
"Sep 07, 2023 01:30:12 pm",dorts,Right,"General Practice",59,80,54,65.7,14.4,76,10,89,87,-33,3.36,0.16,22.2,,,
"Sep 07, 2023 01:30:07 pm",dorts,Right,"General Practice",54,78,47,68.7,11.5,71,12,90,85,-34,3.77,0.16,21.9,,,
"Sep 07, 2023 01:30:02 pm",dorts,Right,"General Practice",52,61,52,64.5,13.9,69,16,82,83,-36,3.2,0.17,20.5,,,
"Sep 07, 2023 01:28:39 pm",dorts,Right,"General Practice",60,52,46,65.1,11.1,76,13,90,70,-19,3.46,0.16,18.5,,,
"Sep 07, 2023 01:28:33 pm",dorts,Right,"General Practice",46,49,48,64.9,12.3,63,13,103,78,-15,3.4,0.16,17.4,,,
"Sep 07, 2023 01:28:28 pm",dorts,Right,"General Practice",65,54,38,65.7,7.8,82,6,92,72,-21,3.4,0.16,20,,,
"Sep 07, 2023 01:28:23 pm",dorts,Right,"General Practice",55,47,41,67.1,9.3,72,16,97,69,-15,3.46,0.17,20.3,,,
"Sep 07, 2023 01:28:17 pm",dorts,Right,"General Practice",50,44,45,68.1,11,66,16,103,72,-13,3.65,0.16,19.5,,,
"Sep 07, 2023 01:28:13 pm",dorts,Right,"General Practice",47,48,44,66.2,10.6,64,11,106,80,-24,3.53,0.16,19.2,,,
"Sep 07, 2023 01:27:34 pm",dorts,Right,"General Practice",48,53,49,64.7,12.4,64,6,82,76,-33,3.33,0.16,18.9,,,
"Sep 07, 2023 01:27:29 pm",dorts,Right,"General Practice",59,53,45,65,10.7,76,6,83,76,-29,3.46,0.16,19.3,,,
"Sep 07, 2023 01:27:22 pm",dorts,Right,"General Practice",60,54,41,66.7,9.1,77,13,91,72,-21,3.26,0.17,20.8,,,
"Sep 07, 2023 01:27:15 pm",dorts,Right,"General Practice",60,53,45,67.4,10.7,76,6,87,72,-28,3.71,0.16,19.9,,,
"Sep 07, 2023 01:27:10 pm",dorts,Right,"General Practice",51,52,43,68.5,10,68,14,96,74,-15,3.61,0.17,19.7,,,
"Sep 07, 2023 01:10:21 pm",dorts,Right,"General Practice",57,56,40,66.7,8.9,73,14,96,78,-28,3.22,0.18,20,,,
"Sep 07, 2023 01:10:16 pm",dorts,Right,"General Practice",54,62,39,65.6,8.3,71,8,96,82,-31,3.12,0.18,20.6,,,
"Sep 07, 2023 01:10:11 pm",dorts,Right,"General Practice",57,64,43,64.8,10,73,10,90,80,-31,2.98,0.18,20.2,,,
"Sep 05, 2023 02:46:45 pm",demo,Right,"Pitching Machine",62,80,42,65.8,9.8,78,8,90,89,-42,3.32,0.17,20.3,,,
"Sep 05, 2023 02:46:39 pm",demo,Right,"Pitching Machine",52,80,53,66.9,14,69,13,89,86,-39,3.52,0.16,20.3,,,
"Sep 05, 2023 02:46:34 pm",demo,Right,"Pitching Machine",52,78,50,67,12.8,68,13,89,85,-40,3.49,0.16,20.2,,,
"Sep 05, 2023 02:46:29 pm",demo,Right,"Pitching Machine",47,71,43,67.7,9.8,64,10,85,86,-40,3.65,0.16,21.8,,,
"Sep 05, 2023 02:46:23 pm",demo,Right,"Pitching Machine",51,61,55,68.4,15.1,68,14,82,83,-35,3.78,0.16,21.6,,,
"Sep 05, 2023 02:46:16 pm",demo,Right,"Pitching Machine",59,61,46,67.7,11.4,76,2,82,83,-43,3.79,0.15,20.5,,,
"Sep 05, 2023 02:46:12 pm",demo,Right,"Pitching Machine",58,65,43,66.2,10.2,75,-1,83,85,-40,3.82,0.15,20.4,,,
"Sep 05, 2023 02:43:13 pm",demo,Right,"Pitching Machine",58,59,50,65.5,13,75,8,98,82,-32,3.46,0.16,20.3,,,
"Sep 05, 2023 02:43:08 pm",demo,Right,"Pitching Machine",61,58,42,68.7,9.7,78,16,96,79,-31,3.5,0.17,21.6,,,
"Sep 05, 2023 02:43:01 pm",demo,Right,"Pitching Machine",55,59,47,67.4,11.6,72,13,98,81,-31,3.49,0.17,21.5,,,
"Sep 05, 2023 02:42:55 pm",demo,Right,"Pitching Machine",62,66,47,66.2,11.7,78,5,92,81,-34,3.72,0.15,22.4,,,
"Sep 05, 2023 02:42:50 pm",demo,Right,"Pitching Machine",60,62,44,68.1,10.4,77,9,89,78,-36,3.6,0.16,21.6,,,
"Sep 05, 2023 02:42:46 pm",demo,Right,"Pitching Machine",57,64,43,67.1,9.8,74,15,87,80,-32,3.5,0.16,21.7,,,
