﻿"©Blast Motion. All rights reserved."
"NOTE: Access to and use of this data is subject to the Blast Motion terms of use and end user license agreement, which can be found at https://blastmotion.com/terms-of-service/"
Email:,sschneider4@live.maryville.edu
Academy:,"Maryville University Baseball"
Sport:,Baseball
"Report Date:","Sep 11, 2023 07:51:47 pm"
"Date Range:","Aug 28, 2023 - Sep 11, 2023"

Date,Equipment,Handedness,"Swing Details","Plane Score","Connection Score","Rotation Score","Bat Speed (mph)","Rotational Acceleration (g)","On Plane Efficiency (%)","Attack Angle (deg)","Early Connection (deg)","Connection at Impact (deg)","Vertical Bat Angle (deg)","Power (kW)","Time to Contact (sec)","Peak Hand Speed (mph)","Exit Velocity (mph)","Launch Angle (deg)","Estimated Distance (feet)"
"Sep 08, 2023 11:53:08 am","select. pwr",Right,"General Practice",26,54,41,72.3,9,42,19,99,79,-38,4.44,0.15,18.6,,,
"Sep 08, 2023 11:53:01 am","select. pwr",Right,"General Practice",46,58,38,70.5,8,62,14,98,81,-42,4.06,0.16,18.5,,,
"Sep 08, 2023 11:52:54 am","select. pwr",Right,"General Practice",25,47,33,71.5,5.9,42,25,101,73,-28,4.17,0.16,18.4,,,
"Sep 08, 2023 11:52:42 am","select. pwr",Right,"General Practice",42,53,31,60.8,5.2,58,-2,107,86,-33,3.41,0.14,16.8,,,
"Sep 08, 2023 11:49:30 am","select. pwr",Right,"General Practice",47,69,43,65.2,9.9,64,11,94,84,-43,3.39,0.16,18.2,,,
"Sep 08, 2023 11:49:25 am","select. pwr",Right,"General Practice",41,62,41,66.4,9,58,9,101,88,-43,3.56,0.16,18.7,,,
"Sep 08, 2023 11:49:20 am","select. pwr",Right,"General Practice",42,61,37,65.6,7.7,59,9,101,86,-41,3.34,0.16,18.6,,,
"Sep 08, 2023 11:47:41 am","select. pwr",Right,"General Practice",32,52,36,71.2,7,48,18,99,77,-33,3.94,0.16,18.3,,,
"Sep 08, 2023 11:47:35 am","select. pwr",Right,"General Practice",34,58,39,71,8.4,51,10,99,82,-40,4.46,0.14,18.8,,,
"Sep 08, 2023 11:47:28 am","select. pwr",Right,"General Practice",41,60,34,68.3,6.5,58,8,97,81,-38,3.86,0.15,17.8,,,
"Sep 08, 2023 11:47:21 am","select. pwr",Right,"General Practice",36,50,38,69.2,7.8,53,22,96,71,-30,3.73,0.16,18.2,,,
"Sep 08, 2023 11:47:05 am","select. pwr",Right,"General Practice",40,56,36,69.3,7,56,15,97,79,-37,4.02,0.15,18.1,,,
"Sep 08, 2023 11:45:22 am","select. pwr",Right,"General Practice",45,61,37,67.1,7.7,61,7,91,78,-45,3.5,0.16,19,,,
"Sep 08, 2023 11:45:09 am","select. pwr",Right,"General Practice",37,60,36,70.8,7.2,53,-3,87,78,-42,4.15,0.15,19.9,,,
"Sep 08, 2023 11:45:03 am","select. pwr",Right,"General Practice",45,65,35,64.5,6.8,62,3,94,82,-52,3.08,0.17,18.7,,,
"Sep 08, 2023 11:44:57 am","select. pwr",Right,"General Practice",46,63,40,69.4,8.6,62,-10,93,80,-48,4.21,0.15,19.7,,,
"Sep 08, 2023 11:44:51 am","select. pwr",Right,"General Practice",35,57,36,68.1,7.1,51,18,102,84,-48,3.7,0.16,18.4,,,
"Sep 08, 2023 11:44:43 am","select. pwr",Right,"General Practice",30,57,36,65.9,7,47,23,103,85,-47,3.55,0.16,18.2,,,
"Sep 08, 2023 11:43:15 am","select. pwr",Right,"General Practice",43,67,38,65.3,8.1,59,3,98,88,-41,3.67,0.15,18.7,,,
"Sep 08, 2023 11:43:08 am","select. pwr",Right,"General Practice",37,61,36,66.9,6.9,53,15,99,84,-36,3.56,0.16,17.7,,,
"Sep 08, 2023 11:42:57 am","select. pwr",Right,"General Practice",42,59,28,54.7,3.8,58,6,93,77,-41,1.87,0.2,15.7,,,
"Sep 08, 2023 11:42:50 am","select. pwr",Right,"General Practice",22,51,40,71.5,8.9,38,13,110,88,-35,4.59,0.14,19,,,
"Sep 08, 2023 11:42:44 am","select. pwr",Right,"General Practice",30,55,39,69.8,8.6,46,10,104,85,-35,4.31,0.14,18.2,,,
"Sep 08, 2023 11:42:36 am","select. pwr",Right,"General Practice",33,57,36,70.2,7.2,50,14,100,82,-34,4.19,0.15,17.8,,,
"Sep 08, 2023 11:42:27 am","select. pwr",Right,"General Practice",29,51,31,69.6,5.2,45,20,102,79,-31,3.81,0.16,17.7,,,
"Sep 08, 2023 11:42:21 am","select. pwr",Right,"General Practice",32,57,39,70.4,8.2,49,15,103,86,-39,4.51,0.14,19,,,
"Sep 08, 2023 11:41:27 am","select. pwr",Right,"General Practice",27,59,34,66.5,6.1,44,9,101,85,-34,3.57,0.16,17.8,,,
"Sep 08, 2023 11:41:23 am","select. pwr",Right,"General Practice",26,58,38,67.1,8.1,42,8,105,90,-43,3.73,0.15,19,,,
"Sep 08, 2023 11:41:19 am","select. pwr",Right,"General Practice",41,64,36,64.3,7.2,57,8,97,84,-42,3.17,0.17,18.6,,,
"Sep 08, 2023 11:41:06 am","select. pwr",Right,"General Practice",37,53,38,66.3,7.8,53,0,109,92,-42,3.89,0.14,19.1,,,
"Sep 08, 2023 11:41:02 am","select. pwr",Right,"General Practice",28,55,33,69.2,6.1,45,15,103,83,-38,3.82,0.16,18.8,,,
"Sep 08, 2023 11:40:58 am","select. pwr",Right,"General Practice",41,59,37,70.9,7.3,58,5,104,88,-44,4.39,0.15,19.7,,,
"Sep 08, 2023 11:37:21 am","select. pwr",Right,"General Practice",44,59,37,66.8,7.5,60,4,104,90,-44,3.75,0.15,19,,,
"Sep 08, 2023 11:37:13 am","select. pwr",Right,"General Practice",47,56,38,67.8,7.8,63,20,99,81,-37,3.53,0.17,19.6,,,
"Sep 08, 2023 11:37:06 am","select. pwr",Right,"General Practice",38,57,46,68.5,11.3,54,17,104,87,-42,3.84,0.16,18.9,,,
"Sep 08, 2023 11:37:00 am","select. pwr",Right,"General Practice",35,52,39,69.3,8.5,52,21,101,79,-35,3.68,0.17,18.9,,,
"Sep 08, 2023 11:36:54 am","select. pwr",Right,"General Practice",37,56,38,68,8.1,54,20,102,83,-38,3.64,0.16,19.1,,,
"Sep 08, 2023 11:36:42 am","select. pwr",Right,"General Practice",42,62,37,66.5,7.5,59,16,99,85,-42,3.71,0.15,17.8,,,
"Sep 08, 2023 11:36:35 am","select. pwr",Right,"General Practice",50,76,47,66.9,11.6,67,7,95,88,-47,3.91,0.15,18.4,,,
"Sep 08, 2023 11:35:41 am","select. pwr",Right,"General Practice",39,65,36,66,7.2,56,9,95,83,-37,3.47,0.16,18,,,
"Sep 08, 2023 11:35:36 am","select. pwr",Right,"General Practice",33,60,31,65.4,5.1,50,11,101,86,-34,3.28,0.17,17.3,,,
"Sep 08, 2023 11:35:31 am","select. pwr",Right,"General Practice",34,57,30,62,4.8,51,12,95,77,-41,2.64,0.19,17.9,,,
"Sep 08, 2023 11:35:26 am","select. pwr",Right,"General Practice",36,60,36,69.4,7.3,53,8,99,84,-44,3.88,0.16,18.9,,,
"Sep 08, 2023 11:35:21 am","select. pwr",Right,"General Practice",40,59,39,66.4,8.5,56,9,99,82,-38,3.38,0.17,17.6,,,
"Sep 08, 2023 11:35:17 am","select. pwr",Right,"General Practice",40,58,36,65,7.3,57,-4,103,86,-40,3.55,0.15,18.1,,,
"Sep 08, 2023 11:35:12 am","select. pwr",Right,"General Practice",33,59,37,69.3,7.7,49,8,101,84,-39,4.02,0.15,18.4,,,
"Sep 08, 2023 11:32:35 am","select. pwr",Right,"General Practice",37,60,34,64.5,6.1,53,14,100,85,-38,3.24,0.16,17.9,,,
"Sep 08, 2023 11:32:29 am","select. pwr",Right,"General Practice",21,49,37,63.9,7.4,38,17,113,92,-36,3.33,0.16,18.6,,,
"Sep 08, 2023 11:32:22 am","select. pwr",Right,"General Practice",35,56,32,67.7,5.4,51,15,106,88,-38,3.79,0.15,18.7,,,
"Sep 08, 2023 11:32:09 am","select. pwr",Right,"General Practice",45,52,30,60,4.6,62,1,109,87,-38,3.37,0.14,18.2,,,
"Sep 08, 2023 11:32:03 am","select. pwr",Right,"General Practice",35,51,36,66.4,7,52,15,104,80,-39,3.52,0.16,17.1,,,
"Sep 08, 2023 11:31:56 am","select. pwr",Right,"General Practice",44,55,33,64.8,6,60,19,93,74,-32,3.22,0.17,16.3,,,
"Sep 08, 2023 11:30:39 am","select. pwr",Right,"General Practice",27,59,36,70.9,7.2,44,15,101,84,-43,4.01,0.16,19.2,,,
"Sep 08, 2023 11:30:35 am","select. pwr",Right,"General Practice",34,58,32,62.9,5.4,50,9,99,83,-31,2.9,0.17,16.7,,,
"Sep 08, 2023 11:30:30 am","select. pwr",Right,"General Practice",41,63,36,68.2,7.2,57,4,100,87,-43,3.8,0.16,18.4,,,
"Sep 08, 2023 11:30:25 am","select. pwr",Right,"General Practice",31,53,35,66.8,6.7,47,23,91,71,-36,3.27,0.17,18.5,,,
"Sep 08, 2023 11:30:20 am","select. pwr",Right,"General Practice",23,52,33,70.2,6,40,20,103,80,-31,3.98,0.16,18.9,,,
"Sep 08, 2023 11:30:15 am","select. pwr",Right,"General Practice",24,55,34,69.9,6.4,40,12,101,82,-34,3.99,0.16,18,,,
"Sep 08, 2023 11:30:10 am","select. pwr",Right,"General Practice",33,55,36,69.2,7.1,50,15,99,80,-37,3.76,0.16,18,,,
"Sep 08, 2023 11:30:06 am","select. pwr",Right,"General Practice",26,51,32,67.9,5.7,43,23,94,70,-35,3.58,0.16,18.5,,,
"Sep 08, 2023 11:30:01 am","select. pwr",Right,"General Practice",26,49,33,68.1,5.9,42,21,99,74,-34,3.36,0.18,18.2,,,
"Sep 07, 2023 02:49:17 pm","select. pwr",Right,"General Practice",46,68,41,70.3,9.3,62,12,91,82,-42,3.99,0.16,19.2,,,
"Sep 07, 2023 02:49:11 pm","select. pwr",Right,"General Practice",25,66,40,68.4,8.8,42,11,95,84,-45,3.64,0.16,18.7,,,
"Sep 07, 2023 02:49:05 pm","select. pwr",Right,"General Practice",28,59,42,68.3,9.6,44,12,104,88,-39,3.91,0.15,19.2,,,
"Sep 07, 2023 02:48:59 pm","select. pwr",Right,"General Practice",34,57,38,69.5,7.8,50,19,100,82,-37,3.8,0.16,18.7,,,
"Sep 07, 2023 02:48:52 pm","select. pwr",Right,"General Practice",48,63,37,65.8,7.4,65,15,90,79,-41,3.2,0.17,18.2,,,
"Sep 07, 2023 02:48:42 pm","select. pwr",Right,"General Practice",33,58,36,64.5,7.2,50,7,105,90,-41,3.49,0.15,18.7,,,
"Sep 07, 2023 02:47:33 pm","select. pwr",Right,"General Practice",33,64,39,68,8.4,50,19,96,83,-37,3.55,0.17,18.6,,,
"Sep 07, 2023 02:47:27 pm","select. pwr",Right,"General Practice",34,69,39,65.5,8.3,50,12,96,85,-41,3.46,0.16,18.8,,,
"Sep 07, 2023 02:47:16 pm","select. pwr",Right,"General Practice",30,61,33,62.4,5.7,46,10,94,79,-35,3.02,0.16,16.3,,,
"Sep 07, 2023 02:47:11 pm","select. pwr",Right,"General Practice",47,70,40,66.4,8.7,63,3,93,84,-41,3.69,0.15,18.1,,,
"Sep 07, 2023 02:44:46 pm","select. pwr",Right,"General Practice",45,61,41,63.3,9.2,62,13,92,78,-42,2.87,0.18,18.3,,,
"Sep 07, 2023 02:44:39 pm","select. pwr",Right,"General Practice",34,58,40,68.4,8.9,51,15,102,86,-38,3.82,0.16,18.9,,,
"Sep 07, 2023 02:44:34 pm","select. pwr",Right,"General Practice",28,63,37,67.8,7.4,44,15,96,83,-39,3.71,0.16,19.1,,,
"Sep 07, 2023 02:44:28 pm","select. pwr",Right,"General Practice",22,62,37,66.5,7.6,38,15,101,87,-41,3.57,0.16,18.9,,,
"Sep 07, 2023 02:44:23 pm","select. pwr",Right,"General Practice",31,62,37,65.1,7.3,48,7,102,90,-41,3.55,0.15,18.9,,,
"Sep 07, 2023 02:44:17 pm","select. pwr",Right,"General Practice",30,63,38,66.7,8.1,46,13,99,85,-42,3.54,0.16,18.2,,,
"Sep 07, 2023 02:44:12 pm","select. pwr",Right,"General Practice",41,66,38,66.2,8,58,10,98,86,-39,3.59,0.16,18.3,,,
"Sep 07, 2023 02:42:54 pm","select. pwr",Right,"General Practice",21,59,30,66.4,4.5,37,17,98,82,-32,3.31,0.17,18.3,,,
"Sep 07, 2023 02:42:44 pm","select. pwr",Right,"General Practice",33,58,37,60.7,7.5,50,4,105,90,-38,3.09,0.15,18.8,,,
"Sep 07, 2023 02:42:29 pm","select. pwr",Right,"General Practice",31,61,34,66.9,6.4,48,7,99,84,-36,3.47,0.16,17.1,,,
"Sep 07, 2023 02:41:27 pm","select. pwr",Right,"General Practice",29,48,34,70.7,6.4,45,20,104,77,-29,4.25,0.15,18.7,,,
"Sep 07, 2023 02:41:20 pm","select. pwr",Right,"General Practice",24,52,34,70.4,6.4,41,18,103,81,-30,4.27,0.15,18.2,,,
"Sep 07, 2023 02:41:15 pm","select. pwr",Right,"General Practice",23,60,38,71.3,7.8,40,12,98,82,-37,4.26,0.15,18.3,,,
"Sep 07, 2023 02:41:09 pm","select. pwr",Right,"General Practice",22,63,38,69,8,38,12,91,79,-41,3.94,0.15,18.7,,,
"Sep 07, 2023 02:41:02 pm","select. pwr",Right,"General Practice",31,68,41,67.7,9.2,48,13,92,82,-43,3.57,0.16,18.3,,,
"Sep 07, 2023 02:40:57 pm","select. pwr",Right,"General Practice",43,68,43,66.3,9.8,60,12,89,82,-45,3.46,0.16,18.8,,,
"Sep 07, 2023 02:40:51 pm","select. pwr",Right,"General Practice",42,70,38,61.9,7.8,59,16,92,83,-39,2.8,0.17,17.8,,,
"Sep 07, 2023 02:40:02 pm","select. pwr",Right,"General Practice",30,55,35,71,6.6,46,11,106,87,-31,4.46,0.14,18.3,,,
"Sep 07, 2023 02:39:55 pm","select. pwr",Right,"General Practice",32,57,35,65.9,6.8,48,7,101,83,-31,3.74,0.15,17.1,,,
"Sep 07, 2023 02:39:45 pm","select. pwr",Right,"General Practice",29,49,33,64.1,5.9,46,12,105,79,-23,3.31,0.16,16.1,,,
"Sep 07, 2023 02:39:39 pm","select. pwr",Right,"General Practice",60,52,28,32.9,3.6,77,-3,96,74,-31,0.73,0.19,15.6,,,
"Sep 07, 2023 02:37:42 pm","select. pwr",Right,"General Practice",33,55,43,70,9.8,49,21,96,76,-35,3.67,0.17,18.7,,,
"Sep 07, 2023 02:37:37 pm","select. pwr",Right,"General Practice",33,53,38,60.8,7.9,50,9,108,91,-38,3.1,0.15,18.3,,,
"Sep 07, 2023 02:37:31 pm","select. pwr",Right,"General Practice",42,64,40,66.6,8.6,59,14,96,84,-40,3.49,0.16,18,,,
"Sep 07, 2023 02:37:26 pm","select. pwr",Right,"General Practice",23,54,38,68,7.8,39,16,108,88,-37,3.78,0.16,18.6,,,
"Sep 07, 2023 02:37:21 pm","select. pwr",Right,"General Practice",31,53,42,65,9.7,47,11,109,90,-40,3.63,0.15,18.6,,,
"Sep 07, 2023 02:37:16 pm","select. pwr",Right,"General Practice",35,58,47,69.7,11.6,52,19,98,81,-38,3.82,0.16,18.4,,,
"Sep 07, 2023 02:36:13 pm","select. pwr",Right,"General Practice",27,52,34,69.1,6.2,43,16,99,76,-31,3.71,0.16,17.4,,,
"Sep 07, 2023 02:36:07 pm","select. pwr",Right,"General Practice",32,53,32,65.6,5.6,49,7,106,85,-34,3.43,0.16,17.1,,,
"Sep 07, 2023 02:35:56 pm","select. pwr",Right,"General Practice",36,55,36,69.8,7,52,17,98,79,-34,3.74,0.17,17.8,,,
"Sep 07, 2023 02:35:49 pm","select. pwr",Right,"General Practice",31,54,27,58,3.5,48,9,100,80,-29,2.17,0.2,15.9,,,
"Sep 07, 2023 02:34:49 pm","select. pwr",Right,"General Practice",40,57,48,63.6,12.2,56,6,105,88,-37,3.53,0.15,18.5,,,
"Sep 07, 2023 02:34:44 pm","select. pwr",Right,"General Practice",34,53,44,69.2,10.2,50,18,100,79,-38,3.72,0.16,17.7,,,
"Sep 07, 2023 02:34:38 pm","select. pwr",Right,"General Practice",22,50,42,70.7,9.8,38,19,107,82,-34,4.08,0.16,18.6,,,
"Sep 07, 2023 02:34:33 pm","select. pwr",Right,"General Practice",27,49,35,67.1,6.7,44,24,101,76,-29,3.3,0.17,17.5,,,
"Sep 07, 2023 02:34:25 pm","select. pwr",Right,"General Practice",27,54,39,67.8,8.5,44,12,108,89,-37,3.8,0.15,18.3,,,
"Sep 07, 2023 02:34:20 pm","select. pwr",Right,"General Practice",25,51,41,68.9,9.3,41,16,111,87,-36,3.93,0.15,18.4,,,
"Sep 07, 2023 02:33:08 pm","select. pwr",Right,"General Practice",26,58,37,68.7,7.6,42,14,98,82,-34,3.8,0.16,18.3,,,
"Sep 07, 2023 02:33:01 pm","select. pwr",Right,"General Practice",38,62,46,63.9,11.2,55,-2,101,89,-42,3.72,0.14,19.3,,,
"Sep 07, 2023 02:32:51 pm","select. pwr",Right,"General Practice",27,52,37,69.2,7.4,43,18,107,84,-34,3.68,0.17,18.5,,,
"Sep 07, 2023 02:32:44 pm","select. pwr",Right,"General Practice",27,52,36,67.1,7.2,44,16,104,82,-33,3.55,0.16,17.7,,,
"Sep 07, 2023 02:18:37 pm","select. pwr",Right,"General Practice",35,67,32,61.7,5.7,51,13,91,81,-46,2.79,0.17,16.1,,,
"Sep 07, 2023 02:18:33 pm","select. pwr",Right,"General Practice",37,67,31,59.8,5,54,10,89,82,-48,2.59,0.18,15.5,,,
"Sep 07, 2023 02:18:26 pm","select. pwr",Right,"General Practice",28,71,31,61.5,4.9,45,9,93,84,-47,2.87,0.17,15.9,,,
"Sep 07, 2023 02:18:19 pm","select. pwr",Right,"General Practice",32,73,29,61.6,4.4,48,10,93,85,-48,2.75,0.18,16.1,,,
"Sep 07, 2023 02:18:15 pm","select. pwr",Right,"General Practice",34,71,31,60.6,4.9,51,9,93,84,-47,2.72,0.17,15.8,,,
"Sep 07, 2023 02:18:10 pm","select. pwr",Right,"General Practice",32,69,30,60.9,4.8,48,9,97,87,-49,2.75,0.17,15.6,,,
"Sep 07, 2023 02:18:05 pm","select. pwr",Right,"General Practice",36,73,27,58.9,3.3,53,9,91,84,-51,2.49,0.18,15.5,,,
"Sep 07, 2023 02:18:01 pm","select. pwr",Right,"General Practice",36,72,29,60.6,4.2,52,8,92,84,-49,2.66,0.18,15.8,,,
"Sep 07, 2023 02:17:56 pm","select. pwr",Right,"General Practice",36,73,27,58.3,3.6,53,7,94,86,-50,2.46,0.18,15.4,,,
"Sep 05, 2023 03:18:34 pm",demo,Right,"General Practice",20,50,34,72.7,6.5,36,22,101,76,-29,4.32,0.16,19.1,,,
"Sep 05, 2023 03:18:29 pm",demo,Right,"General Practice",33,61,39,69,8.2,50,8,96,82,-41,3.89,0.16,18,,,
"Sep 05, 2023 03:18:25 pm",demo,Right,"General Practice",23,59,42,70.4,9.6,39,11,98,82,-38,4.1,0.15,18.4,,,
"Sep 05, 2023 03:18:19 pm",demo,Right,"General Practice",20,51,31,72.6,5,35,18,103,79,-30,4.42,0.15,16.9,,,
"Sep 05, 2023 03:18:14 pm",demo,Right,"General Practice",34,56,33,68.5,5.9,50,8,102,83,-35,4.15,0.14,17.8,,,
"Sep 05, 2023 03:13:20 pm",demo,Right,"General Practice",22,55,31,70.6,5.1,38,18,101,82,-30,4.13,0.15,18.2,,,
"Sep 05, 2023 03:13:15 pm",demo,Right,"General Practice",34,57,34,66.1,6.4,51,15,98,80,-34,3.35,0.17,17.2,,,
"Sep 05, 2023 03:13:10 pm",demo,Right,"General Practice",34,62,41,69.4,9,51,8,102,88,-39,3.94,0.16,18.3,,,
"Sep 05, 2023 03:13:05 pm",demo,Right,"General Practice",22,56,36,66.8,7.1,39,14,106,89,-38,3.56,0.16,18,,,
"Sep 05, 2023 03:12:59 pm",demo,Right,"General Practice",36,62,36,68.1,7.1,52,13,102,87,-45,3.7,0.16,18.9,,,
"Sep 05, 2023 03:12:54 pm",demo,Right,"General Practice",37,56,37,66.2,7.4,54,21,97,78,-39,3.29,0.17,18.6,,,
"Sep 05, 2023 03:06:02 pm",demo,Right,"General Practice",33,51,41,74,9.1,50,21,98,76,-37,4.26,0.16,19.5,,,
"Sep 05, 2023 03:05:57 pm",demo,Right,"General Practice",41,52,38,71.1,8,58,17,103,81,-35,3.97,0.16,18.2,,,
"Sep 05, 2023 03:05:52 pm",demo,Right,"General Practice",35,57,38,70.4,8.1,51,13,99,81,-37,4.05,0.16,18.4,,,
"Sep 05, 2023 03:05:46 pm",demo,Right,"General Practice",34,60,38,69.3,7.9,51,5,98,82,-39,4.03,0.15,17.8,,,
"Sep 05, 2023 03:05:41 pm",demo,Right,"General Practice",30,55,33,69.8,5.8,46,13,106,86,-34,4.03,0.15,18.1,,,
"Sep 05, 2023 03:05:35 pm",demo,Right,"General Practice",29,58,36,69.8,7.3,46,11,101,85,-41,4.08,0.15,18.5,,,
"Sep 05, 2023 03:05:30 pm",demo,Right,"General Practice",27,58,36,72.1,7,43,16,95,78,-40,4.15,0.16,18.2,,,
"Sep 05, 2023 03:05:26 pm",demo,Right,"General Practice",37,57,40,69,8.8,54,15,99,82,-38,4.04,0.15,17.4,,,
