﻿"©Blast Motion. All rights reserved."
"NOTE: Access to and use of this data is subject to the Blast Motion terms of use and end user license agreement, which can be found at https://blastmotion.com/terms-of-service/"
Email:,joey.polak30@gmail.com
Academy:,"Maryville University Baseball"
Sport:,Baseball
"Report Date:","Sep 11, 2023 07:51:45 pm"
"Date Range:","Aug 28, 2023 - Sep 11, 2023"

"First Name","Last Name","Total Swings","Plane Score","Connection Score","Rotation Score","Bat Speed (mph)","Rotational Acceleration (g)","On Plane Efficiency (%)","Attack Angle (deg)","Early Connection (deg)","Connection at Impact (deg)","Vertical Bat Angle (deg)","Power (kW)","Time to Contact (sec)","Peak Hand Speed (mph)","Ball Flight Swings","Exit Velocity (mph)","Launch Angle (deg)","Estimated Distance (feet)"
Colin,Bergmann,396,55,58,44,68.4,10.5,71,11,99,83,-24,3.93,0.15,18.7,0,0,0,0
Brady,Kindhart,228,62,56,51,67.8,13.1,79,11,93,77,-28,3.98,0.15,19.6,0,0,0,0
Michael,Long,220,52,53,66,70.7,19.6,69,13,106,84,-33,4.61,0.14,20.4,0,0,0,0
Elias,Stevens,216,45,58,57,70.9,15.7,62,11,92,80,-24,4.51,0.15,21.1,0,0,0,0
Matthew,Arnold,214,39,57,45,66.5,11,56,13,95,78,-30,3.79,0.15,18.9,0,0,0,0
Jack,Zebig,167,44,53,39,65.3,8.4,61,14,106,87,-38,3.45,0.16,20,0,0,0,0
Josh,Herget,159,49,53,52,68.9,13.8,66,12,102,81,-29,3.99,0.15,19.5,0,0,0,0
Michael,Gould,152,49,48,62,67.1,17.9,66,13,111,95,-28,4.28,0.14,22.1,0,0,0,0
Harry,Oden,149,58,52,54,65.9,14.4,75,11,108,86,-38,3.74,0.15,19.3,0,0,0,0
Camden,Ruby,142,59,55,56,70.8,15.4,75,8,81,79,-32,4.78,0.13,21.9,0,0,0,0
Steven,Schnieder,140,33,58,36,67.2,7.3,50,12,100,83,-38,3.65,0.16,18.1,0,0,0,0
Dominic,Sharp,140,49,56,58,66.7,16.1,66,12,106,88,-27,3.86,0.15,19.4,0,0,0,0
Jordan,Rosenberg,138,44,39,42,65.1,9.5,60,15,122,96,-38,3.47,0.16,19.7,0,0,0,0
Aaris,Stolte,121,51,64,41,64.1,9,67,8,94,82,-29,3.19,0.17,18.7,0,0,0,0
Jacob,Hager,111,50,52,52,72.3,13.7,67,12,92,72,-26,4.48,0.15,19.5,0,0,0,0
Nick,Daugherty,108,56,57,45,66.7,10.8,73,10,93,78,-28,3.49,0.16,20.4,0,0,0,0
Gavin,Schacher,107,56,54,47,63.2,11.5,73,8,85,74,-27,3.43,0.15,20.2,0,0,0,0
Andy,Bunton,104,60,53,39,60.8,8.4,77,15,108,91,-32,2.76,0.17,18.8,0,0,0,0
Matt,Schuler,86,63,55,61,72.8,17.5,79,9,86,76,-27,5.38,0.13,20.9,0,0,0,0
Jordan,Stucki,7,43,51,41,62.7,9.3,59,15,107,84,-31,2.91,0.17,17.3,0,0,0,0
